gender_male,height,weight,age,bmi,bsa,front_shoulder_width_px_ratio,front_chest_width_px_ratio,front_waist_width_px_ratio,front_hip_width_px_ratio,front_arm_length_px_ratio,front_torso_length_px_ratio,front_leg_length_px_ratio,side_chest_depth_px_ratio,side_waist_depth_px_ratio,side_hip_depth_px_ratio,side_thigh_depth_px_ratio,side_neck_depth_px_ratio,target_chest,target_waist,target_hip,target_shoulderWidth,target_neck,target_upperArm,target_armLength,target_wrist,target_thigh,target_inseam,target_outseam,target_torsoLength,target_height
1,179.2,87.6,57,27.26,2.088,0.25778,0.19803,0.19607,0.2149,0.3217,0.37044,0.59465,0.16832,0.12787,0.17583,0.04448,0.06963,113.3,97.6,111.8,47.0,44.3,28.9,58.6,18.6,26.8,79.9,108.3,67.5,179.2
1,174.5,88.1,18,28.94,2.066,0.26304,0.18608,0.19008,0.20161,0.32725,0.37684,0.60492,0.15817,0.12396,0.16496,0.04137,0.07111,105.1,93.3,103.5,47.3,44.6,28.2,58.8,18.7,24.6,80.2,108.7,67.7,174.5
1,180.4,77.5,21,23.81,1.97,0.2545,0.17539,0.18019,0.19063,0.3212,0.36987,0.59374,0.14908,0.11752,0.15597,0.03767,0.06853,101.2,90.4,100.0,46.7,43.9,26.2,59.0,18.6,22.9,80.4,109.0,67.9,180.4
1,186.9,79.8,47,22.83,2.035,0.25035,0.18282,0.19414,0.19894,0.31612,0.36402,0.58434,0.15539,0.12661,0.16277,0.04146,0.0674,107.3,99.1,106.2,46.8,44.0,28.0,59.1,18.7,25.6,80.6,109.2,68.0,186.9
1,173.7,64.2,29,21.27,1.76,0.2622,0.1832,0.18677,0.19919,0.33476,0.38548,0.6188,0.15572,0.12181,0.16298,0.04022,0.07038,101.1,89.6,99.9,46.1,43.2,26.1,58.8,18.5,23.4,80.2,108.7,67.7,173.7
1,173.7,66.8,52,22.11,1.795,0.26656,0.18864,0.18719,0.20502,0.33935,0.39077,0.62729,0.16034,0.12208,0.16774,0.0404,0.0716,101.6,87.7,100.4,45.7,42.8,25.6,58.2,18.3,22.9,79.3,107.5,67.0,173.7
1,187.3,136.7,30,38.95,2.667,0.28039,0.20895,0.23979,0.22635,0.33466,0.38537,0.61862,0.17761,0.15638,0.18519,0.05498,0.07664,123.4,123.1,121.5,52.7,50.3,37.9,62.9,20.5,34.2,85.8,116.3,72.4,187.3
1,181.3,99.1,69,30.17,2.234,0.25676,0.19893,0.203,0.21573,0.31694,0.36496,0.58586,0.16909,0.13239,0.1765,0.0456,0.06956,113.8,101.0,112.2,46.8,44.2,30.2,57.7,18.4,27.5,78.7,106.7,66.5,181.3
1,172.0,60.4,48,20.44,1.699,0.26409,0.16654,0.1789,0.18114,0.33835,0.38961,0.62543,0.14156,0.11667,0.1482,0.03566,0.07081,90.4,84.5,89.4,45.6,42.7,24.6,58.5,18.3,20.4,79.7,108.1,67.3,172.0
1,179.6,66.2,55,20.52,1.817,0.25406,0.18115,0.18822,0.19715,0.32442,0.37357,0.59968,0.15398,0.12275,0.1613,0.04001,0.06819,102.3,92.5,101.3,45.7,42.8,26.3,58.3,18.3,23.8,79.6,107.8,67.2,179.6
1,172.0,79.6,60,26.9,1.95,0.25882,0.19285,0.1943,0.20905,0.32459,0.37377,0.59999,0.16393,0.12672,0.17104,0.04279,0.06982,104.9,91.9,103.4,44.8,42.2,27.7,56.2,17.8,24.5,76.6,103.9,64.7,172.0
1,172.0,80.4,40,27.17,1.96,0.25635,0.18248,0.1953,0.19778,0.32121,0.36987,0.59375,0.15511,0.12737,0.16182,0.04148,0.06916,99.9,93.0,98.4,44.7,42.1,28.1,56.0,17.8,23.9,76.3,103.4,64.4,172.0
1,177.3,85.4,21,27.18,2.051,0.27309,0.18855,0.18102,0.20455,0.34124,0.39294,0.63078,0.16026,0.11806,0.16736,0.0387,0.07374,103.5,86.4,102.1,47.7,45.0,25.7,59.6,18.9,22.4,81.3,110.2,68.7,177.3
1,161.2,62.6,69,24.09,1.673,0.25606,0.17131,0.18628,0.18568,0.32574,0.37509,0.60212,0.14561,0.12149,0.15192,0.03766,0.0688,87.5,82.8,86.3,41.7,39.1,25.5,53.0,16.7,20.3,72.3,97.9,61.0,161.2
1,162.6,64.9,33,24.56,1.712,0.26096,0.19177,0.17442,0.20783,0.33126,0.38145,0.61233,0.163,0.11375,0.17004,0.03829,0.07016,98.5,77.9,97.0,42.7,40.0,24.0,54.2,17.1,20.7,73.9,100.1,62.4,162.6
1,171.3,77.1,24,26.29,1.916,0.26461,0.18526,0.18669,0.20086,0.33263,0.38303,0.61486,0.15747,0.12175,0.16434,0.03958,0.07133,99.1,86.8,97.6,45.0,42.4,26.1,56.6,17.9,22.3,77.2,104.6,65.2,171.3
1,167.9,71.5,39,25.35,1.826,0.26203,0.18841,0.18278,0.20426,0.33095,0.38109,0.61175,0.16015,0.1192,0.16712,0.03929,0.07054,98.9,83.4,97.5,43.8,41.1,25.3,55.3,17.5,21.7,75.4,102.2,63.7,167.9
1,177.9,56.8,46,17.94,1.674,0.24774,0.17748,0.16774,0.19336,0.31941,0.36781,0.59043,0.15086,0.10939,0.1582,0.03557,0.06631,100.5,82.6,99.6,44.7,41.7,23.2,57.6,18.0,21.2,78.5,106.4,66.3,177.9
1,168.7,68.8,28,24.18,1.796,0.27289,0.19515,0.18765,0.21173,0.34583,0.39823,0.63927,0.16587,0.12238,0.17323,0.04136,0.0734,102.3,85.5,100.9,45.5,42.7,25.7,57.7,18.2,22.8,78.7,106.6,66.4,168.7
1,164.9,59.9,50,22.03,1.657,0.25263,0.18146,0.182,0.19703,0.32293,0.37185,0.59692,0.15424,0.11869,0.16121,0.03816,0.06778,93.3,81.3,92.1,41.3,38.7,24.5,52.8,16.6,20.6,72.0,97.6,60.8,164.9
1,186.5,89.4,46,25.69,2.152,0.26685,0.18739,0.20278,0.20371,0.33361,0.38416,0.61667,0.15928,0.13225,0.16667,0.04384,0.07204,109.5,103.0,108.2,49.6,46.8,29.7,62.0,19.7,27.0,84.6,114.7,71.5,186.5
1,173.8,118.3,56,39.17,2.39,0.27431,0.20753,0.22526,0.22386,0.33033,0.38039,0.61062,0.1764,0.14691,0.18316,0.05097,0.0748,114.1,107.7,111.8,48.0,45.7,34.0,57.8,18.7,29.5,78.8,106.8,66.5,173.8
1,176.0,81.9,29,26.45,2.001,0.26771,0.19532,0.18037,0.21192,0.33556,0.3864,0.62028,0.16602,0.11764,0.17339,0.04022,0.07222,108.7,87.3,107.2,47.4,44.6,25.9,59.4,18.8,23.6,81.0,109.8,68.4,176.0
1,164.8,64.9,24,23.88,1.723,0.26608,0.18201,0.18828,0.1974,0.33813,0.38937,0.62504,0.15471,0.12279,0.16151,0.03974,0.07151,94.5,85.0,93.2,44.0,41.3,25.9,55.9,17.6,21.7,76.2,103.3,64.4,164.8
1,171.4,84.4,56,28.74,2.005,0.25903,0.18285,0.19937,0.19801,0.32301,0.37195,0.59708,0.15543,0.13002,0.16201,0.04244,0.06998,100.3,95.1,98.8,45.2,42.7,29.0,56.4,17.9,24.5,76.9,104.3,65.0,171.4
1,176.3,83.7,59,26.91,2.024,0.26636,0.1811,0.19483,0.19646,0.3333,0.3838,0.61611,0.15393,0.12706,0.16074,0.0409,0.07189,100.4,93.9,99.0,47.0,44.3,28.0,58.8,18.7,23.9,80.2,108.7,67.7,176.3
1,166.9,74.2,65,26.66,1.855,0.27513,0.18342,0.19699,0.19867,0.34622,0.39868,0.63998,0.15591,0.12847,0.16255,0.04112,0.07414,94.9,88.6,93.4,45.3,42.6,27.1,57.0,18.0,22.4,77.7,105.4,65.6,166.9
1,178.3,87.2,43,27.41,2.078,0.26757,0.19865,0.20329,0.21553,0.3339,0.38449,0.61721,0.16885,0.13258,0.17634,0.04521,0.07227,109.8,97.7,108.3,47.1,44.4,29.0,58.8,18.7,26.3,80.1,108.6,67.7,178.3
1,171.0,99.6,57,34.07,2.175,0.26189,0.19654,0.21772,0.21227,0.32112,0.36977,0.59358,0.16705,0.14199,0.17368,0.04782,0.07107,106.2,102.3,104.3,45.0,42.7,31.9,55.2,17.7,27.2,75.3,102.1,63.6,171.0
1,173.3,63.4,26,21.12,1.748,0.26041,0.18035,0.17495,0.19611,0.33269,0.3831,0.61497,0.1533,0.1141,0.16045,0.03647,0.06988,96.7,81.5,95.5,44.4,41.6,23.7,56.8,17.8,20.6,77.4,104.9,65.4,173.3
1,171.0,78.6,58,26.87,1.932,0.26343,0.19018,0.1999,0.20612,0.33058,0.38066,0.61107,0.16165,0.13037,0.16864,0.04246,0.07105,99.3,90.8,97.9,43.8,41.2,27.4,55.0,17.4,23.3,74.9,101.6,63.3,171.0
1,189.4,78.1,51,21.78,2.027,0.26132,0.18389,0.19891,0.20023,0.33088,0.38101,0.61162,0.15631,0.12972,0.16383,0.04293,0.0703,109.9,103.4,108.8,49.7,46.7,28.8,63.0,19.9,27.0,85.9,116.4,72.5,189.4
1,175.4,83.7,62,27.2,2.019,0.27227,0.19085,0.21139,0.20698,0.34052,0.39212,0.62945,0.16222,0.13786,0.16934,0.04569,0.0735,104.1,100.3,102.6,47.3,44.5,30.0,59.1,18.8,26.2,80.6,109.3,68.1,175.4
1,167.6,61.2,30,21.81,1.688,0.2489,0.17336,0.18397,0.18832,0.31803,0.36621,0.58787,0.14736,0.11998,0.15408,0.03854,0.06679,94.5,87.2,93.3,43.2,40.4,26.0,55.2,17.3,22.1,75.2,102.0,63.5,167.6
1,181.7,77.6,53,23.51,1.979,0.24811,0.18962,0.19134,0.20616,0.31328,0.36074,0.57909,0.16118,0.12479,0.16868,0.04249,0.0668,110.3,96.8,109.0,45.9,43.2,27.8,58.0,18.3,26.0,79.1,107.2,66.8,181.7
1,166.3,66.3,42,23.94,1.75,0.26559,0.19259,0.20146,0.20892,0.3372,0.38829,0.62331,0.1637,0.13138,0.17093,0.04427,0.0714,100.5,91.4,99.1,44.1,41.4,27.7,56.0,17.7,24.3,76.4,103.5,64.5,166.3
1,177.1,90.8,41,28.97,2.114,0.25234,0.18113,0.21465,0.19635,0.31347,0.36097,0.57944,0.15396,0.13999,0.16065,0.04542,0.06824,102.3,105.4,100.8,45.4,42.8,31.7,56.4,18.0,27.0,76.8,104.2,64.9,177.1
1,160.8,74.3,61,28.73,1.821,0.26276,0.19745,0.20309,0.21335,0.32958,0.37951,0.60922,0.16783,0.13245,0.17456,0.04384,0.07087,96.8,86.6,95.1,41.0,38.6,27.2,51.4,16.3,22.6,70.1,95.1,59.2,160.8
1,165.5,56.9,34,20.76,1.617,0.25857,0.1765,0.17596,0.19182,0.33177,0.38204,0.61328,0.15003,0.11476,0.15694,0.0362,0.0693,91.0,78.9,89.9,42.4,39.7,23.6,54.4,17.1,19.6,74.2,100.6,62.7,165.5
1,177.0,79.0,19,25.24,1.971,0.26747,0.18888,0.19456,0.20507,0.33647,0.38745,0.62195,0.16055,0.12688,0.16779,0.04179,0.07209,103.5,92.7,102.2,46.7,43.9,27.3,58.7,18.6,24.1,80.0,108.5,67.6,177.0
1,181.0,73.7,30,22.5,1.926,0.26245,0.18573,0.21172,0.20199,0.33264,0.38304,0.61488,0.15787,0.13808,0.16527,0.04571,0.07059,105.7,104.8,104.5,47.5,44.6,30.0,60.2,19.0,27.4,82.2,111.4,69.4,181.0
1,176.8,64.8,48,20.72,1.783,0.25409,0.17689,0.16944,0.19244,0.3246,0.37379,0.60003,0.15035,0.11051,0.15745,0.0357,0.06819,99.7,83.1,98.6,45.6,42.7,23.8,58.3,18.3,21.2,79.4,107.7,67.1,176.8
1,174.6,73.9,46,24.23,1.893,0.26824,0.18549,0.18602,0.20141,0.33896,0.39032,0.62656,0.15767,0.12132,0.16479,0.04012,0.07221,102.6,89.4,101.2,47.2,44.4,26.4,59.7,18.8,23.3,81.4,110.3,68.7,174.6
1,173.2,71.7,67,23.9,1.858,0.26204,0.18939,0.17998,0.20564,0.33169,0.38195,0.61313,0.16098,0.11738,0.16825,0.03909,0.0705,102.7,84.9,101.4,45.2,42.5,25.1,57.2,18.1,22.3,78.1,105.8,65.9,173.2
1,164.4,97.4,45,36.02,2.109,0.27255,0.20077,0.21414,0.21623,0.33361,0.38415,0.61667,0.17065,0.13965,0.17691,0.04741,0.074,104.7,97.1,102.5,45.2,42.9,31.0,55.4,17.8,26.0,75.5,102.4,63.8,164.4
1,170.1,77.3,44,26.71,1.911,0.26954,0.18675,0.18816,0.20239,0.33857,0.38987,0.62584,0.15874,0.12271,0.16559,0.03996,0.07267,98.8,86.6,97.3,45.4,42.7,26.2,57.0,18.1,22.3,77.8,105.4,65.7,170.1
1,172.0,60.3,32,20.36,1.697,0.25353,0.17798,0.18294,0.19358,0.3249,0.37412,0.60057,0.15128,0.11931,0.15838,0.03793,0.06798,95.2,85.1,94.1,43.2,40.4,24.8,55.3,17.3,21.4,75.4,102.2,63.7,172.0
1,183.4,77.4,48,23.0,1.985,0.26022,0.17726,0.17528,0.1928,0.3289,0.37874,0.60797,0.15067,0.11431,0.15775,0.03653,0.07004,102.1,87.8,101.0,47.7,44.8,25.1,60.3,19.1,22.2,82.3,111.5,69.5,183.4
1,178.1,92.5,57,29.17,2.139,0.26968,0.1836,0.20242,0.19905,0.33459,0.38529,0.61849,0.15606,0.13201,0.16286,0.04365,0.07296,105.6,101.2,104.1,49.4,46.6,30.3,61.3,19.5,26.4,83.5,113.2,70.5,178.1
1,162.3,90.2,32,34.24,2.016,0.2719,0.21493,0.22661,0.23155,0.33507,0.38584,0.61938,0.18269,0.14779,0.18945,0.05152,0.07369,106.8,97.9,104.6,43.0,40.7,31.3,53.0,17.0,27.0,72.3,98.0,61.0,162.3
1,177.9,62.5,50,19.73,1.757,0.25327,0.17459,0.17815,0.19005,0.32451,0.37368,0.59985,0.1484,0.11619,0.15549,0.03689,0.06791,97.9,86.9,96.9,45.2,42.3,24.7,57.9,18.2,21.8,79.0,107.1,66.7,177.9
1,172.6,56.2,37,18.88,1.642,0.26762,0.17797,0.18482,0.19374,0.34458,0.39679,0.63696,0.15128,0.12054,0.15852,0.03756,0.07166,92.7,83.7,91.8,44.4,41.5,24.1,57.2,17.9,20.6,77.9,105.7,65.8,172.6
1,170.4,96.2,59,33.14,2.135,0.26832,0.20194,0.2109,0.21817,0.33011,0.38012,0.6102,0.17165,0.13754,0.1785,0.04677,0.07276,107.1,97.2,105.2,45.3,42.9,30.3,55.7,17.8,26.1,76.0,103.0,64.2,170.4
1,180.1,86.1,29,26.53,2.075,0.25889,0.18888,0.19833,0.20506,0.32374,0.37279,0.59843,0.16055,0.12935,0.16778,0.04312,0.06989,107.2,97.9,105.8,46.8,44.1,28.8,58.5,18.6,25.8,79.8,108.1,67.3,180.1
1,183.2,73.8,54,21.97,1.938,0.25935,0.18378,0.18867,0.19997,0.32901,0.37885,0.60816,0.15622,0.12304,0.16361,0.04025,0.06973,105.1,93.8,103.9,47.2,44.3,26.6,59.9,18.9,24.2,81.7,110.7,69.0,183.2
1,182.5,90.3,26,27.12,2.14,0.26408,0.19349,0.19931,0.21011,0.32917,0.37904,0.60846,0.16447,0.12998,0.17191,0.04501,0.07135,114.4,102.5,112.9,49.7,46.9,30.0,61.9,19.7,28.0,84.5,114.5,71.3,182.5
1,169.2,48.7,40,17.0,1.513,0.25759,0.17973,0.18509,0.19584,0.33416,0.38479,0.6177,0.15277,0.12071,0.16023,0.03877,0.06883,94.1,84.3,93.2,42.9,40.0,24.3,55.7,17.4,21.4,75.9,102.9,64.1,169.2
1,173.2,75.1,25,25.04,1.901,0.26454,0.19073,0.19351,0.20698,0.3336,0.38415,0.61666,0.16212,0.12621,0.16935,0.04109,0.07125,99.9,88.2,98.6,44.1,41.5,26.2,55.6,17.6,22.7,75.9,102.8,64.1,173.2
1,178.0,83.3,49,26.29,2.029,0.24743,0.18108,0.18799,0.19655,0.30999,0.35696,0.57302,0.15392,0.1226,0.16081,0.04045,0.06676,104.5,94.4,103.1,45.5,42.8,27.9,57.0,18.1,24.6,77.7,105.3,65.6,178.0
1,182.8,96.1,65,28.75,2.209,0.27683,0.19027,0.20967,0.20651,0.34308,0.39506,0.63418,0.16173,0.13674,0.16896,0.04576,0.07492,109.8,105.2,108.3,50.8,48.0,31.1,63.0,20.1,27.8,85.9,116.4,72.5,182.8
1,171.9,63.5,31,21.5,1.742,0.25692,0.18562,0.17359,0.20176,0.32801,0.3777,0.60632,0.15777,0.11321,0.16508,0.03745,0.06896,100.4,81.6,99.2,44.2,41.4,23.9,56.5,17.7,21.3,77.0,104.4,65.0,171.9
1,174.1,76.9,44,25.35,1.928,0.26782,0.18796,0.1806,0.20397,0.33724,0.38833,0.62338,0.15976,0.11778,0.16688,0.03863,0.07216,101.5,84.8,100.1,46.0,43.3,25.2,58.0,18.3,22.0,79.0,107.1,66.7,174.1
1,167.2,60.9,42,21.78,1.682,0.26226,0.17652,0.19158,0.19175,0.33517,0.38596,0.61956,0.15004,0.12494,0.15689,0.03869,0.07037,89.9,84.8,88.8,42.5,39.8,25.3,54.3,17.1,20.7,74.1,100.4,62.6,167.2
1,166.5,72.1,30,26.01,1.826,0.26485,0.18767,0.1983,0.20334,0.33403,0.38464,0.61744,0.15952,0.12933,0.16637,0.04239,0.07133,97.6,89.7,96.2,43.9,41.2,27.4,55.3,17.5,23.2,75.4,102.2,63.7,166.5
1,181.6,72.2,38,21.88,1.908,0.27605,0.18041,0.18759,0.19627,0.35054,0.40366,0.64797,0.15335,0.12234,0.16058,0.03872,0.0742,99.7,90.2,98.6,48.6,45.6,25.7,61.7,19.4,22.5,84.1,114.0,71.0,181.6
1,185.7,81.2,62,23.54,2.046,0.2591,0.19919,0.18787,0.21667,0.32653,0.376,0.60358,0.16931,0.12252,0.17728,0.04265,0.0698,115.9,95.0,114.6,48.0,45.1,27.1,60.5,19.1,26.1,82.5,111.8,69.6,185.7
1,175.0,66.0,48,21.56,1.791,0.263,0.17765,0.18067,0.19315,0.33528,0.38608,0.61976,0.151,0.11783,0.15804,0.03748,0.07062,97.0,85.8,95.9,45.7,42.8,24.9,58.3,18.3,21.5,79.5,107.7,67.1,175.0
1,183.0,92.4,54,27.6,2.168,0.25907,0.19229,0.19463,0.20879,0.3223,0.37113,0.59577,0.16344,0.12693,0.17083,0.0426,0.07003,110.0,96.8,108.6,47.2,44.5,28.4,58.7,18.7,25.7,80.0,108.5,67.6,183.0
1,178.2,90.4,65,28.47,2.116,0.28116,0.19774,0.21091,0.21445,0.34964,0.40261,0.6463,0.16808,0.13755,0.17546,0.04647,0.07601,108.7,100.8,107.2,49.2,46.4,30.1,61.2,19.5,26.9,83.4,113.1,70.5,178.2
1,170.7,70.4,60,24.16,1.827,0.26036,0.18213,0.17997,0.19766,0.32967,0.37962,0.60939,0.15481,0.11737,0.16173,0.03818,0.07004,98.3,84.4,97.0,44.7,42.0,25.2,56.6,17.9,21.7,77.2,104.7,65.2,170.7
1,178.2,79.9,22,25.17,1.989,0.26346,0.18835,0.19429,0.20454,0.33129,0.38149,0.61239,0.1601,0.12671,0.16735,0.04175,0.07101,104.2,93.4,102.8,46.4,43.6,27.4,58.3,18.5,24.3,79.5,107.8,67.2,178.2
1,187.0,70.5,30,20.14,1.913,0.25254,0.18027,0.17425,0.19635,0.32198,0.37076,0.59517,0.15323,0.11364,0.16065,0.03749,0.06781,107.9,90.7,106.9,48.1,45.1,25.1,61.4,19.3,23.6,83.7,113.4,70.6,187.0
1,175.2,73.5,45,23.93,1.891,0.2572,0.19297,0.17867,0.20959,0.32524,0.37452,0.6012,0.16403,0.11652,0.17148,0.03963,0.06922,106.7,85.9,105.3,45.3,42.5,25.2,57.2,18.1,23.1,78.0,105.8,65.9,175.2
1,187.2,87.1,60,24.84,2.128,0.25835,0.19126,0.20004,0.208,0.32385,0.37292,0.59863,0.16257,0.13046,0.17018,0.04437,0.0697,113.6,103.3,112.3,48.8,46.0,29.5,61.2,19.4,27.7,83.5,113.2,70.5,187.2
1,155.9,90.1,42,37.08,1.975,0.25607,0.20962,0.21107,0.22499,0.31426,0.36188,0.58091,0.17817,0.13766,0.18409,0.04732,0.06948,102.5,89.7,100.0,39.9,37.7,29.5,48.9,15.7,24.4,66.7,90.4,56.3,155.9
1,181.7,69.9,68,21.18,1.878,0.25751,0.17562,0.18608,0.19112,0.32779,0.37746,0.60592,0.14928,0.12135,0.15637,0.03871,0.06917,100.7,92.8,99.6,47.0,44.1,26.3,59.8,18.8,23.4,81.6,110.6,68.9,181.7
1,176.2,96.7,52,31.18,2.176,0.27124,0.20161,0.19802,0.21831,0.33467,0.38537,0.61862,0.17137,0.12914,0.17861,0.04399,0.07349,109.7,93.7,108.0,47.0,44.4,28.5,58.0,18.5,25.2,79.0,107.2,66.8,176.2
1,173.3,87.2,64,29.06,2.049,0.26424,0.19098,0.19316,0.20686,0.32883,0.37866,0.60784,0.16233,0.12598,0.16925,0.04229,0.07143,105.3,92.6,103.7,46.4,43.8,28.1,57.7,18.4,24.6,78.7,106.7,66.5,173.3
1,176.2,81.0,56,26.1,1.991,0.25349,0.18578,0.19636,0.20161,0.31807,0.36626,0.58794,0.15792,0.12806,0.16495,0.04286,0.06837,105.6,97.0,104.2,45.9,43.2,28.8,57.5,18.2,25.6,78.5,106.4,66.3,176.2
1,160.6,84.0,24,32.58,1.936,0.25672,0.19909,0.2233,0.2146,0.3183,0.36652,0.58837,0.16922,0.14563,0.17558,0.04981,0.06947,102.5,100.0,100.5,42.1,39.7,31.9,52.2,16.6,27.0,71.2,96.5,60.1,160.6
1,173.9,80.0,55,26.46,1.965,0.26689,0.19042,0.18318,0.20652,0.33487,0.38561,0.619,0.16185,0.11947,0.16897,0.03942,0.07198,102.5,85.7,101.0,45.7,43.0,25.6,57.4,18.2,22.3,78.2,106.0,66.1,173.9
1,178.2,84.2,49,26.53,2.042,0.25143,0.18472,0.19267,0.20048,0.31471,0.3624,0.58174,0.15701,0.12565,0.16403,0.04152,0.06786,104.9,95.2,103.5,45.5,42.8,28.1,56.9,18.1,24.8,77.6,105.2,65.5,178.2
1,186.6,86.4,20,24.83,2.117,0.26549,0.19279,0.19941,0.20965,0.33292,0.38336,0.6154,0.16387,0.13005,0.17153,0.04398,0.07162,112.3,101.0,111.1,49.2,46.4,28.9,61.7,19.6,27.0,84.2,114.1,71.1,186.6
1,171.6,88.6,62,30.07,2.055,0.25477,0.18265,0.19772,0.19767,0.31631,0.36423,0.58469,0.15525,0.12895,0.16173,0.04154,0.06891,98.9,93.1,97.3,43.9,41.5,28.5,54.5,17.4,23.7,74.4,100.8,62.8,171.6
1,169.4,84.7,56,29.5,1.997,0.27428,0.19352,0.21126,0.2094,0.34157,0.39332,0.63138,0.16449,0.13778,0.17133,0.04569,0.07413,101.8,96.6,100.1,45.9,43.3,29.7,57.2,18.2,25.3,78.0,105.7,65.8,169.4
1,171.7,67.2,54,22.79,1.791,0.26221,0.18167,0.1801,0.19733,0.33336,0.38387,0.61621,0.15442,0.11746,0.16146,0.03817,0.07046,98.4,84.8,97.1,45.2,42.4,25.0,57.4,18.1,21.8,78.3,106.2,66.2,171.7
1,182.4,68.3,67,20.53,1.86,0.26446,0.18359,0.19303,0.19985,0.33732,0.38843,0.62353,0.15605,0.12589,0.16352,0.04017,0.071,101.0,92.3,99.9,46.3,43.4,26.0,59.1,18.6,23.3,80.5,109.2,68.0,182.4
1,178.0,76.9,39,24.28,1.95,0.27261,0.19768,0.19324,0.21475,0.34388,0.39599,0.63566,0.16803,0.12603,0.1757,0.04261,0.07342,107.5,91.3,106.1,47.2,44.3,26.7,59.5,18.8,24.4,81.1,110.0,68.5,178.0
1,171.5,65.3,25,22.2,1.764,0.25839,0.1755,0.19399,0.19068,0.32917,0.37905,0.60847,0.14917,0.12652,0.15601,0.04013,0.0694,95.0,91.3,93.9,44.5,41.7,26.9,56.7,17.8,22.9,77.4,104.9,65.3,171.5
1,179.3,79.7,34,24.79,1.993,0.2552,0.18529,0.18686,0.20128,0.32115,0.36981,0.59364,0.1575,0.12187,0.16469,0.04027,0.06877,105.1,92.2,103.8,46.1,43.3,26.9,58.0,18.4,24.0,79.1,107.2,66.8,179.3
1,176.2,93.6,69,30.13,2.14,0.26778,0.20577,0.21146,0.22291,0.33153,0.38176,0.61282,0.1749,0.13791,0.18238,0.04679,0.07249,108.8,97.2,107.2,45.1,42.6,29.4,55.8,17.8,26.0,76.1,103.1,64.3,176.2
1,182.8,78.1,44,23.37,1.991,0.25875,0.19013,0.19484,0.20675,0.32671,0.37622,0.60393,0.16161,0.12707,0.16916,0.04329,0.06967,111.0,98.9,109.7,48.1,45.2,28.3,60.7,19.2,26.6,82.8,112.2,69.9,182.8
1,170.2,72.1,50,24.87,1.846,0.25681,0.18565,0.18356,0.20139,0.32449,0.37365,0.59981,0.1578,0.11971,0.16478,0.03928,0.06913,99.4,85.4,98.0,43.8,41.1,25.6,55.3,17.5,22.1,75.4,102.2,63.7,170.2
1,173.0,75.6,63,25.25,1.906,0.26767,0.19222,0.19364,0.20857,0.33734,0.38845,0.62357,0.16339,0.12629,0.17065,0.04251,0.0721,104.5,91.5,103.0,46.3,43.5,27.3,58.4,18.5,24.3,79.6,107.9,67.2,173.0
1,172.6,84.6,34,28.42,2.014,0.26459,0.19556,0.18553,0.21186,0.33008,0.38009,0.61015,0.16623,0.12099,0.17334,0.04097,0.07147,106.0,87.5,104.4,45.7,43.1,26.5,57.0,18.1,23.4,77.7,105.3,65.6,172.6
1,164.5,48.4,59,17.87,1.487,0.24458,0.17085,0.16283,0.18602,0.3169,0.36491,0.58578,0.14522,0.10619,0.1522,0.03377,0.06537,90.7,75.1,89.7,41.3,38.5,22.2,53.5,16.7,18.9,73.0,99.0,61.6,164.5
1,177.7,72.2,29,22.85,1.888,0.27167,0.17941,0.1929,0.19502,0.34441,0.3966,0.63664,0.1525,0.12581,0.15956,0.04026,0.07306,99.4,93.0,98.3,47.9,45.0,27.0,60.8,19.2,23.5,82.9,112.3,70.0,177.7
1,177.5,81.4,65,25.83,2.003,0.26208,0.17783,0.18487,0.19304,0.32895,0.37879,0.60805,0.15115,0.12057,0.15794,0.03878,0.07068,100.6,90.9,99.3,47.2,44.4,26.8,59.2,18.8,23.1,80.8,109.5,68.2,177.5
1,175.5,92.3,63,29.96,2.122,0.25215,0.19925,0.20416,0.21583,0.31246,0.35981,0.57759,0.16936,0.13315,0.17659,0.04493,0.06824,107.6,95.8,105.9,43.3,40.9,29.0,53.7,17.1,25.5,73.2,99.3,61.8,175.5
1,173.7,70.2,44,23.25,1.84,0.25204,0.1771,0.18819,0.19237,0.31965,0.36809,0.59087,0.15053,0.12273,0.1574,0.03968,0.06777,98.8,91.3,97.6,44.8,42.0,26.9,56.8,17.9,23.3,77.4,105.0,65.4,173.7
1,164.9,51.4,65,18.89,1.534,0.24872,0.18132,0.17318,0.19729,0.32115,0.36981,0.59364,0.15413,0.11295,0.16142,0.03677,0.06654,93.8,77.9,92.8,41.0,38.3,23.1,52.9,16.5,20.0,72.1,97.8,60.9,164.9
1,172.3,81.6,25,27.47,1.976,0.25083,0.18787,0.19763,0.20361,0.31393,0.36149,0.58029,0.15969,0.12889,0.16659,0.04352,0.0677,105.2,96.2,103.7,44.7,42.1,29.1,56.0,17.8,25.7,76.3,103.4,64.4,172.3
1,172.9,68.0,40,22.75,1.808,0.25055,0.17628,0.1829,0.19151,0.31841,0.36666,0.58858,0.14984,0.11928,0.15669,0.03876,0.06734,99.0,89.3,97.7,44.8,42.0,26.3,56.9,17.9,22.9,77.6,105.2,65.5,172.9
1,169.5,60.1,59,20.94,1.683,0.2563,0.17152,0.18345,0.18646,0.32815,0.37787,0.60658,0.14579,0.11964,0.15256,0.03757,0.06874,92.5,86.0,91.4,44.0,41.2,25.3,56.3,17.7,21.3,76.8,104.1,64.9,169.5
1,174.3,69.2,66,22.79,1.831,0.25848,0.18432,0.19501,0.20027,0.32825,0.37799,0.60677,0.15667,0.12718,0.16386,0.04205,0.06948,102.0,93.8,100.7,45.5,42.7,27.5,57.8,18.2,24.5,78.8,106.9,66.6,174.3
1,178.5,77.6,46,24.34,1.962,0.27325,0.18478,0.19891,0.20074,0.34453,0.39673,0.63685,0.15706,0.12973,0.16424,0.0419,0.0736,101.4,94.9,100.2,47.7,44.9,27.7,60.2,19.0,24.2,82.1,111.3,69.3,178.5
1,189.6,82.2,67,22.86,2.081,0.26484,0.1817,0.20269,0.19778,0.334,0.3846,0.61739,0.15444,0.13219,0.16182,0.04316,0.07133,108.3,105.1,107.2,50.3,47.2,29.5,63.4,20.0,27.1,86.4,117.2,73.0,189.6
1,176.8,56.2,37,17.98,1.661,0.26385,0.17474,0.18733,0.19036,0.34026,0.39182,0.62897,0.14853,0.12217,0.15575,0.03823,0.07062,95.2,88.8,94.3,45.8,42.8,25.0,59.0,18.5,21.9,80.5,109.1,68.0,176.8
1,177.4,90.1,33,28.63,2.108,0.26495,0.1909,0.19637,0.20698,0.32944,0.37936,0.60897,0.16227,0.12807,0.16935,0.04288,0.07164,107.0,95.7,105.5,47.3,44.6,28.7,58.8,18.7,25.3,80.2,108.7,67.7,177.4
1,174.9,92.7,34,30.3,2.123,0.27585,0.20349,0.21749,0.22036,0.34157,0.39332,0.63139,0.17296,0.14184,0.1803,0.04897,0.07467,110.8,103.0,109.1,47.8,45.2,31.3,59.2,18.9,28.1,80.7,109.5,68.2,174.9
1,161.1,71.6,33,27.6,1.79,0.25774,0.1861,0.19558,0.20124,0.32434,0.37349,0.59955,0.15818,0.12755,0.16465,0.04178,0.06946,95.2,87.0,93.6,42.0,39.5,27.2,52.8,16.7,22.5,72.0,97.7,60.8,161.1
1,175.3,64.8,36,21.1,1.777,0.25394,0.17655,0.17906,0.19201,0.32418,0.3733,0.59924,0.15007,0.11678,0.1571,0.03754,0.06816,98.4,86.8,97.3,45.1,42.2,25.1,57.5,18.1,22.0,78.4,106.3,66.2,175.3
1,176.0,75.2,25,24.28,1.917,0.24454,0.17261,0.18833,0.18746,0.30875,0.35553,0.57073,0.14672,0.12282,0.15338,0.03909,0.06584,98.1,93.1,96.8,44.2,41.6,27.4,55.9,17.6,23.4,76.2,103.2,64.3,176.0
1,194.0,94.1,55,25.0,2.251,0.27119,0.19431,0.20682,0.21151,0.33867,0.38998,0.62602,0.16516,0.13488,0.17305,0.04602,0.07324,117.8,109.0,116.6,52.3,49.3,30.7,65.4,20.8,29.4,89.1,120.8,75.3,194.0
1,174.1,83.0,55,27.38,2.003,0.26446,0.18655,0.2025,0.20225,0.33079,0.38091,0.61146,0.15857,0.13206,0.16547,0.0432,0.07139,101.6,95.9,100.1,45.9,43.2,28.8,57.4,18.2,24.8,78.2,106.0,66.0,174.1
1,177.8,87.4,46,27.67,2.078,0.28338,0.19431,0.21664,0.21078,0.35344,0.40699,0.65332,0.16517,0.14129,0.17246,0.04742,0.07656,107.3,104.0,105.8,49.8,47.0,31.0,62.1,19.7,27.6,84.7,114.8,71.5,177.8
1,175.2,68.8,58,22.42,1.831,0.25837,0.18169,0.19586,0.19748,0.32838,0.37813,0.607,0.15444,0.12774,0.16157,0.04139,0.06944,99.7,93.5,98.5,45.1,42.3,27.2,57.4,18.1,23.9,78.2,106.0,66.1,175.2
1,166.7,70.4,53,25.34,1.806,0.26954,0.19641,0.20186,0.21289,0.34063,0.39224,0.62965,0.16695,0.13165,0.17419,0.04391,0.07255,99.8,89.2,98.4,43.6,41.0,27.1,55.1,17.4,23.5,75.2,101.9,63.5,166.7
1,184.1,90.8,43,26.81,2.155,0.26827,0.19085,0.19138,0.20732,0.33449,0.38517,0.6183,0.16222,0.12481,0.16963,0.04181,0.07248,110.1,96.0,108.7,49.3,46.4,28.0,61.4,19.5,25.4,83.7,113.5,70.7,184.1
1,181.1,102.2,48,31.14,2.267,0.26619,0.19993,0.20992,0.21674,0.32753,0.37715,0.60543,0.16994,0.1369,0.17733,0.04658,0.07218,112.1,102.4,110.5,47.5,45.0,30.8,58.5,18.7,27.5,79.7,108.1,67.3,181.1
1,181.4,91.6,61,27.82,2.148,0.26584,0.19417,0.20038,0.21076,0.33075,0.38086,0.61139,0.16505,0.13068,0.17244,0.04443,0.07186,111.2,99.8,109.7,48.5,45.7,29.5,60.3,19.2,26.8,82.2,111.5,69.4,181.4
1,168.7,80.2,29,28.17,1.938,0.26035,0.19971,0.20142,0.21621,0.32573,0.37508,0.6021,0.16975,0.13136,0.1769,0.04556,0.07027,107.3,94.1,105.6,44.5,41.9,28.8,55.7,17.7,25.8,76.0,103.0,64.1,168.7
1,186.0,87.7,34,25.34,2.129,0.26479,0.19647,0.20325,0.2136,0.33153,0.38176,0.61282,0.167,0.13256,0.17476,0.04524,0.07146,113.6,102.2,112.3,48.7,45.9,29.4,61.0,19.4,27.5,83.2,112.8,70.3,186.0
1,165.0,84.2,32,30.93,1.964,0.27137,0.19293,0.20505,0.20839,0.33729,0.38839,0.62347,0.16399,0.13373,0.1705,0.04442,0.07338,100.1,92.5,98.3,44.8,42.3,29.0,55.7,17.7,24.3,76.0,103.0,64.2,165.0
1,179.9,86.1,26,26.61,2.075,0.2624,0.19259,0.2011,0.20908,0.32808,0.37779,0.60645,0.1637,0.13115,0.17106,0.04384,0.07084,107.5,97.6,106.1,46.6,43.9,28.7,58.3,18.5,25.8,79.5,107.8,67.1,179.9
1,191.9,81.0,56,22.0,2.078,0.26393,0.18309,0.19599,0.1994,0.33357,0.38411,0.6166,0.15562,0.12782,0.16314,0.04186,0.07104,109.8,102.2,108.7,50.4,47.3,28.3,63.7,20.1,26.4,86.8,117.7,73.3,191.9
1,168.1,87.3,59,30.89,2.018,0.27044,0.18651,0.19523,0.2016,0.33556,0.3864,0.62028,0.15853,0.12733,0.16495,0.04169,0.07316,99.7,90.7,97.9,46.0,43.4,28.2,57.1,18.2,23.4,77.8,105.5,65.7,168.1
1,171.3,81.5,65,27.79,1.969,0.26426,0.19022,0.21526,0.20607,0.33058,0.38067,0.61107,0.16168,0.14039,0.16861,0.04607,0.07133,100.7,99.1,99.2,44.5,42.0,30.1,55.7,17.7,25.7,76.0,103.0,64.2,171.3
1,176.2,72.7,29,23.42,1.887,0.2557,0.17808,0.17178,0.19349,0.32375,0.37281,0.59845,0.15137,0.11203,0.15831,0.03615,0.06879,99.9,83.8,98.7,45.7,42.9,24.5,57.8,18.2,21.3,78.8,106.9,66.6,176.2
1,171.7,68.7,49,23.29,1.81,0.27475,0.18914,0.20119,0.2054,0.34872,0.40156,0.6446,0.16077,0.13121,0.16805,0.0435,0.07387,101.1,93.5,99.8,46.7,43.9,27.7,59.3,18.7,24.5,80.9,109.7,68.3,171.7
1,163.9,70.3,42,26.17,1.788,0.26899,0.18411,0.19647,0.19937,0.33954,0.39098,0.62763,0.15649,0.12813,0.16312,0.04092,0.07243,93.0,86.3,91.5,43.2,40.6,26.6,54.6,17.3,21.8,74.4,100.9,62.9,163.9
1,176.0,83.1,56,26.83,2.016,0.25944,0.19626,0.20402,0.2129,0.32477,0.37398,0.60034,0.16682,0.13305,0.17419,0.0456,0.07002,109.2,98.7,107.6,45.9,43.3,29.4,57.5,18.2,26.7,78.4,106.3,66.2,176.0
1,167.5,72.4,35,25.78,1.835,0.2704,0.19425,0.19925,0.21053,0.34111,0.39279,0.63054,0.16511,0.12995,0.17225,0.04337,0.07282,100.5,89.6,99.0,44.5,41.9,27.3,56.2,17.8,23.6,76.6,103.8,64.7,167.5
1,179.1,84.1,32,26.22,2.045,0.26204,0.19069,0.2005,0.20702,0.3282,0.37792,0.60667,0.16209,0.13076,0.16938,0.04361,0.07071,106.6,97.5,105.2,46.6,43.9,28.7,58.4,18.5,25.7,79.7,108.0,67.3,179.1
1,168.6,91.8,49,32.3,2.074,0.26217,0.19897,0.21521,0.21495,0.32376,0.37281,0.59846,0.16912,0.14036,0.17587,0.04716,0.07102,104.1,97.9,102.2,43.6,41.3,30.5,53.9,17.2,26.0,73.5,99.6,62.1,168.6
1,187.1,102.9,23,29.39,2.313,0.27139,0.19017,0.20975,0.20653,0.3348,0.38553,0.61888,0.16165,0.13679,0.16898,0.04609,0.07353,113.2,108.6,111.8,51.4,48.6,31.9,63.4,20.3,28.9,86.5,117.3,73.1,187.1
1,169.6,74.1,61,25.75,1.869,0.25689,0.18918,0.19152,0.20511,0.32376,0.37281,0.59846,0.1608,0.1249,0.16781,0.04135,0.0692,100.5,88.5,99.0,43.4,40.8,26.7,54.7,17.3,23.1,74.6,101.2,63.0,169.6
1,173.1,86.4,60,28.82,2.038,0.27207,0.19432,0.20505,0.21049,0.33887,0.39021,0.6264,0.16517,0.13373,0.17222,0.04575,0.07353,107.9,99.0,106.3,48.1,45.4,30.0,59.9,19.1,26.8,81.7,110.8,69.0,173.1
1,181.6,70.7,69,21.44,1.888,0.26352,0.1833,0.18263,0.19944,0.33516,0.38594,0.61954,0.1558,0.11911,0.16318,0.03835,0.07081,102.0,88.3,100.9,46.7,43.8,25.1,59.3,18.7,22.5,80.9,109.7,68.3,181.6
1,166.3,73.4,52,26.57,1.842,0.26501,0.1736,0.18861,0.18803,0.33368,0.38424,0.61681,0.14756,0.12301,0.15384,0.03904,0.07141,93.5,88.3,92.1,45.4,42.7,27.1,57.2,18.1,22.1,78.0,105.8,65.9,166.3
1,177.2,103.1,51,32.83,2.253,0.26033,0.20221,0.21714,0.21887,0.31926,0.36763,0.59015,0.17188,0.14162,0.17907,0.04898,0.07065,113.2,105.7,111.4,46.4,43.9,32.3,56.9,18.2,28.9,77.6,105.1,65.5,177.2
1,185.3,83.2,55,24.22,2.069,0.26408,0.18664,0.19822,0.20296,0.33206,0.38237,0.61381,0.15864,0.12927,0.16606,0.04333,0.07118,110.2,101.8,108.9,49.6,46.7,29.1,62.4,19.8,26.9,85.1,115.4,71.9,185.3
1,163.4,58.9,22,22.04,1.635,0.26323,0.17632,0.18914,0.19143,0.33667,0.38768,0.62233,0.14987,0.12335,0.15662,0.03871,0.07062,89.6,83.6,88.5,42.6,39.9,25.3,54.5,17.1,20.7,74.3,100.7,62.7,163.4
1,176.9,71.0,35,22.7,1.868,0.27206,0.18488,0.19045,0.20095,0.34521,0.39752,0.63812,0.15714,0.12421,0.16441,0.04001,0.07315,99.9,89.4,98.7,46.8,43.9,26.0,59.3,18.7,22.7,80.9,109.7,68.3,176.9
1,177.4,66.9,33,21.25,1.816,0.26646,0.1787,0.19341,0.19438,0.33969,0.39116,0.62792,0.1519,0.12614,0.15904,0.04027,0.07155,98.7,92.8,97.6,46.8,43.9,26.7,59.7,18.8,23.4,81.4,110.3,68.7,177.4
1,181.4,73.2,25,22.25,1.92,0.26903,0.18776,0.19105,0.20423,0.34123,0.39293,0.63075,0.1596,0.1246,0.1671,0.04025,0.07234,102.4,90.6,101.3,46.7,43.9,25.9,59.3,18.7,23.1,80.8,109.5,68.2,181.4
1,166.2,65.4,42,23.68,1.738,0.24765,0.1779,0.19708,0.19301,0.31472,0.3624,0.58175,0.15122,0.12853,0.15792,0.04149,0.06656,94.9,91.4,93.6,42.0,39.4,27.6,53.4,16.8,23.3,72.8,98.7,61.5,166.2
1,165.6,55.6,49,20.27,1.599,0.25152,0.17352,0.17623,0.18864,0.32323,0.3722,0.59749,0.14749,0.11493,0.15434,0.03662,0.06738,92.1,81.3,91.0,42.5,39.7,24.2,54.6,17.1,20.5,74.4,100.9,62.9,165.6
1,179.4,80.8,43,25.09,2.006,0.26014,0.18165,0.17967,0.1973,0.32703,0.37658,0.60451,0.1544,0.11718,0.16143,0.03833,0.07013,103.8,89.3,102.5,47.3,44.5,26.1,59.5,18.8,23.1,81.1,109.9,68.5,179.4
1,177.7,90.5,69,28.66,2.114,0.26344,0.18884,0.19255,0.20476,0.32748,0.3771,0.60534,0.16052,0.12557,0.16753,0.0415,0.07123,105.2,93.3,103.7,46.7,44.1,27.9,58.1,18.5,24.3,79.2,107.4,66.9,177.7
1,177.4,68.7,39,21.84,1.84,0.25679,0.17848,0.18367,0.19408,0.32672,0.37622,0.60394,0.15171,0.11979,0.15879,0.03891,0.06899,101.0,90.4,99.9,46.3,43.4,26.1,58.9,18.5,23.2,80.3,108.8,67.8,177.4
1,178.1,99.7,48,31.43,2.221,0.26672,0.19593,0.20708,0.21223,0.32843,0.37819,0.6071,0.16654,0.13505,0.17364,0.04603,0.0723,110.9,101.9,109.2,48.0,45.5,30.9,59.2,18.9,27.4,80.7,109.4,68.1,178.1
1,170.4,78.5,60,27.02,1.927,0.26064,0.18901,0.21392,0.20482,0.32701,0.37656,0.60447,0.16066,0.13951,0.16758,0.04584,0.0703,100.2,98.7,98.8,44.0,41.4,29.9,55.2,17.5,25.6,75.3,102.1,63.6,170.4
1,177.2,91.8,27,29.21,2.126,0.26301,0.19664,0.19095,0.21315,0.32642,0.37588,0.60339,0.16714,0.12453,0.17439,0.04295,0.07115,111.6,94.2,109.9,47.5,44.9,28.3,59.0,18.8,25.7,80.4,109.0,67.9,177.2
1,177.7,71.6,29,22.68,1.88,0.25436,0.18346,0.18528,0.19944,0.32266,0.37154,0.59643,0.15594,0.12084,0.16318,0.04007,0.0684,104.2,91.5,103.0,46.0,43.2,26.5,58.3,18.4,24.0,79.5,107.8,67.2,177.7
1,170.1,82.4,45,28.45,1.973,0.25895,0.18091,0.19002,0.19589,0.32343,0.37244,0.59786,0.15377,0.12393,0.16027,0.03977,0.06993,97.3,88.9,95.8,44.3,41.8,27.1,55.4,17.6,22.5,75.5,102.3,63.7,170.1
1,189.5,76.3,23,21.25,2.004,0.26302,0.1855,0.18272,0.20202,0.33367,0.38422,0.61678,0.15768,0.11917,0.16529,0.03972,0.07072,110.9,95.0,109.8,50.1,47.0,26.4,63.5,20.0,25.0,86.6,117.4,73.1,189.5
1,179.1,91.7,37,28.6,2.136,0.26544,0.19955,0.21891,0.21643,0.32979,0.37976,0.60962,0.16962,0.14277,0.17708,0.04867,0.07178,110.6,105.5,109.0,46.8,44.2,31.4,58.2,18.5,28.4,79.3,107.5,67.0,179.1
1,166.6,71.3,22,25.68,1.816,0.2555,0.18149,0.18138,0.19668,0.32257,0.37144,0.59626,0.15427,0.11829,0.16092,0.03839,0.06879,96.3,83.7,94.8,43.1,40.5,25.5,54.5,17.2,21.4,74.3,100.7,62.7,166.6
1,180.4,88.5,40,27.19,2.106,0.26205,0.18063,0.20159,0.19606,0.32691,0.37644,0.60428,0.15353,0.13147,0.16042,0.04263,0.07079,103.5,100.4,102.1,47.8,45.1,29.6,59.6,19.0,25.7,81.3,110.2,68.7,180.4
1,168.2,59.4,26,20.98,1.665,0.26704,0.18144,0.18693,0.19721,0.34203,0.39385,0.63224,0.15422,0.12191,0.16135,0.03931,0.07161,95.0,85.1,93.9,44.5,41.7,25.2,57.0,17.9,21.7,77.8,105.4,65.7,168.2
1,181.4,72.0,46,21.88,1.905,0.26399,0.18537,0.18919,0.20166,0.33525,0.38605,0.61971,0.15757,0.12339,0.165,0.04045,0.07096,104.4,92.6,103.2,47.3,44.4,26.4,60.1,18.9,24.0,81.9,111.1,69.2,181.4
1,184.2,92.9,33,27.37,2.18,0.27376,0.18967,0.20893,0.206,0.34063,0.39224,0.62966,0.16122,0.13626,0.16855,0.0448,0.074,107.4,102.9,106.1,49.4,46.6,30.1,61.4,19.6,26.7,83.8,113.5,70.7,184.2
1,169.3,62.3,63,21.71,1.711,0.25865,0.17441,0.17699,0.18951,0.33034,0.3804,0.61064,0.14825,0.11543,0.15505,0.03611,0.06942,92.1,81.3,91.0,43.5,40.7,24.1,55.6,17.5,20.1,75.8,102.7,64.0,169.3
1,182.7,89.6,39,26.83,2.132,0.26461,0.19091,0.21238,0.20734,0.33013,0.38015,0.61023,0.16228,0.13851,0.16964,0.0464,0.07148,109.4,105.8,108.0,48.3,45.5,31.0,60.2,19.1,28.0,82.1,111.3,69.3,182.7
1,178.6,65.0,25,20.39,1.796,0.26018,0.18079,0.19894,0.19675,0.33252,0.3829,0.61466,0.15367,0.12975,0.16098,0.0419,0.06981,100.6,96.2,99.5,46.1,43.2,27.4,58.9,18.5,24.5,80.3,108.8,67.8,178.6
1,181.7,93.8,37,28.42,2.176,0.2663,0.19011,0.2018,0.20631,0.3306,0.3807,0.61112,0.16159,0.13161,0.1688,0.044,0.07203,108.9,100.6,107.5,48.6,45.9,29.8,60.3,19.2,26.5,82.2,111.5,69.4,181.7
1,189.7,74.9,68,20.8,1.987,0.25713,0.1816,0.20347,0.1978,0.32669,0.37619,0.60389,0.15436,0.1327,0.16184,0.04354,0.06911,108.7,105.9,107.6,49.0,46.0,29.3,62.2,19.6,27.4,84.9,115.0,71.7,189.7
1,173.7,82.0,31,27.19,1.989,0.26347,0.17874,0.18925,0.19379,0.32983,0.3798,0.60968,0.15193,0.12343,0.15855,0.04004,0.0711,100.2,92.2,98.7,47.0,44.3,27.7,58.8,18.7,23.6,80.2,108.8,67.8,173.7
1,169.8,79.3,56,27.49,1.934,0.26488,0.18969,0.20325,0.20548,0.33193,0.38222,0.61356,0.16123,0.13255,0.16812,0.04348,0.07147,99.9,93.1,98.4,44.4,41.8,28.3,55.6,17.6,24.1,75.9,102.8,64.1,169.8
1,168.8,64.3,54,22.54,1.736,0.25098,0.18572,0.19736,0.20169,0.31974,0.36819,0.59104,0.15786,0.12871,0.16502,0.0423,0.06741,98.2,90.7,96.9,42.2,39.6,27.0,53.8,16.9,23.5,73.4,99.5,62.0,168.8
1,169.4,78.4,67,27.31,1.92,0.2808,0.1895,0.19553,0.20527,0.35216,0.40552,0.65096,0.16107,0.12752,0.16795,0.04186,0.07574,99.7,89.4,98.2,47.0,44.3,27.2,59.0,18.7,23.2,80.4,109.0,67.9,169.4
1,174.9,79.6,51,26.03,1.967,0.25002,0.1714,0.17664,0.18596,0.31399,0.36157,0.58041,0.14569,0.1152,0.15215,0.03677,0.06741,98.3,88.1,97.0,45.7,43.0,26.2,57.3,18.2,22.2,78.2,106.0,66.0,174.9
1,178.1,73.2,28,23.08,1.903,0.26721,0.18177,0.17687,0.19756,0.33843,0.3897,0.62558,0.1545,0.11535,0.16164,0.0375,0.07188,101.7,86.1,100.5,47.6,44.7,25.0,60.3,19.0,22.1,82.2,111.5,69.4,178.1
1,177.6,67.8,57,21.51,1.829,0.26296,0.17395,0.19823,0.18919,0.33492,0.38566,0.61909,0.14786,0.12928,0.15479,0.04112,0.07063,98.3,97.4,97.2,47.3,44.3,28.0,60.2,19.0,24.5,82.2,111.4,69.4,177.6
1,181.7,61.6,50,18.65,1.763,0.26769,0.18377,0.17989,0.20019,0.34381,0.3959,0.63553,0.1562,0.11732,0.16379,0.0381,0.07173,102.6,87.3,101.6,47.6,44.5,24.3,61.1,19.1,22.4,83.3,112.9,70.4,181.7
1,175.6,81.3,48,26.38,1.992,0.26453,0.19262,0.1965,0.20898,0.33172,0.38198,0.61318,0.16373,0.12815,0.17098,0.04287,0.07136,105.3,93.4,103.8,46.0,43.3,27.8,57.7,18.3,24.7,78.7,106.7,66.5,175.6
1,186.4,68.8,61,19.79,1.887,0.26084,0.17234,0.17572,0.18772,0.33306,0.38352,0.61565,0.14649,0.1146,0.15359,0.03592,0.07001,100.6,89.2,99.6,48.5,45.4,24.7,61.9,19.4,22.1,84.4,114.4,71.2,186.4
1,173.5,76.4,51,25.39,1.919,0.25369,0.19023,0.19951,0.20641,0.3195,0.36791,0.5906,0.16169,0.13011,0.16888,0.04368,0.06835,104.4,95.2,103.0,44.3,41.7,28.3,55.8,17.7,25.2,76.1,103.1,64.3,173.5
1,195.9,92.3,67,24.06,2.241,0.27569,0.18377,0.19021,0.20014,0.34518,0.39748,0.63806,0.15621,0.12405,0.16375,0.04069,0.0744,112.4,101.2,111.3,53.7,50.6,28.2,67.2,21.3,26.2,91.7,124.3,77.4,195.9
1,180.2,90.0,24,27.71,2.122,0.25683,0.1981,0.19358,0.21498,0.31986,0.36833,0.59126,0.16839,0.12625,0.1759,0.04383,0.06941,113.7,96.6,112.2,46.9,44.3,28.6,58.5,18.6,26.5,79.7,108.0,67.3,180.2
1,169.1,68.4,66,23.92,1.792,0.25851,0.18372,0.19119,0.19938,0.32783,0.3775,0.60599,0.15617,0.12469,0.16313,0.04067,0.06952,97.7,88.4,96.4,43.8,41.1,26.5,55.5,17.5,22.8,75.7,102.6,63.9,169.1
1,167.5,66.8,40,23.82,1.763,0.2582,0.17545,0.17906,0.19036,0.32778,0.37745,0.60591,0.14913,0.11678,0.15575,0.03697,0.06941,93.1,82.6,91.8,43.6,40.9,24.9,55.4,17.4,20.7,75.5,102.4,63.8,167.5
1,179.1,89.6,63,27.93,2.112,0.27344,0.19178,0.20585,0.20806,0.34049,0.39207,0.62938,0.16301,0.13425,0.17023,0.04394,0.0739,104.4,97.4,102.9,47.4,44.7,28.9,59.0,18.8,25.2,80.4,109.0,67.9,179.1
1,173.8,79.5,24,26.32,1.959,0.26514,0.19482,0.21117,0.21131,0.33285,0.38328,0.61526,0.16559,0.13772,0.17289,0.04599,0.0715,104.1,98.1,102.6,45.1,42.4,29.3,56.6,17.9,25.9,77.2,104.6,65.2,173.8
1,180.9,85.8,42,26.24,2.077,0.27541,0.19056,0.2036,0.20694,0.34461,0.39683,0.63701,0.16198,0.13278,0.16932,0.04398,0.07434,106.6,99.0,105.2,49.0,46.2,29.0,61.3,19.5,25.9,83.7,113.4,70.6,180.9
1,179.0,86.1,20,26.85,2.069,0.26304,0.18561,0.19461,0.20145,0.32875,0.37857,0.6077,0.15777,0.12692,0.16482,0.04233,0.07102,106.8,97.4,105.4,48.2,45.4,28.8,60.2,19.1,25.6,82.1,111.3,69.3,179.0
1,175.0,60.8,55,19.88,1.72,0.26241,0.19031,0.18521,0.2071,0.33643,0.3874,0.62189,0.16176,0.12079,0.16944,0.04047,0.07035,103.3,87.4,102.2,45.3,42.4,25.1,58.1,18.2,23.1,79.2,107.4,66.9,175.0
1,169.1,80.2,37,28.04,1.941,0.26234,0.18685,0.19593,0.20232,0.32828,0.37802,0.60683,0.15883,0.12778,0.16554,0.04172,0.07081,99.0,90.3,97.5,44.3,41.7,27.6,55.4,17.6,23.3,75.5,102.4,63.8,169.1
1,164.1,73.9,51,27.44,1.836,0.27302,0.19231,0.21552,0.2081,0.34321,0.39521,0.63442,0.16347,0.14056,0.17027,0.04627,0.0736,97.4,94.9,95.8,44.0,41.4,29.4,55.3,17.5,24.7,75.4,102.3,63.7,164.1
1,172.2,63.7,66,21.49,1.745,0.25733,0.18981,0.17925,0.20633,0.32852,0.37829,0.60726,0.16134,0.1169,0.16881,0.03916,0.06907,102.2,83.9,101.0,44.1,41.3,24.6,56.3,17.7,22.2,76.7,104.0,64.8,172.2
1,181.9,79.9,61,24.13,2.009,0.27015,0.18824,0.194,0.20462,0.34033,0.3919,0.6291,0.16,0.12652,0.16741,0.04219,0.07278,107.6,96.4,106.3,49.2,46.2,27.8,61.9,19.6,25.4,84.4,114.5,71.3,181.9
1,177.1,78.0,61,24.88,1.959,0.26354,0.17868,0.19466,0.19403,0.33189,0.38218,0.6135,0.15187,0.12695,0.15875,0.04049,0.071,99.1,93.9,97.8,46.5,43.7,27.6,58.6,18.5,23.6,79.9,108.3,67.4,177.1
1,166.2,67.7,47,24.53,1.768,0.25956,0.18239,0.19227,0.19777,0.32896,0.3788,0.60808,0.15503,0.12539,0.16181,0.04137,0.06981,97.9,89.7,96.5,44.3,41.6,27.2,56.2,17.7,23.4,76.6,103.8,64.7,166.2
1,176.8,82.3,34,26.31,2.01,0.25964,0.18047,0.20259,0.19585,0.32546,0.37477,0.60161,0.1534,0.13213,0.16024,0.04282,0.07004,101.4,99.0,100.0,46.4,43.7,29.3,58.2,18.5,25.3,79.4,107.6,67.0,176.8
1,178.4,98.7,27,31.02,2.212,0.26955,0.20605,0.2083,0.22324,0.33232,0.38267,0.61429,0.17514,0.13585,0.18265,0.04746,0.07305,114.8,100.9,113.1,47.8,45.2,30.5,59.0,18.9,27.8,80.4,109.0,67.9,178.4
1,168.9,83.9,52,29.44,1.984,0.27598,0.19078,0.20737,0.20641,0.34387,0.39597,0.63563,0.16216,0.13524,0.16888,0.04423,0.07458,99.5,94.1,97.9,45.8,43.2,29.0,57.1,18.2,24.3,77.9,105.5,65.7,168.9
1,176.7,64.1,37,20.56,1.774,0.26726,0.19492,0.18402,0.21208,0.34164,0.3934,0.63151,0.16569,0.12002,0.17352,0.04161,0.07171,109.1,89.5,107.9,47.6,44.6,25.7,60.9,19.1,24.5,83.0,112.5,70.1,176.7
1,175.9,85.0,35,27.48,2.039,0.27225,0.19904,0.18057,0.21586,0.34009,0.39162,0.62865,0.16919,0.11776,0.17661,0.04057,0.07352,110.1,86.8,108.5,47.9,45.2,26.0,59.9,19.0,23.6,81.6,110.7,68.9,175.9
1,166.9,85.1,62,30.55,1.987,0.26367,0.18439,0.18605,0.1993,0.32773,0.37738,0.60579,0.15673,0.12134,0.16306,0.03975,0.0713,99.1,86.9,97.4,45.1,42.6,27.0,56.1,17.9,22.5,76.4,103.6,64.5,166.9
1,178.2,84.2,61,26.52,2.042,0.27258,0.19401,0.19652,0.21057,0.3412,0.39289,0.6307,0.16491,0.12816,0.17228,0.04275,0.07356,106.3,93.6,104.9,47.5,44.8,27.7,59.5,18.9,24.7,81.1,110.0,68.5,178.2
1,179.7,95.2,44,29.48,2.18,0.26819,0.20225,0.20294,0.21931,0.33211,0.38243,0.6139,0.17191,0.13235,0.17944,0.04545,0.07259,112.3,98.0,110.7,47.4,44.8,29.3,58.7,18.7,26.6,80.0,108.5,67.6,179.7
1,183.6,114.1,66,33.85,2.413,0.27534,0.20883,0.2069,0.22631,0.3352,0.38598,0.6196,0.1775,0.13493,0.18516,0.04733,0.07487,119.3,102.8,117.5,50.1,47.5,31.1,61.0,19.6,28.5,83.1,112.7,70.2,183.6
1,183.4,98.2,53,29.18,2.236,0.26349,0.19859,0.2118,0.21553,0.32595,0.37534,0.60252,0.1688,0.13813,0.17634,0.04729,0.07134,113.7,105.5,112.2,48.0,45.4,31.2,59.4,19.0,28.5,81.0,109.8,68.4,183.4
1,165.2,70.9,40,25.98,1.803,0.26956,0.19811,0.19749,0.21461,0.34022,0.39177,0.6289,0.1684,0.1288,0.17559,0.04337,0.07258,100.5,87.1,98.9,43.5,40.9,26.7,54.9,17.4,23.1,74.9,101.5,63.2,165.2
1,168.5,83.1,49,29.28,1.972,0.26377,0.18899,0.19695,0.20447,0.32888,0.37872,0.60794,0.16064,0.12845,0.1673,0.04262,0.07126,101.2,91.7,99.6,45.0,42.4,28.3,56.1,17.8,24.0,76.5,103.7,64.6,168.5
1,179.4,82.3,27,25.58,2.025,0.24917,0.18389,0.18283,0.1997,0.31272,0.3601,0.57805,0.15631,0.11924,0.16339,0.03933,0.0672,105.1,90.8,103.7,45.3,42.7,26.6,56.9,18.0,23.7,77.5,105.1,65.5,179.4
1,179.4,80.8,28,25.12,2.006,0.26691,0.18882,0.19686,0.20509,0.33551,0.38635,0.62019,0.1605,0.12839,0.1678,0.04229,0.07195,104.7,94.9,103.4,47.1,44.3,27.8,59.2,18.8,24.7,80.8,109.5,68.2,179.4
1,179.4,76.4,55,23.74,1.951,0.26739,0.19335,0.17346,0.21013,0.3377,0.38887,0.62423,0.16435,0.11312,0.17192,0.03805,0.07199,107.3,83.7,106.1,47.3,44.4,24.3,59.7,18.9,22.2,81.4,110.3,68.7,179.4
1,204.4,132.2,23,31.64,2.74,0.26701,0.2016,0.21012,0.2196,0.32355,0.37257,0.59808,0.17136,0.13704,0.17967,0.04855,0.07269,131.8,119.5,130.5,55.6,52.8,34.4,67.3,21.7,33.4,91.8,124.5,77.5,204.4
1,179.8,71.5,58,22.14,1.89,0.25967,0.18347,0.18636,0.19954,0.32971,0.37967,0.60947,0.15595,0.12154,0.16326,0.0401,0.06981,104.5,92.3,103.3,47.1,44.2,26.5,59.8,18.8,24.0,81.5,110.5,68.8,179.8
1,184.0,106.7,64,31.5,2.335,0.26839,0.20839,0.21728,0.22602,0.32928,0.37917,0.60867,0.17713,0.1417,0.18493,0.04933,0.07283,117.5,106.5,115.9,48.2,45.6,31.9,59.1,18.9,29.3,80.6,109.2,68.0,184.0
1,182.7,90.0,51,26.98,2.137,0.26214,0.1806,0.18782,0.19612,0.32689,0.37641,0.60424,0.15351,0.12249,0.16046,0.03929,0.07082,103.0,93.1,101.7,47.6,44.9,27.3,59.3,18.9,23.6,80.9,109.7,68.3,182.7
1,180.4,66.0,53,20.29,1.819,0.26676,0.18445,0.18709,0.20078,0.34081,0.39245,0.62998,0.15678,0.12202,0.16427,0.03995,0.07159,103.3,91.1,102.2,47.6,44.5,25.8,60.8,19.1,23.6,82.9,112.3,70.0,180.4
1,173.1,79.3,54,26.45,1.953,0.25833,0.18665,0.18436,0.20241,0.32427,0.3734,0.5994,0.15865,0.12024,0.16561,0.04003,0.06966,103.3,88.7,101.9,45.5,42.8,26.6,57.1,18.1,23.3,77.9,105.6,65.8,173.1
1,181.2,60.0,34,18.27,1.737,0.26084,0.18837,0.17466,0.20523,0.33552,0.38635,0.6202,0.16011,0.11391,0.16791,0.03812,0.06986,106.2,85.6,105.2,46.8,43.8,23.8,60.2,18.8,22.6,82.1,111.3,69.3,181.2
1,169.7,79.2,57,27.49,1.932,0.2549,0.17707,0.19871,0.19181,0.31944,0.36784,0.59049,0.15051,0.12959,0.15694,0.04147,0.06877,96.5,94.1,95.0,44.2,41.6,28.6,55.4,17.6,23.8,75.5,102.4,63.8,169.7
1,173.7,86.3,57,28.58,2.04,0.25706,0.195,0.21048,0.21128,0.32032,0.36886,0.59212,0.16575,0.13727,0.17287,0.04743,0.06946,109.7,102.9,108.0,46.0,43.4,31.1,57.4,18.2,28.1,78.2,106.0,66.0,173.7
1,171.9,67.6,29,22.9,1.797,0.25042,0.18564,0.18993,0.20164,0.31824,0.36646,0.58826,0.1578,0.12387,0.16498,0.04047,0.0673,99.2,88.2,97.9,42.6,39.9,26.1,54.1,17.0,22.8,73.8,100.0,62.3,171.9
1,176.1,79.1,38,25.5,1.967,0.27263,0.19468,0.19197,0.21131,0.3428,0.39474,0.63367,0.16548,0.1252,0.17289,0.04192,0.07349,105.4,90.4,104.0,47.0,44.2,26.7,59.1,18.7,23.9,80.6,109.2,68.1,176.1
1,192.9,124.8,57,33.55,2.586,0.28113,0.21308,0.21775,0.23145,0.34063,0.39224,0.62965,0.18112,0.14201,0.18937,0.05129,0.07654,129.6,115.2,128.0,54.4,51.7,34.2,65.9,21.3,32.8,89.9,121.9,75.9,192.9
1,161.5,60.5,36,23.2,1.648,0.25115,0.18352,0.19143,0.19904,0.32032,0.36886,0.59211,0.15599,0.12485,0.16285,0.04084,0.06743,93.9,85.2,92.6,40.9,38.3,26.1,52.2,16.4,22.0,71.1,96.4,60.1,161.5
1,180.6,69.7,20,21.35,1.87,0.26094,0.18921,0.19525,0.20586,0.3321,0.38242,0.61389,0.16083,0.12734,0.16843,0.042,0.0701,104.7,93.9,103.6,46.0,43.1,26.7,58.5,18.4,24.5,79.8,108.1,67.4,180.6
1,163.4,83.5,35,31.26,1.946,0.2671,0.1947,0.22606,0.21018,0.33194,0.38223,0.61358,0.16549,0.14743,0.17197,0.04926,0.07223,100.2,101.2,98.4,43.8,41.3,31.9,54.4,17.3,26.7,74.2,100.6,62.6,163.4
1,172.0,99.3,68,33.6,2.178,0.27654,0.19601,0.20539,0.21181,0.33939,0.39082,0.62736,0.16661,0.13395,0.1733,0.04495,0.07503,106.0,96.6,104.1,47.6,45.1,30.0,58.4,18.7,25.6,79.7,108.0,67.3,172.0
1,183.7,84.5,36,25.04,2.076,0.26967,0.19307,0.20185,0.20985,0.33837,0.38964,0.62547,0.16411,0.13164,0.1717,0.04387,0.07273,108.6,98.8,107.4,48.3,45.5,28.5,60.6,19.2,26.0,82.6,112.0,69.8,183.7
1,176.0,90.2,64,29.13,2.1,0.25773,0.18811,0.21392,0.20386,0.32018,0.36869,0.59185,0.15989,0.13951,0.16679,0.04613,0.0697,104.6,103.4,103.0,45.6,43.0,31.2,56.6,18.0,27.0,77.2,104.7,65.2,176.0
1,167.4,85.8,23,30.61,1.997,0.26192,0.19158,0.21381,0.20709,0.3254,0.3747,0.6015,0.16284,0.13944,0.16944,0.04648,0.07083,101.8,98.8,100.0,44.3,41.8,30.7,55.0,17.5,26.0,75.0,101.7,63.4,167.4
1,170.1,64.8,33,22.39,1.75,0.25681,0.1715,0.17359,0.18629,0.32716,0.37673,0.60474,0.14578,0.11321,0.15242,0.03481,0.06897,90.6,79.7,89.4,43.2,40.5,23.6,55.0,17.3,19.3,75.0,101.6,63.3,170.1
1,180.6,75.9,25,23.27,1.951,0.25477,0.18559,0.18809,0.20177,0.32211,0.37091,0.59541,0.15775,0.12267,0.16508,0.04084,0.06857,106.4,93.8,105.2,46.5,43.7,27.0,58.8,18.6,24.7,80.2,108.7,67.7,180.6
1,170.0,87.0,65,30.1,2.027,0.2634,0.1924,0.21491,0.20815,0.32728,0.37687,0.60498,0.16354,0.14016,0.17031,0.04673,0.07123,103.0,100.0,101.3,44.9,42.4,30.8,55.8,17.8,26.3,76.0,103.1,64.2,170.0
1,177.1,101.1,35,32.23,2.23,0.25833,0.19228,0.22947,0.20816,0.31746,0.36556,0.58682,0.16344,0.14965,0.17032,0.05053,0.07007,109.2,113.3,107.4,46.7,44.2,34.5,57.4,18.4,30.2,78.2,106.0,66.1,177.1
1,175.8,84.2,69,27.23,2.028,0.26056,0.19217,0.20432,0.20842,0.32577,0.37513,0.60218,0.16335,0.13325,0.17053,0.04464,0.07034,105.9,97.9,104.4,45.7,43.1,29.2,57.1,18.1,25.9,77.9,105.6,65.8,175.8
1,170.6,63.8,65,21.93,1.739,0.25936,0.17397,0.18253,0.18903,0.33083,0.38096,0.61153,0.14787,0.11904,0.15466,0.03735,0.06963,93.2,85.0,92.0,44.2,41.4,25.1,56.4,17.7,21.0,76.9,104.2,64.9,170.6
1,191.6,123.8,60,33.72,2.566,0.27744,0.21854,0.21126,0.23731,0.33623,0.38718,0.62152,0.18576,0.13778,0.19416,0.04996,0.07553,129.7,109.0,128.0,52.4,49.8,32.5,63.5,20.5,31.2,86.6,117.4,73.1,191.6
1,180.3,75.1,56,23.11,1.939,0.25666,0.18671,0.20921,0.20299,0.32472,0.37392,0.60025,0.1587,0.13644,0.16608,0.04483,0.06906,104.4,101.7,103.2,45.7,42.9,29.3,57.8,18.2,26.4,78.8,106.8,66.5,180.3
1,160.3,61.2,66,23.8,1.65,0.26329,0.18334,0.19415,0.19873,0.33537,0.38618,0.61992,0.15584,0.12662,0.1626,0.04078,0.07072,91.6,84.3,90.2,41.9,39.2,26.1,53.3,16.8,21.4,72.7,98.6,61.4,160.3
1,176.9,82.4,66,26.35,2.013,0.26284,0.18485,0.19085,0.2006,0.32942,0.37933,0.60892,0.15712,0.12447,0.16412,0.04052,0.07091,102.1,91.7,100.7,46.2,43.5,27.2,57.9,18.4,23.6,79.0,107.1,66.7,176.9
1,170.5,91.9,29,31.6,2.086,0.27049,0.19576,0.20489,0.21166,0.33439,0.38505,0.61811,0.1664,0.13362,0.17317,0.04495,0.07325,105.0,95.6,103.2,46.2,43.7,29.5,57.1,18.2,25.4,77.8,105.5,65.7,170.5
1,181.9,94.1,62,28.45,2.181,0.27249,0.20326,0.20672,0.22059,0.33822,0.38946,0.62519,0.17277,0.13482,0.18049,0.04686,0.07371,115.1,101.8,113.6,49.1,46.4,30.1,61.0,19.4,27.9,83.1,112.7,70.2,181.9
1,169.6,76.6,27,26.64,1.899,0.25539,0.19095,0.19633,0.20693,0.32096,0.36959,0.59329,0.16231,0.12804,0.16931,0.04324,0.06885,103.4,92.5,101.9,44.0,41.4,28.0,55.3,17.5,24.7,75.5,102.3,63.7,169.6
1,174.6,81.8,24,26.83,1.992,0.25727,0.18757,0.1832,0.20342,0.32228,0.37111,0.59574,0.15943,0.11948,0.16644,0.04046,0.06942,106.7,90.6,105.2,46.6,43.9,27.1,58.3,18.5,24.2,79.6,107.8,67.2,174.6
1,179.3,81.0,63,25.19,2.008,0.26269,0.19433,0.19281,0.21106,0.33013,0.38015,0.61024,0.16518,0.12574,0.17269,0.04226,0.07082,107.6,92.8,106.2,46.3,43.6,27.2,58.2,18.4,24.6,79.3,107.5,67.0,179.3
1,182.0,90.1,18,27.21,2.135,0.27452,0.19135,0.18821,0.20776,0.34216,0.39401,0.63248,0.16265,0.12275,0.16999,0.04091,0.07418,108.3,92.6,106.9,49.5,46.6,27.2,61.6,19.6,24.4,84.1,114.0,71.0,182.0
1,166.5,47.5,66,17.13,1.482,0.24972,0.16608,0.18038,0.18093,0.32411,0.37321,0.59911,0.14117,0.11764,0.14804,0.03593,0.06671,87.0,82.2,86.2,41.7,38.8,24.0,54.1,16.9,19.8,73.7,99.9,62.3,166.5
1,173.0,71.6,53,23.94,1.855,0.26678,0.1868,0.19051,0.20282,0.33768,0.38885,0.62421,0.15878,0.12424,0.16595,0.04056,0.07178,99.9,88.6,98.6,45.4,42.7,26.2,57.5,18.1,22.8,78.4,106.3,66.2,173.0
1,171.9,76.7,38,25.95,1.914,0.25846,0.18439,0.19585,0.19996,0.32515,0.37442,0.60104,0.15673,0.12773,0.16361,0.04195,0.06966,100.7,93.0,99.3,44.9,42.3,27.9,56.5,17.9,24.1,77.1,104.5,65.1,171.9
1,170.6,61.3,54,21.06,1.704,0.25004,0.18401,0.19147,0.20004,0.31987,0.36833,0.59127,0.15641,0.12487,0.16367,0.04135,0.06708,99.7,90.2,98.5,43.1,40.4,26.5,55.2,17.3,23.6,75.2,101.9,63.5,170.6
1,188.7,94.5,69,26.52,2.226,0.26639,0.19099,0.19864,0.20765,0.33169,0.38195,0.61313,0.16234,0.12955,0.1699,0.04402,0.072,114.7,103.7,113.4,50.9,48.0,29.8,63.4,20.2,27.8,86.5,117.2,73.0,188.7
1,178.5,77.4,41,24.27,1.959,0.26065,0.19707,0.19277,0.2141,0.32872,0.37853,0.60764,0.16751,0.12572,0.17517,0.04304,0.0702,109.6,93.2,108.2,46.1,43.4,27.2,58.2,18.4,25.2,79.4,107.6,67.0,178.5
1,166.0,89.8,42,32.57,2.035,0.25183,0.19853,0.2045,0.2143,0.31121,0.35836,0.57527,0.16875,0.13337,0.17534,0.04582,0.0682,106.1,95.0,104.1,42.8,40.5,29.9,52.9,16.9,25.8,72.2,97.8,61.0,166.0
1,182.4,105.4,24,31.69,2.311,0.25048,0.19349,0.20803,0.20977,0.3074,0.35398,0.56823,0.16446,0.13567,0.17163,0.04594,0.06796,112.2,104.9,110.5,46.2,43.8,31.5,56.7,18.2,28.0,77.3,104.8,65.3,182.4
1,191.4,85.5,59,23.34,2.132,0.25887,0.17779,0.20303,0.19354,0.32563,0.37497,0.60193,0.15112,0.13241,0.15835,0.0424,0.06977,106.4,105.7,105.3,49.3,46.4,29.6,62.1,19.6,26.7,84.6,114.7,71.5,191.4
1,183.2,82.2,34,24.47,2.045,0.26477,0.19176,0.19233,0.20845,0.33296,0.3834,0.61546,0.16299,0.12543,0.17055,0.04298,0.07137,112.4,98.0,111.1,49.4,46.5,28.3,62.1,19.7,26.5,84.7,114.9,71.5,183.2
1,164.1,66.7,46,24.75,1.743,0.26421,0.19026,0.18404,0.20622,0.33495,0.3857,0.61915,0.16172,0.12002,0.16873,0.0403,0.07106,99.1,83.3,97.6,43.8,41.1,25.5,55.5,17.5,22.1,75.7,102.6,63.9,164.1
1,171.9,69.1,47,23.39,1.816,0.24786,0.17056,0.18999,0.18521,0.31447,0.36211,0.58129,0.14498,0.12391,0.15154,0.03924,0.06664,95.3,92.3,94.0,44.1,41.4,27.3,55.9,17.6,23.1,76.2,103.3,64.4,171.9
1,185.0,88.2,24,25.77,2.129,0.26424,0.20021,0.20842,0.2176,0.3305,0.38058,0.61093,0.17018,0.13593,0.17804,0.04705,0.07133,115.3,104.4,113.9,48.4,45.6,30.2,60.6,19.2,28.5,82.6,112.0,69.8,185.0
1,170.2,64.7,50,22.34,1.749,0.25395,0.18231,0.17412,0.19805,0.32356,0.37258,0.59809,0.15497,0.11356,0.16204,0.03721,0.0682,98.5,81.8,97.3,43.7,40.9,24.2,55.6,17.5,21.2,75.9,102.9,64.1,170.2
1,178.8,67.6,24,21.12,1.832,0.24783,0.17952,0.19297,0.19531,0.3159,0.36377,0.58394,0.15259,0.12585,0.1598,0.04117,0.06655,102.5,95.9,101.4,45.1,42.2,27.4,57.4,18.1,24.8,78.3,106.2,66.1,178.8
1,181.3,90.3,41,27.48,2.133,0.25484,0.19716,0.19895,0.21402,0.31745,0.36555,0.5868,0.16759,0.12975,0.17511,0.04512,0.06887,114.5,100.5,113.0,47.1,44.4,29.6,58.7,18.7,27.6,80.0,108.5,67.6,181.3
1,168.5,78.1,28,27.51,1.913,0.26666,0.19584,0.19812,0.21209,0.33436,0.38503,0.61807,0.16646,0.12921,0.17353,0.044,0.07193,104.4,91.8,102.7,45.2,42.6,28.0,56.7,18.0,24.7,77.3,104.8,65.3,168.5
1,175.1,68.0,26,22.18,1.818,0.25582,0.18183,0.18944,0.19764,0.32543,0.37473,0.60154,0.15455,0.12355,0.16171,0.04091,0.06873,102.4,92.8,101.2,45.9,43.0,27.0,58.3,18.4,24.3,79.6,107.9,67.2,175.1
1,151.2,65.4,29,28.63,1.658,0.27073,0.19595,0.19682,0.21131,0.34147,0.39321,0.6312,0.16656,0.12836,0.17289,0.04204,0.07291,90.4,79.0,88.7,39.8,37.4,25.7,50.2,15.9,20.4,68.4,92.7,57.8,151.2
1,167.8,64.1,52,22.77,1.729,0.24316,0.1791,0.18656,0.19446,0.3097,0.35662,0.57247,0.15224,0.12167,0.1591,0.04005,0.06531,97.9,88.7,96.7,42.3,39.7,26.5,53.9,17.0,23.1,73.5,99.6,62.1,167.8
1,173.6,78.4,21,26.0,1.944,0.26132,0.18461,0.19063,0.20026,0.32843,0.37819,0.6071,0.15692,0.12433,0.16385,0.04078,0.07045,101.4,91.0,100.0,45.7,43.0,27.2,57.4,18.2,23.6,78.3,106.1,66.1,173.6
1,166.1,78.1,53,28.31,1.899,0.25177,0.19013,0.18697,0.20572,0.3153,0.36307,0.58283,0.16161,0.12194,0.16832,0.04026,0.06794,99.1,84.7,97.5,41.8,39.3,26.2,52.3,16.6,22.1,71.3,96.7,60.2,166.1
1,187.7,87.8,45,24.9,2.14,0.2647,0.18169,0.18545,0.1976,0.33166,0.38191,0.61307,0.15444,0.12095,0.16168,0.03968,0.07142,108.4,96.2,107.2,50.3,47.4,27.5,63.0,20.0,24.9,85.9,116.5,72.5,187.7
1,164.8,72.7,30,26.79,1.825,0.26427,0.18642,0.19975,0.20182,0.33276,0.38318,0.61511,0.15845,0.13027,0.16513,0.04245,0.07121,96.2,89.6,94.7,43.4,40.8,27.6,54.7,17.3,23.1,74.5,101.0,62.9,164.8
1,172.2,68.7,40,23.16,1.813,0.24992,0.17947,0.17887,0.19492,0.31727,0.36534,0.58647,0.15255,0.11666,0.15948,0.03779,0.06719,98.3,85.2,97.0,43.6,40.9,25.2,55.3,17.4,21.8,75.4,102.2,63.7,172.2
1,176.5,75.7,36,24.3,1.926,0.27609,0.18673,0.20866,0.20281,0.34849,0.40129,0.64417,0.15872,0.13609,0.16593,0.04423,0.07434,101.2,98.3,99.9,47.6,44.8,28.9,60.1,19.0,25.2,82.0,111.1,69.2,176.5
1,186.3,84.2,59,24.27,2.088,0.24892,0.18531,0.19946,0.20154,0.31281,0.3602,0.57822,0.15751,0.13008,0.1649,0.04348,0.06711,110.3,103.2,109.1,47.2,44.4,29.5,59.3,18.8,27.2,80.8,109.6,68.3,186.3
1,164.7,60.7,54,22.38,1.667,0.25196,0.17322,0.18786,0.18805,0.32174,0.37049,0.59473,0.14724,0.12252,0.15386,0.03928,0.06762,92.9,87.6,91.7,43.0,40.3,26.5,54.9,17.3,22.2,74.9,101.6,63.3,164.7
1,184.2,82.7,56,24.37,2.057,0.2602,0.18663,0.19063,0.20291,0.32717,0.37674,0.60476,0.15864,0.12432,0.16602,0.04182,0.07014,110.2,97.8,108.9,48.9,46.0,28.1,61.5,19.5,26.0,83.8,113.6,70.8,184.2
1,175.6,61.2,41,19.84,1.727,0.25249,0.1715,0.18424,0.18664,0.32368,0.37273,0.59832,0.14577,0.12016,0.15271,0.03733,0.06769,94.1,87.9,93.1,44.1,41.2,25.2,56.5,17.7,21.6,77.1,104.4,65.1,175.6
1,168.1,65.7,33,23.25,1.752,0.25889,0.18219,0.17825,0.19776,0.32917,0.37904,0.60846,0.15486,0.11625,0.1618,0.03772,0.06957,96.4,82.0,95.1,43.6,40.9,24.6,55.4,17.5,21.0,75.6,102.5,63.8,168.1
1,179.0,76.8,50,23.98,1.954,0.25575,0.18886,0.20131,0.20522,0.3228,0.37171,0.59669,0.16053,0.13129,0.16791,0.04348,0.06887,105.0,97.3,103.7,45.3,42.5,28.3,57.1,18.1,25.4,77.9,105.6,65.8,179.0
1,177.0,75.4,29,24.08,1.926,0.24829,0.1855,0.19562,0.2015,0.31356,0.36106,0.5796,0.15768,0.12758,0.16487,0.04176,0.06685,102.4,93.9,101.1,43.6,41.0,27.5,55.1,17.4,24.3,75.1,101.8,63.4,177.0
1,171.0,70.6,51,24.14,1.831,0.25264,0.1822,0.19257,0.19775,0.31987,0.36833,0.59127,0.15487,0.12559,0.1618,0.04097,0.06797,98.8,90.8,97.5,43.6,41.0,27.1,55.2,17.4,23.4,75.3,102.1,63.6,171.0
1,176.0,76.8,24,24.8,1.938,0.2567,0.17657,0.20417,0.19171,0.32354,0.37256,0.59806,0.15008,0.13316,0.15686,0.04242,0.06915,98.4,98.9,97.1,45.5,42.8,29.1,57.4,18.1,24.9,78.2,106.1,66.1,176.0
1,172.6,80.1,28,26.89,1.96,0.26506,0.1902,0.1908,0.2062,0.33232,0.38267,0.61429,0.16167,0.12443,0.16871,0.04159,0.0715,103.7,90.5,102.2,46.0,43.3,27.2,57.7,18.3,23.9,78.7,106.6,66.4,172.6
1,176.4,88.7,48,28.54,2.085,0.27302,0.20172,0.2059,0.21868,0.33978,0.39127,0.62809,0.17147,0.13428,0.17892,0.04565,0.0738,108.7,96.5,107.1,46.8,44.2,29.0,58.3,18.5,25.9,79.5,107.7,67.1,176.4
1,180.5,73.9,46,22.7,1.925,0.26368,0.18899,0.19327,0.20551,0.33404,0.38466,0.61747,0.16064,0.12604,0.16814,0.04191,0.07093,106.0,94.3,104.8,47.1,44.2,27.1,59.7,18.8,24.8,81.4,110.3,68.7,180.5
1,187.4,73.4,30,20.9,1.954,0.26153,0.19363,0.18414,0.21086,0.33248,0.38285,0.61458,0.16459,0.12009,0.17252,0.04034,0.07028,110.9,91.7,109.7,47.7,44.7,25.5,60.6,19.1,24.3,82.6,112.0,69.8,187.4
1,166.2,59.1,48,21.41,1.652,0.25827,0.18352,0.18392,0.19938,0.33062,0.38071,0.61115,0.15599,0.11995,0.16313,0.03884,0.06927,94.6,82.5,93.5,42.4,39.7,24.7,54.3,17.0,21.1,74.0,100.3,62.5,166.2
1,191.5,85.3,19,23.26,2.13,0.25715,0.18949,0.196,0.20629,0.32355,0.37258,0.59808,0.16107,0.12782,0.16878,0.04307,0.0693,114.1,102.6,112.9,49.3,46.4,28.7,62.0,19.6,27.3,84.6,114.6,71.4,191.5
1,160.9,61.4,56,23.74,1.657,0.24888,0.18069,0.18183,0.19588,0.31699,0.36502,0.58596,0.15359,0.11858,0.16027,0.03848,0.06685,92.7,81.1,91.4,40.7,38.1,25.0,51.8,16.3,20.8,70.6,95.7,59.6,160.9
1,174.4,67.8,32,22.3,1.812,0.25713,0.18707,0.19702,0.20331,0.32707,0.37662,0.60458,0.15901,0.12849,0.16634,0.04257,0.06909,102.2,93.6,100.9,44.7,41.9,27.3,56.9,17.9,24.5,77.5,105.1,65.5,174.4
1,179.9,66.7,28,20.61,1.826,0.25869,0.17231,0.17262,0.18752,0.33019,0.38022,0.61035,0.14646,0.11258,0.15343,0.0353,0.06944,97.5,84.9,96.4,46.6,43.6,24.1,59.5,18.7,21.0,81.1,109.9,68.5,179.9
1,177.6,73.7,51,23.37,1.907,0.25741,0.17966,0.19801,0.19524,0.32576,0.37512,0.60217,0.15272,0.12913,0.15974,0.04161,0.06926,100.4,96.2,99.2,45.8,43.0,28.0,57.9,18.3,24.5,79.0,107.1,66.7,177.6
1,170.8,75.1,56,25.72,1.887,0.25946,0.19552,0.19813,0.21202,0.32684,0.37636,0.60415,0.16619,0.12921,0.17347,0.04408,0.0699,105.3,92.8,103.8,44.5,41.8,27.9,56.0,17.7,25.0,76.4,103.5,64.5,170.8
1,173.9,82.8,21,27.36,2.0,0.25923,0.17076,0.18757,0.18513,0.32429,0.37342,0.59944,0.14515,0.12233,0.15147,0.03851,0.06997,96.3,92.0,94.9,46.5,43.8,27.6,58.2,18.5,22.9,79.4,107.6,67.0,173.9
1,171.8,67.9,28,23.02,1.801,0.26204,0.18608,0.18424,0.2021,0.33287,0.38331,0.61531,0.15817,0.12015,0.16535,0.03908,0.07043,98.6,84.9,97.3,44.2,41.5,25.1,56.1,17.7,21.8,76.5,103.7,64.6,171.8
1,171.1,68.9,46,23.52,1.809,0.25299,0.19035,0.17291,0.20667,0.32095,0.36958,0.59328,0.1618,0.11277,0.16909,0.03783,0.06803,102.4,80.9,101.1,43.3,40.7,24.0,55.0,17.3,21.4,74.9,101.6,63.3,171.1
1,181.9,72.0,19,21.78,1.908,0.25716,0.17874,0.17719,0.19447,0.32664,0.37613,0.60379,0.15193,0.11556,0.15911,0.03781,0.06912,104.3,89.9,103.2,47.8,44.8,25.6,60.7,19.1,23.2,82.8,112.2,69.9,181.9
1,178.2,79.1,33,24.91,1.978,0.26549,0.18636,0.20295,0.2024,0.33415,0.38478,0.61767,0.15841,0.13236,0.1656,0.04344,0.07154,103.6,98.1,102.3,47.0,44.2,28.7,59.1,18.7,25.4,80.6,109.3,68.1,178.2
1,170.3,63.9,56,22.04,1.739,0.25712,0.18007,0.18245,0.19564,0.3279,0.37759,0.60613,0.15306,0.11899,0.16007,0.03873,0.06904,97.6,86.0,96.4,44.4,41.6,25.4,56.6,17.8,22.1,77.1,104.6,65.1,170.3
1,182.2,90.6,30,27.27,2.142,0.27043,0.19121,0.21077,0.20761,0.33695,0.388,0.62284,0.16253,0.13746,0.16986,0.04584,0.07308,108.6,104.1,107.2,48.9,46.1,30.6,60.9,19.4,27.4,83.0,112.6,70.1,182.2
1,177.8,60.5,54,19.15,1.729,0.2628,0.18104,0.17801,0.19712,0.33742,0.38854,0.62371,0.15388,0.11609,0.16128,0.03747,0.07043,99.8,85.3,98.8,46.1,43.1,24.2,59.2,18.6,21.7,80.7,109.5,68.2,177.8
1,181.6,78.2,34,23.71,1.986,0.26568,0.18503,0.1998,0.20115,0.33524,0.38603,0.61969,0.15727,0.1303,0.16457,0.04243,0.07155,104.0,97.6,102.8,47.5,44.7,28.1,60.0,19.0,25.1,81.8,110.8,69.0,181.6
1,180.2,85.0,38,26.18,2.063,0.27554,0.19543,0.19065,0.21221,0.34495,0.39721,0.63763,0.16612,0.12433,0.17362,0.04251,0.07436,110.9,94.1,109.5,49.8,46.9,27.6,62.3,19.8,25.4,85.0,115.2,71.8,180.2
1,169.3,73.7,61,25.73,1.862,0.25347,0.19373,0.18469,0.21003,0.31952,0.36794,0.59063,0.16467,0.12045,0.17185,0.04087,0.06827,103.7,85.9,102.2,43.2,40.6,26.0,54.4,17.2,23.0,74.2,100.6,62.7,169.3
1,171.3,110.0,36,37.49,2.288,0.26639,0.20197,0.21724,0.21783,0.32307,0.37202,0.59719,0.17167,0.14168,0.17822,0.04842,0.07251,109.7,102.6,107.6,46.1,43.8,32.4,55.9,18.0,27.7,76.2,103.3,64.3,171.3
1,181.1,86.5,24,26.38,2.086,0.26607,0.18017,0.19006,0.19565,0.33274,0.38315,0.61506,0.15315,0.12395,0.16008,0.04018,0.07183,103.6,95.1,102.3,48.7,45.9,27.9,60.9,19.3,24.3,83.1,112.6,70.2,181.1
1,180.1,69.8,55,21.53,1.869,0.26006,0.17955,0.17452,0.19533,0.33086,0.38099,0.61158,0.15262,0.11382,0.15982,0.03676,0.06987,101.6,85.9,100.5,46.8,43.9,24.5,59.6,18.8,21.9,81.3,110.2,68.6,180.1
1,175.3,75.9,25,24.67,1.922,0.26476,0.18484,0.19024,0.20069,0.33395,0.38455,0.6173,0.15711,0.12407,0.1642,0.04075,0.0713,102.1,91.4,100.8,46.6,43.8,27.0,58.7,18.6,23.7,80.1,108.6,67.6,175.3
1,176.4,59.7,30,19.17,1.71,0.25459,0.17881,0.17848,0.19467,0.32702,0.37657,0.60449,0.15199,0.1164,0.15928,0.03794,0.06822,100.3,87.1,99.3,45.5,42.5,24.8,58.4,18.3,22.4,79.6,108.0,67.3,176.4
1,185.1,84.7,54,24.73,2.087,0.26547,0.17939,0.20081,0.19503,0.33325,0.38374,0.61601,0.15248,0.13097,0.15957,0.0427,0.07159,106.1,103.3,104.9,50.0,47.1,29.7,62.8,19.9,26.6,85.6,116.0,72.3,185.1
1,171.1,64.6,19,22.09,1.753,0.25326,0.17741,0.19214,0.19277,0.32282,0.37174,0.59673,0.1508,0.12531,0.15772,0.03998,0.06801,95.5,89.9,94.3,43.4,40.7,26.5,55.3,17.4,22.7,75.4,102.2,63.7,171.1
1,179.6,92.6,58,28.71,2.15,0.27114,0.19502,0.2109,0.21153,0.33665,0.38766,0.6223,0.16577,0.13755,0.17307,0.04685,0.07334,110.8,104.2,109.2,49.0,46.3,31.0,60.9,19.4,28.0,83.0,112.5,70.1,179.6
1,174.0,69.8,28,23.05,1.836,0.26158,0.18573,0.19038,0.20178,0.33195,0.38224,0.6136,0.15787,0.12416,0.16509,0.04148,0.07033,103.3,92.1,102.0,46.3,43.5,27.0,58.8,18.5,24.3,80.1,108.6,67.7,174.0
1,173.9,74.3,41,24.59,1.895,0.25823,0.18488,0.19672,0.2007,0.32602,0.37542,0.60265,0.15715,0.1283,0.16421,0.04164,0.06953,99.7,92.3,98.4,44.3,41.7,27.3,56.0,17.7,23.6,76.3,103.5,64.5,173.9
1,183.7,76.8,23,22.75,1.98,0.27122,0.18225,0.18507,0.19825,0.34304,0.39502,0.63411,0.15491,0.1207,0.1622,0.03863,0.07299,102.5,90.5,101.3,48.5,45.6,25.8,61.4,19.4,22.9,83.7,113.5,70.7,183.7
1,181.7,107.2,43,32.49,2.326,0.27317,0.22236,0.21593,0.24097,0.33448,0.38515,0.61828,0.18901,0.14082,0.19716,0.05156,0.07416,125.1,105.6,123.3,48.9,46.4,31.9,59.9,19.2,30.5,81.7,110.7,69.0,181.7
1,181.6,78.7,24,23.85,1.992,0.25569,0.18858,0.19415,0.205,0.32247,0.37133,0.59609,0.16029,0.12662,0.16773,0.04264,0.06886,108.8,97.4,107.5,46.9,44.1,28.1,59.2,18.7,25.9,80.7,109.4,68.2,181.6
1,185.3,113.1,56,32.95,2.413,0.26011,0.19927,0.22584,0.21609,0.3173,0.36537,0.58652,0.16938,0.14729,0.1768,0.05051,0.07069,116.1,114.4,114.4,48.2,45.8,34.4,58.8,18.9,31.0,80.2,108.8,67.8,185.3
1,175.7,87.3,36,28.28,2.063,0.26548,0.20147,0.21077,0.21841,0.3308,0.38092,0.61148,0.17125,0.13746,0.1787,0.04687,0.07174,108.7,98.9,107.1,45.6,43.0,29.7,56.8,18.1,26.6,77.4,105.0,65.4,175.7
1,180.6,87.8,23,26.9,2.098,0.26332,0.18671,0.20468,0.2027,0.32878,0.3786,0.60775,0.1587,0.13348,0.16584,0.04458,0.07111,107.8,102.8,106.4,48.4,45.6,30.3,60.4,19.2,27.1,82.4,111.7,69.6,180.6
1,173.2,79.3,60,26.45,1.953,0.27032,0.19591,0.18992,0.21245,0.33931,0.39072,0.62721,0.16652,0.12386,0.17382,0.04183,0.0729,105.3,88.8,103.9,46.3,43.6,26.6,58.1,18.4,23.7,79.2,107.4,66.9,173.2
1,177.9,84.1,46,26.55,2.038,0.25681,0.18651,0.19029,0.20241,0.32147,0.37018,0.59424,0.15853,0.1241,0.16561,0.04151,0.06931,106.6,94.5,105.1,46.7,44.0,28.0,58.5,18.6,25.0,79.7,108.1,67.3,177.9
1,174.5,57.1,60,18.74,1.664,0.26713,0.18242,0.18628,0.19862,0.34386,0.39596,0.63563,0.15506,0.12149,0.16251,0.03908,0.07153,97.6,86.6,96.6,45.5,42.5,24.7,58.5,18.3,22.0,79.8,108.2,67.4,174.5
1,176.2,74.5,56,24.0,1.91,0.26437,0.18377,0.19848,0.19961,0.33407,0.38468,0.61752,0.1562,0.12945,0.16332,0.04251,0.07116,102.4,96.2,101.1,46.9,44.1,28.2,59.3,18.7,24.9,80.8,109.5,68.2,176.2
1,180.0,92.0,19,28.41,2.145,0.27529,0.19074,0.20734,0.20693,0.34209,0.39392,0.63235,0.16213,0.13522,0.1693,0.0441,0.07444,104.4,98.6,102.9,47.9,45.3,29.3,59.6,19.0,25.4,81.2,110.1,68.6,180.0
1,169.4,71.3,36,24.85,1.831,0.26394,0.20157,0.19566,0.21863,0.33366,0.38422,0.61677,0.17133,0.12761,0.17888,0.04366,0.07104,104.5,88.2,103.1,43.6,40.9,26.5,55.1,17.4,23.8,75.1,101.8,63.4,169.4
1,191.2,74.1,21,20.27,1.984,0.26125,0.17675,0.19008,0.19258,0.33238,0.38274,0.6144,0.15024,0.12397,0.15756,0.03981,0.07019,106.3,99.4,105.3,50.0,46.9,27.2,63.7,20.0,25.2,86.8,117.7,73.3,191.2
1,168.0,70.0,23,24.83,1.808,0.26055,0.17593,0.18045,0.19079,0.32962,0.37956,0.60929,0.14954,0.11768,0.1561,0.03733,0.07011,93.8,83.7,92.5,44.2,41.6,25.3,56.0,17.7,21.0,76.3,103.5,64.4,168.0
1,166.4,89.5,66,32.32,2.034,0.27127,0.19533,0.22137,0.2109,0.33543,0.38625,0.62003,0.16603,0.14437,0.17256,0.04813,0.07346,101.8,100.3,99.9,45.0,42.5,31.5,55.7,17.8,26.4,75.9,102.9,64.1,166.4
1,184.2,102.4,54,30.18,2.289,0.27169,0.19031,0.19905,0.20651,0.3348,0.38553,0.61888,0.16176,0.12982,0.16896,0.04334,0.07364,110.4,100.4,108.9,50.2,47.5,29.8,61.8,19.8,26.5,84.3,114.3,71.2,184.2
1,181.4,81.6,45,24.8,2.028,0.25381,0.18627,0.17788,0.20241,0.31908,0.36742,0.58981,0.15833,0.11601,0.1656,0.0385,0.06842,106.8,88.7,105.5,46.3,43.6,25.7,58.2,18.4,23.2,79.4,107.7,67.1,181.4
1,180.2,93.7,47,28.87,2.166,0.25675,0.19277,0.19793,0.2091,0.31851,0.36677,0.58876,0.16385,0.12909,0.17108,0.04419,0.06946,111.9,99.9,110.3,47.4,44.8,29.7,58.9,18.8,27.0,80.3,108.8,67.8,180.2
1,180.2,76.9,24,23.69,1.962,0.24948,0.18986,0.20243,0.20636,0.31502,0.36275,0.58231,0.16138,0.13202,0.16884,0.04457,0.06717,108.3,100.4,107.0,45.3,42.6,29.0,57.2,18.1,26.8,78.0,105.8,65.9,180.2
1,175.4,59.6,26,19.38,1.705,0.25649,0.17984,0.1814,0.19576,0.32935,0.37925,0.6088,0.15287,0.1183,0.16017,0.03885,0.06873,100.8,88.4,99.7,45.8,42.8,25.3,58.7,18.4,22.9,80.1,108.6,67.7,175.4
1,168.8,62.1,42,21.79,1.706,0.25942,0.18092,0.19148,0.19656,0.33132,0.38152,0.61244,0.15378,0.12488,0.16082,0.04013,0.06962,95.1,87.6,94.0,43.4,40.7,26.0,55.5,17.4,22.2,75.6,102.5,63.9,168.8
1,176.1,98.1,50,31.64,2.19,0.27418,0.20028,0.21169,0.21682,0.33779,0.38897,0.6244,0.17024,0.13806,0.1774,0.04684,0.07432,109.2,100.3,107.4,47.6,45.0,30.6,58.6,18.7,26.9,79.9,108.3,67.5,176.1
1,170.4,69.8,18,24.02,1.817,0.25559,0.18898,0.19066,0.20511,0.32382,0.37288,0.59857,0.16063,0.12434,0.16781,0.04106,0.06875,100.1,87.8,98.7,43.1,40.4,26.2,54.6,17.2,22.9,74.4,100.9,62.8,170.4
1,182.8,80.6,68,24.13,2.024,0.27078,0.17795,0.18162,0.19346,0.34099,0.39265,0.63031,0.15126,0.11845,0.15828,0.03776,0.07296,101.7,90.2,100.5,49.2,46.3,26.0,62.0,19.6,22.7,84.6,114.6,71.4,182.8
1,174.4,72.8,23,23.93,1.878,0.25138,0.18593,0.17093,0.20192,0.318,0.36618,0.58781,0.15804,0.11148,0.16521,0.03709,0.06764,103.2,82.5,101.9,44.4,41.7,24.3,56.2,17.7,21.7,76.6,103.8,64.7,174.4
1,169.3,95.5,35,33.3,2.119,0.27319,0.19,0.21262,0.2052,0.33614,0.38708,0.62136,0.1615,0.13867,0.16789,0.04534,0.07407,100.8,98.0,98.9,46.1,43.6,30.6,56.7,18.2,25.3,77.4,104.9,65.3,169.3
1,173.1,95.7,27,31.94,2.145,0.27146,0.21141,0.22173,0.22868,0.33471,0.38543,0.61871,0.1797,0.14461,0.18711,0.05097,0.07356,113.6,103.6,111.7,46.4,43.9,31.9,57.3,18.3,28.8,78.1,105.8,65.9,173.1
1,178.6,111.4,45,34.91,2.35,0.26777,0.19833,0.2174,0.21458,0.32586,0.37523,0.60235,0.16858,0.14178,0.17557,0.04835,0.07282,112.3,107.0,110.4,48.2,45.8,32.9,58.7,18.9,28.8,80.1,108.5,67.6,178.6
1,171.3,71.7,28,24.44,1.847,0.25998,0.18471,0.19595,0.20045,0.3288,0.37862,0.60779,0.157,0.1278,0.164,0.04174,0.06997,99.2,91.5,97.9,44.4,41.8,27.3,56.2,17.7,23.6,76.7,103.9,64.7,171.3
1,169.3,75.0,50,26.16,1.878,0.25824,0.18287,0.20616,0.19822,0.32508,0.37433,0.6009,0.15544,0.13445,0.16218,0.04353,0.06959,97.5,95.6,96.1,43.8,41.2,28.9,55.2,17.5,24.4,75.2,102.0,63.5,169.3
1,177.3,62.7,18,19.94,1.757,0.27094,0.18063,0.18885,0.1966,0.34699,0.39956,0.64141,0.15354,0.12316,0.16085,0.03927,0.07266,98.2,89.3,97.1,46.9,43.9,25.4,60.0,18.8,22.5,81.9,111.0,69.1,177.3
1,177.3,98.2,30,31.24,2.2,0.27118,0.21281,0.20925,0.2305,0.3343,0.38495,0.61795,0.18089,0.13647,0.18859,0.0485,0.07349,117.1,100.1,115.3,47.5,44.9,30.4,58.5,18.7,28.1,79.8,108.2,67.4,177.3
1,171.7,61.9,54,21.01,1.719,0.25378,0.18718,0.17882,0.20351,0.32456,0.37374,0.59995,0.1591,0.11662,0.16651,0.03855,0.06808,100.1,83.1,98.9,43.2,40.4,24.3,55.2,17.3,21.7,75.3,102.1,63.6,171.7
1,172.0,76.5,37,25.86,1.911,0.25352,0.1743,0.20449,0.18903,0.31903,0.36737,0.58973,0.14815,0.13336,0.15466,0.0425,0.06832,96.7,98.6,95.3,44.7,42.1,29.6,56.3,17.8,24.8,76.8,104.1,64.8,172.0
1,177.2,66.7,18,21.23,1.812,0.26015,0.19026,0.18918,0.20695,0.3317,0.38196,0.61315,0.16172,0.12338,0.16932,0.04156,0.06985,105.7,91.4,104.5,46.0,43.1,26.3,58.6,18.4,24.3,80.0,108.4,67.5,177.2
1,164.6,62.1,69,22.91,1.685,0.2629,0.18815,0.1786,0.20418,0.33514,0.38592,0.61951,0.15993,0.11648,0.16706,0.03874,0.07059,97.5,80.5,96.2,43.4,40.7,24.4,55.3,17.4,21.1,75.4,102.2,63.7,164.6
1,164.9,60.1,20,22.07,1.659,0.25446,0.17895,0.17517,0.1943,0.32521,0.37448,0.60114,0.1521,0.11424,0.15897,0.03663,0.06828,93.0,79.1,91.8,42.1,39.4,23.8,53.8,16.9,20.0,73.3,99.4,61.9,164.9
1,170.1,66.1,35,22.85,1.768,0.25062,0.18022,0.19179,0.19571,0.3188,0.3671,0.58929,0.15319,0.12508,0.16013,0.041,0.06734,98.6,91.3,97.4,43.7,40.9,27.1,55.5,17.5,23.6,75.7,102.7,63.9,170.1
1,173.9,69.8,58,23.08,1.836,0.25595,0.18075,0.17757,0.19636,0.32477,0.37397,0.60033,0.15364,0.11581,0.16066,0.03787,0.06882,100.4,85.8,99.1,45.2,42.5,25.2,57.4,18.1,22.1,78.3,106.1,66.1,173.9
1,177.8,72.9,31,23.05,1.898,0.26478,0.19514,0.20289,0.2121,0.33542,0.38624,0.62002,0.16587,0.13232,0.17353,0.0454,0.07122,109.1,98.7,107.8,47.1,44.3,28.6,59.7,18.8,26.7,81.4,110.4,68.8,177.8
1,186.6,98.7,48,28.36,2.262,0.26349,0.19267,0.18384,0.20928,0.32633,0.37578,0.60322,0.16377,0.11989,0.17123,0.03999,0.07132,111.1,92.2,109.7,48.4,45.7,26.9,59.9,19.1,24.3,81.7,110.7,69.0,186.6
1,181.9,70.2,44,21.21,1.883,0.25959,0.18143,0.1945,0.19744,0.33038,0.38044,0.61071,0.15422,0.12685,0.16154,0.04162,0.06974,104.6,97.5,103.5,47.7,44.7,27.6,60.6,19.1,25.3,82.7,112.1,69.8,181.9
1,174.3,78.6,34,25.87,1.951,0.25855,0.18453,0.19733,0.20021,0.32498,0.37421,0.60071,0.15685,0.1287,0.16381,0.0422,0.0697,101.7,94.5,100.3,45.3,42.7,28.2,57.0,18.0,24.5,77.7,105.3,65.6,174.3
1,175.4,92.4,63,30.04,2.121,0.27168,0.19112,0.2109,0.20701,0.33662,0.38762,0.62223,0.16246,0.13755,0.16938,0.04488,0.07353,102.6,98.4,101.0,46.4,43.8,29.8,57.5,18.3,25.4,78.4,106.3,66.2,175.4
1,168.0,65.4,46,23.17,1.747,0.26865,0.19416,0.18517,0.21076,0.34168,0.39345,0.63159,0.16504,0.12076,0.17244,0.04124,0.07218,102.9,85.4,101.6,45.3,42.5,25.6,57.7,18.2,23.0,78.6,106.6,66.4,168.0
1,175.4,69.1,53,22.47,1.835,0.25818,0.17632,0.20102,0.19164,0.32807,0.37778,0.60643,0.14987,0.1311,0.15679,0.04169,0.06939,97.3,96.5,96.2,45.4,42.6,28.1,57.6,18.2,24.2,78.6,106.5,66.4,175.4
1,173.3,72.6,54,24.18,1.87,0.26443,0.18627,0.19575,0.20223,0.3344,0.38507,0.61814,0.15833,0.12766,0.16546,0.04213,0.07117,101.6,92.9,100.3,45.9,43.1,27.5,58.1,18.3,24.2,79.2,107.3,66.9,173.3
1,177.9,94.6,43,29.87,2.162,0.26495,0.18087,0.19329,0.19603,0.32799,0.37768,0.60628,0.15374,0.12606,0.16039,0.04097,0.07172,103.2,95.9,101.7,48.1,45.5,28.9,59.6,19.0,24.6,81.2,110.1,68.6,177.9
1,169.3,73.9,34,25.77,1.864,0.25783,0.18636,0.18165,0.20204,0.32498,0.37421,0.60071,0.15841,0.11847,0.16531,0.03862,0.06945,98.3,83.3,96.9,43.3,40.7,25.2,54.5,17.3,21.4,74.4,100.8,62.8,169.3
1,179.4,74.4,39,23.11,1.925,0.24865,0.18528,0.18901,0.20141,0.31471,0.36239,0.58173,0.15748,0.12327,0.16479,0.04095,0.0669,105.5,93.5,104.2,45.0,42.3,27.0,57.0,18.0,24.5,77.7,105.4,65.7,179.4
1,187.0,94.1,42,26.91,2.211,0.26939,0.18712,0.19985,0.20336,0.33527,0.38607,0.61974,0.15905,0.13034,0.16639,0.0432,0.07282,110.0,102.1,108.7,50.4,47.6,29.6,62.7,20.0,26.7,85.5,115.9,72.2,187.0
1,174.7,64.7,19,21.21,1.772,0.25461,0.18558,0.17421,0.20181,0.325,0.37424,0.60076,0.15774,0.11361,0.16512,0.0374,0.06834,101.2,82.6,100.0,44.2,41.4,23.9,56.4,17.7,21.5,76.9,104.2,64.9,174.7
1,178.5,88.3,39,27.72,2.093,0.26339,0.19561,0.20526,0.21221,0.32831,0.37806,0.60688,0.16627,0.13386,0.17363,0.0446,0.07117,106.6,97.3,105.1,45.7,43.1,28.9,56.9,18.1,25.6,77.7,105.3,65.6,178.5
1,180.7,86.9,22,26.61,2.088,0.26413,0.19306,0.18947,0.20962,0.33012,0.38013,0.61021,0.1641,0.12357,0.1715,0.04239,0.07131,111.8,95.4,110.3,48.7,45.9,28.0,60.8,19.3,25.8,83.0,112.5,70.1,180.7
1,172.5,71.1,21,23.9,1.846,0.25861,0.19486,0.19242,0.21156,0.32747,0.37708,0.60532,0.16563,0.12549,0.17309,0.0424,0.06957,104.2,89.5,102.9,44.0,41.4,26.5,55.8,17.6,23.9,76.0,103.1,64.2,172.5
1,177.2,69.3,53,22.07,1.847,0.25887,0.18196,0.19463,0.19784,0.32914,0.379,0.6084,0.15466,0.12693,0.16187,0.04092,0.06956,100.0,93.0,98.8,45.3,42.5,26.9,57.6,18.1,23.7,78.5,106.4,66.3,177.2
1,175.6,67.6,23,21.91,1.815,0.26689,0.18102,0.19524,0.1968,0.33975,0.39122,0.62802,0.15386,0.12733,0.16102,0.04159,0.0717,100.8,94.6,99.6,47.3,44.4,27.4,60.2,19.0,24.4,82.1,111.3,69.4,175.6
1,176.2,84.2,69,27.12,2.031,0.25743,0.19305,0.20704,0.2094,0.32191,0.37069,0.59505,0.16409,0.13503,0.17133,0.0452,0.06949,105.9,98.8,104.5,45.0,42.4,29.5,56.2,17.9,26.1,76.7,103.9,64.7,176.2
1,169.7,86.7,38,30.09,2.021,0.26525,0.2019,0.20221,0.21841,0.32964,0.37958,0.60933,0.17162,0.13188,0.1787,0.04466,0.07173,105.1,91.5,103.3,43.9,41.5,28.2,54.6,17.4,24.5,74.4,100.9,62.9,169.7
1,175.7,70.2,30,22.75,1.851,0.25463,0.18159,0.18852,0.19734,0.32321,0.37219,0.59746,0.15435,0.12295,0.16146,0.04025,0.06846,101.4,91.5,100.2,45.3,42.5,26.7,57.4,18.1,23.7,78.3,106.2,66.1,175.7
1,179.2,86.1,54,26.81,2.071,0.26371,0.19215,0.19919,0.20856,0.3296,0.37954,0.60927,0.16333,0.1299,0.17064,0.0436,0.0712,107.8,97.2,106.4,47.1,44.4,28.7,58.9,18.7,25.7,80.3,108.8,67.8,179.2
1,186.4,63.6,42,18.3,1.814,0.25399,0.17817,0.17125,0.19418,0.32607,0.37547,0.60273,0.15145,0.11168,0.15887,0.03591,0.06807,103.7,86.7,102.7,47.1,44.0,23.7,60.4,18.9,22.0,82.4,111.7,69.6,186.4
1,182.7,76.5,43,22.93,1.971,0.25694,0.18715,0.19436,0.20354,0.32494,0.37417,0.60064,0.15908,0.12675,0.16654,0.04193,0.06915,106.6,96.2,105.4,46.6,43.7,27.5,58.9,18.6,25.1,80.3,108.9,67.8,182.7
1,191.6,91.5,56,24.91,2.207,0.27498,0.19929,0.21331,0.21687,0.34389,0.39599,0.63567,0.1694,0.13911,0.17744,0.0481,0.07423,118.6,110.4,117.3,52.1,49.1,31.2,65.2,20.7,30.1,88.8,120.4,75.0,191.6
1,169.7,62.9,37,21.84,1.722,0.26054,0.18529,0.18537,0.20133,0.33256,0.38295,0.61474,0.1575,0.1209,0.16473,0.03976,0.06994,98.6,85.7,97.4,44.1,41.3,25.4,56.3,17.7,22.3,76.8,104.1,64.8,169.7
1,182.0,72.1,50,21.75,1.909,0.26486,0.1884,0.17637,0.20498,0.33643,0.38741,0.62189,0.16014,0.11502,0.16771,0.03832,0.07119,106.9,87.0,105.8,47.8,44.9,24.7,60.8,19.1,22.9,82.9,112.3,70.0,182.0
1,176.9,70.8,31,22.64,1.866,0.25577,0.18507,0.1856,0.20117,0.32459,0.37378,0.60001,0.15731,0.12104,0.16459,0.0403,0.06876,104.3,90.9,103.0,45.9,43.0,26.4,58.2,18.3,23.9,79.4,107.6,67.0,176.9
1,191.9,96.3,53,26.15,2.266,0.26728,0.19124,0.19006,0.20805,0.33273,0.38314,0.61504,0.16255,0.12395,0.17022,0.04178,0.07224,115.0,99.4,113.8,51.2,48.3,28.3,63.7,20.3,26.5,86.9,117.8,73.4,191.9
1,169.4,69.9,34,24.33,1.813,0.26358,0.18538,0.19539,0.20113,0.33376,0.38432,0.61694,0.15757,0.12743,0.16456,0.04199,0.07091,99.4,91.1,98.0,45.0,42.2,27.3,57.0,18.0,23.7,77.7,105.3,65.6,169.4
1,169.2,51.2,38,17.89,1.552,0.24544,0.1666,0.17609,0.18143,0.31746,0.36556,0.58682,0.14161,0.11484,0.14845,0.0356,0.06564,90.2,82.9,89.3,42.3,39.5,24.0,54.7,17.1,20.3,74.6,101.2,63.0,169.2
1,171.0,53.2,63,18.21,1.59,0.25496,0.18147,0.17421,0.1976,0.32921,0.3791,0.60855,0.15425,0.11362,0.16168,0.03737,0.06821,98.2,82.0,97.2,43.9,41.0,23.6,56.7,17.7,21.3,77.4,104.9,65.3,171.0
1,159.6,58.2,33,22.85,1.606,0.26288,0.16671,0.18314,0.18081,0.33595,0.38685,0.62099,0.1417,0.11944,0.14793,0.03596,0.07054,83.2,79.5,82.1,41.8,39.1,24.5,53.4,16.8,18.9,72.8,98.7,61.5,159.6
1,171.6,78.9,63,26.81,1.939,0.27289,0.1897,0.19585,0.20562,0.34242,0.3943,0.63296,0.16124,0.12773,0.16824,0.04221,0.0736,101.6,91.2,100.1,46.5,43.8,27.5,58.4,18.5,23.8,79.6,107.9,67.2,171.6
1,169.8,49.0,33,17.0,1.521,0.25932,0.17675,0.17057,0.1926,0.33633,0.38729,0.62171,0.15024,0.11124,0.15758,0.03625,0.06929,96.1,80.7,95.2,44.9,41.9,23.2,58.2,18.2,20.7,79.4,107.6,67.0,169.8
1,176.6,72.4,37,23.22,1.885,0.2572,0.17445,0.18079,0.18956,0.32581,0.37518,0.60226,0.14828,0.1179,0.1551,0.03751,0.06919,98.2,88.5,97.0,46.1,43.3,25.8,58.4,18.4,22.2,79.6,107.9,67.2,176.6
1,178.1,73.3,46,23.13,1.905,0.26942,0.18882,0.18073,0.20523,0.34118,0.39288,0.63067,0.1605,0.11787,0.16791,0.03909,0.07248,104.5,87.0,103.2,47.5,44.6,25.2,60.1,19.0,22.8,82.0,111.1,69.2,178.1
1,189.6,110.8,45,30.82,2.415,0.25678,0.19604,0.22091,0.21292,0.31476,0.36245,0.58183,0.16663,0.14407,0.17421,0.04886,0.06969,115.9,113.5,114.4,48.3,45.8,33.4,59.2,19.0,30.4,80.8,109.5,68.2,189.6
1,182.6,78.8,25,23.62,1.999,0.27328,0.18648,0.19094,0.20276,0.34477,0.39701,0.63731,0.1585,0.12453,0.16589,0.04087,0.07359,105.6,94.0,104.4,49.3,46.3,27.0,62.1,19.6,24.4,84.7,114.9,71.6,182.6
1,171.2,77.7,41,26.51,1.922,0.26419,0.19777,0.20083,0.21439,0.33188,0.38217,0.61348,0.1681,0.13097,0.17541,0.04421,0.07123,104.2,92.0,102.7,44.3,41.7,27.8,55.7,17.6,24.5,75.9,102.9,64.1,171.2
1,168.8,72.8,20,25.56,1.847,0.26241,0.18925,0.19661,0.20518,0.33106,0.38122,0.61196,0.16086,0.12822,0.16787,0.0423,0.07067,99.5,89.9,98.1,43.9,41.3,27.2,55.4,17.5,23.4,75.6,102.4,63.8,168.8
1,179.2,58.4,42,18.18,1.705,0.25694,0.16538,0.17938,0.18017,0.33084,0.38097,0.61155,0.14058,0.11699,0.14741,0.03578,0.0688,93.7,88.4,92.8,46.3,43.3,24.7,59.7,18.7,21.3,81.3,110.3,68.7,179.2
1,165.6,77.0,36,28.08,1.882,0.2629,0.18448,0.1888,0.19961,0.32955,0.37949,0.60918,0.15681,0.12313,0.16332,0.03977,0.07092,95.8,85.3,94.2,43.5,40.9,26.4,54.5,17.3,21.7,74.3,100.7,62.7,165.6
1,189.2,92.6,50,25.85,2.206,0.27211,0.20116,0.1893,0.21877,0.33955,0.39099,0.62764,0.17099,0.12346,0.17899,0.04246,0.0735,116.7,95.5,115.4,50.2,47.4,27.3,62.7,19.9,25.9,85.5,115.9,72.2,189.2
1,184.3,91.8,19,27.01,2.168,0.28464,0.20225,0.20296,0.2197,0.3546,0.40832,0.65547,0.17192,0.13237,0.17976,0.04498,0.07692,112.5,98.1,111.1,50.4,47.5,28.6,62.8,20.0,26.3,85.6,116.0,72.3,184.3
1,172.0,124.2,32,42.0,2.436,0.2759,0.22419,0.23589,0.24141,0.32974,0.3797,0.60952,0.19056,0.15384,0.19751,0.05529,0.07538,120.3,110.1,117.8,47.1,44.9,35.3,56.3,18.3,31.2,76.8,104.1,64.9,172.0
1,162.7,48.4,39,18.31,1.479,0.25135,0.18548,0.17168,0.20187,0.32542,0.37473,0.60153,0.15765,0.11197,0.16516,0.03695,0.0672,94.0,75.7,93.0,40.6,37.8,22.6,52.5,16.4,19.7,71.6,97.1,60.5,162.7
1,185.7,111.7,27,32.42,2.4,0.28294,0.20038,0.21169,0.21736,0.34569,0.39807,0.63901,0.17033,0.13806,0.17784,0.0472,0.07686,115.6,106.2,114.0,52.0,49.3,31.8,63.5,20.4,28.7,86.6,117.4,73.1,185.7
1,174.6,73.1,35,23.97,1.883,0.26378,0.19927,0.20679,0.2164,0.3336,0.38414,0.61665,0.16938,0.13486,0.17705,0.04682,0.07099,109.3,98.6,107.9,46.0,43.3,29.0,58.2,18.4,27.0,79.4,107.7,67.1,174.6
1,184.8,89.2,39,26.13,2.14,0.27909,0.1938,0.18625,0.2106,0.34867,0.4015,0.64451,0.16473,0.12147,0.17231,0.04077,0.07536,110.6,92.4,109.2,50.7,47.8,26.8,63.3,20.1,24.5,86.3,117.1,72.9,184.8
1,163.5,66.5,63,24.86,1.738,0.26883,0.18207,0.18718,0.19731,0.34078,0.39241,0.62992,0.15476,0.12207,0.16144,0.03888,0.0723,92.2,82.4,90.8,43.3,40.7,25.3,54.9,17.3,20.7,74.9,101.5,63.2,163.5
1,171.0,68.7,66,23.49,1.806,0.25454,0.18141,0.20403,0.19697,0.32297,0.37191,0.59701,0.1542,0.13306,0.16115,0.04284,0.06844,96.9,94.8,95.7,43.3,40.6,28.2,54.9,17.3,24.1,74.9,101.6,63.3,171.0
1,175.5,70.8,44,22.98,1.858,0.26227,0.17067,0.1872,0.18545,0.33267,0.38307,0.61493,0.14507,0.12209,0.15173,0.03794,0.07052,94.6,90.2,93.4,46.3,43.4,26.3,58.7,18.5,22.1,80.0,108.5,67.6,175.5
1,175.9,81.3,30,26.3,1.993,0.25206,0.19357,0.18616,0.21003,0.31613,0.36402,0.58436,0.16453,0.12141,0.17184,0.04176,0.06799,109.4,91.5,107.9,45.4,42.7,27.2,56.9,18.0,24.9,77.6,105.2,65.5,175.9
1,172.1,59.1,50,19.93,1.68,0.26002,0.18949,0.1914,0.20615,0.33368,0.38423,0.61679,0.16107,0.12482,0.16867,0.04171,0.06969,101.4,89.0,100.2,44.3,41.4,25.8,56.8,17.8,23.5,77.5,105.0,65.4,172.1
1,180.2,90.9,22,28.01,2.133,0.26568,0.18711,0.20202,0.20303,0.33055,0.38064,0.61102,0.15904,0.13175,0.16612,0.04332,0.07182,105.6,99.1,104.1,47.7,45.0,29.4,59.4,18.9,25.7,81.0,109.7,68.4,180.2
1,167.5,66.0,43,23.51,1.752,0.24851,0.18014,0.1833,0.19549,0.31579,0.36364,0.58373,0.15312,0.11954,0.15995,0.0387,0.06679,95.9,84.8,94.6,42.1,39.5,25.5,53.5,16.8,21.7,72.9,98.9,61.6,167.5
1,174.4,64.3,30,21.13,1.765,0.24992,0.17843,0.18228,0.19404,0.31913,0.36749,0.58991,0.15167,0.11888,0.15876,0.03866,0.06708,99.5,88.4,98.3,44.3,41.5,25.6,56.6,17.8,22.7,77.2,104.7,65.2,174.4
1,176.4,72.8,44,23.39,1.889,0.27483,0.18117,0.1864,0.19684,0.34797,0.4007,0.64322,0.15399,0.12157,0.16105,0.03906,0.07394,99.4,88.9,98.2,48.0,45.1,26.0,60.8,19.2,22.6,82.9,112.4,70.0,176.4
1,179.4,97.2,31,30.22,2.201,0.26193,0.18084,0.19269,0.19603,0.32361,0.37264,0.59819,0.15371,0.12567,0.16039,0.04097,0.07094,104.4,96.7,102.9,48.1,45.5,29.1,59.5,19.0,24.9,81.1,109.9,68.5,179.4
1,180.8,75.5,41,23.1,1.948,0.26114,0.18464,0.18979,0.20076,0.33032,0.38037,0.61059,0.15695,0.12377,0.16426,0.0406,0.07027,104.4,93.3,103.2,47.0,44.2,26.9,59.5,18.8,24.2,81.1,109.9,68.5,180.8
1,167.1,73.7,20,26.41,1.85,0.275,0.1881,0.18886,0.20378,0.34629,0.39876,0.64012,0.15989,0.12317,0.16673,0.04021,0.0741,97.5,85.1,96.0,45.4,42.7,26.0,57.1,18.1,21.9,77.9,105.6,65.8,167.1
1,164.0,60.3,64,22.43,1.658,0.25846,0.18064,0.18644,0.19608,0.33009,0.3801,0.61016,0.15354,0.12159,0.16043,0.0389,0.06937,92.3,82.8,91.1,42.0,39.4,25.1,53.7,16.9,20.9,73.2,99.2,61.8,164.0
1,185.1,96.1,68,28.04,2.222,0.26391,0.19351,0.2038,0.21016,0.32747,0.37708,0.60532,0.16448,0.13291,0.17195,0.04518,0.07139,113.2,103.7,111.7,49.1,46.4,30.4,61.0,19.4,27.8,83.1,112.7,70.2,185.1
1,178.0,87.9,66,27.74,2.084,0.26487,0.19602,0.20276,0.21263,0.33023,0.38027,0.61043,0.16662,0.13223,0.17397,0.04567,0.07156,111.7,100.5,110.2,48.0,45.3,29.9,59.9,19.0,27.4,81.7,110.7,69.0,178.0
1,169.9,95.3,47,33.03,2.121,0.26825,0.19773,0.22124,0.2136,0.33024,0.38027,0.61044,0.16807,0.14429,0.17476,0.04837,0.07272,104.6,101.8,102.7,45.2,42.7,31.7,55.6,17.8,26.9,75.8,102.8,64.0,169.9
1,187.1,85.4,52,24.38,2.107,0.26355,0.19238,0.19437,0.20925,0.33093,0.38107,0.61171,0.16352,0.12676,0.1712,0.04246,0.07107,111.1,97.6,109.9,48.4,45.6,27.8,60.8,19.3,25.8,83.0,112.4,70.0,187.1
1,176.4,86.1,65,27.67,2.053,0.25031,0.19363,0.20151,0.20998,0.31242,0.35975,0.5775,0.16458,0.13142,0.1718,0.04462,0.06761,108.2,97.9,106.7,44.5,42.0,29.3,55.6,17.7,26.2,75.8,102.7,64.0,176.4
1,184.3,86.3,31,25.4,2.102,0.26044,0.19373,0.20123,0.21056,0.32628,0.37572,0.60313,0.16467,0.13124,0.17227,0.0444,0.07027,111.3,100.6,110.0,47.6,44.9,29.1,59.7,18.9,26.9,81.4,110.3,68.7,184.3
1,176.0,94.2,29,30.4,2.146,0.26791,0.19612,0.21304,0.21243,0.33144,0.38165,0.61266,0.1667,0.13894,0.1738,0.04626,0.07254,105.9,100.1,104.3,46.1,43.5,30.3,57.0,18.2,26.3,77.7,105.3,65.6,176.0
1,191.0,81.9,45,22.47,2.085,0.26362,0.18712,0.18771,0.20374,0.33273,0.38314,0.61504,0.15905,0.12242,0.1667,0.04072,0.07098,111.7,97.4,110.6,50.1,47.1,27.1,63.2,20.0,25.6,86.2,116.9,72.8,191.0
1,188.7,99.6,61,27.99,2.285,0.26158,0.19597,0.19334,0.21297,0.32403,0.37313,0.59897,0.16657,0.12609,0.17425,0.04333,0.0708,116.8,100.2,115.4,49.6,46.9,29.1,61.5,19.6,27.2,83.9,113.7,70.8,188.7
1,173.6,73.3,46,24.31,1.88,0.27662,0.18213,0.19793,0.19773,0.34962,0.40259,0.64626,0.15481,0.12908,0.16178,0.04135,0.07446,97.8,92.4,96.5,47.3,44.4,27.4,59.8,18.9,23.4,81.5,110.5,68.8,173.6
1,182.8,82.8,60,24.79,2.051,0.25425,0.19287,0.17885,0.20962,0.31945,0.36785,0.59049,0.16394,0.11664,0.17151,0.0399,0.06855,112.0,90.3,110.7,47.0,44.2,26.1,59.0,18.7,24.4,80.5,109.1,68.0,182.8
1,180.3,82.5,34,25.37,2.033,0.26498,0.19265,0.18908,0.20926,0.33264,0.38304,0.61488,0.16375,0.12331,0.17121,0.04232,0.07146,111.3,95.0,109.9,48.7,45.9,27.7,61.2,19.4,25.7,83.4,113.1,70.4,180.3
1,185.8,89.7,57,25.99,2.151,0.26854,0.18844,0.17952,0.20481,0.33549,0.38632,0.62015,0.16017,0.11708,0.16758,0.03867,0.07251,108.6,90.0,107.4,49.3,46.5,26.0,61.6,19.6,23.5,84.0,113.8,70.9,185.8
1,168.3,69.6,66,24.6,1.804,0.26329,0.18506,0.17927,0.20073,0.33328,0.38378,0.61607,0.1573,0.11692,0.16423,0.03841,0.07084,98.4,82.9,97.1,44.6,41.9,25.0,56.4,17.8,21.5,76.9,104.3,65.0,168.3
1,180.6,84.3,38,25.85,2.057,0.26601,0.19189,0.1883,0.2084,0.33333,0.38384,0.61616,0.1631,0.1228,0.17051,0.04153,0.07177,109.4,93.4,108.0,48.3,45.5,27.3,60.5,19.2,24.9,82.5,111.8,69.7,180.6
1,183.4,106.7,40,31.71,2.332,0.25473,0.19363,0.2174,0.20997,0.31239,0.35973,0.57746,0.16458,0.14178,0.17179,0.04799,0.06913,112.6,110.0,111.0,47.2,44.7,33.0,57.8,18.5,29.4,78.9,106.9,66.6,183.4
1,162.3,76.4,37,29.02,1.856,0.26162,0.19181,0.20311,0.20728,0.32758,0.37722,0.60553,0.16304,0.13246,0.1696,0.04412,0.0706,98.5,90.7,96.8,42.8,40.3,28.4,53.5,17.0,23.9,73.0,99.0,61.7,162.3
1,166.6,79.2,28,28.51,1.914,0.26789,0.1955,0.19864,0.21152,0.33518,0.38596,0.61957,0.16617,0.12955,0.17307,0.04303,0.07231,100.2,88.6,98.6,43.7,41.2,27.3,54.7,17.4,23.2,74.6,101.1,63.0,166.6
1,160.2,60.0,51,23.38,1.634,0.25917,0.17833,0.19635,0.19336,0.33057,0.38065,0.61104,0.15158,0.12806,0.1582,0.03992,0.06958,87.6,83.8,86.3,40.5,38.0,25.9,51.7,16.2,20.6,70.5,95.5,59.5,160.2
1,173.5,65.9,27,21.9,1.782,0.26842,0.18948,0.19734,0.20595,0.342,0.39382,0.63218,0.16106,0.1287,0.16851,0.04231,0.07209,100.6,91.1,99.4,45.3,42.5,26.6,57.8,18.2,23.6,78.8,106.8,66.5,173.5
1,180.9,94.5,27,28.88,2.179,0.27976,0.19052,0.2051,0.20668,0.34691,0.39947,0.64126,0.16194,0.13376,0.16911,0.0441,0.0757,106.5,99.7,105.1,49.8,47.0,29.6,61.7,19.7,26.0,84.2,114.1,71.1,180.9
1,186.8,99.6,60,28.54,2.273,0.25416,0.20134,0.19376,0.2187,0.31454,0.3622,0.58143,0.17114,0.12637,0.17894,0.04379,0.06881,117.3,98.2,115.8,47.1,44.5,28.7,58.3,18.6,26.9,79.6,107.8,67.2,186.8
1,176.1,96.8,23,31.22,2.175,0.25893,0.18832,0.20114,0.20391,0.31946,0.36786,0.59051,0.16007,0.13118,0.16684,0.04375,0.07016,106.4,98.9,104.8,46.6,44.1,30.1,57.5,18.4,26.0,78.4,106.2,66.2,176.1
1,187.7,80.6,53,22.86,2.049,0.25422,0.18431,0.18938,0.20059,0.32087,0.36949,0.59313,0.15667,0.12351,0.16412,0.0408,0.06845,109.0,97.4,107.8,47.9,45.0,27.4,60.4,19.1,25.4,82.4,111.7,69.6,187.7
1,165.1,66.0,41,24.18,1.739,0.26876,0.19776,0.18546,0.21446,0.34116,0.39286,0.63064,0.1681,0.12096,0.17547,0.04059,0.07225,99.4,81.1,98.0,43.0,40.3,24.7,54.6,17.2,21.5,74.4,100.9,62.8,165.1
1,162.7,51.8,29,19.57,1.531,0.2526,0.17844,0.17967,0.19403,0.32571,0.37506,0.60207,0.15167,0.11718,0.15875,0.03781,0.06761,91.8,80.4,90.8,41.4,38.7,24.1,53.3,16.7,20.5,72.7,98.6,61.4,162.7
1,175.1,72.3,60,23.6,1.876,0.26335,0.18287,0.19623,0.19864,0.33341,0.38392,0.6163,0.15544,0.12797,0.16253,0.04098,0.07085,98.4,91.8,97.1,45.1,42.3,26.9,57.1,18.0,23.2,77.8,105.5,65.7,175.1
1,178.4,92.5,40,29.06,2.141,0.26981,0.18789,0.20671,0.20372,0.33483,0.38556,0.61892,0.15971,0.13481,0.16668,0.04441,0.07299,105.2,100.6,103.7,48.1,45.4,30.1,59.7,19.0,26.2,81.4,110.3,68.7,178.4
1,175.3,71.7,44,23.34,1.868,0.25817,0.17384,0.18362,0.18886,0.32711,0.37667,0.60465,0.14776,0.11975,0.15452,0.03874,0.06944,99.7,91.6,98.5,47.1,44.3,26.8,59.7,18.8,23.4,81.4,110.4,68.8,175.3
1,160.0,70.5,62,27.55,1.77,0.27864,0.19195,0.20295,0.20753,0.3509,0.40407,0.64864,0.16316,0.13236,0.1698,0.04367,0.07507,95.6,87.9,93.9,44.2,41.5,27.6,55.6,17.6,22.9,75.8,102.8,64.0,160.0
1,174.8,74.3,54,24.32,1.9,0.26229,0.1914,0.19358,0.20783,0.33129,0.38149,0.61239,0.16269,0.12624,0.17005,0.04189,0.07061,103.2,90.7,101.8,45.0,42.3,26.8,56.8,18.0,23.8,77.5,105.1,65.5,174.8
1,165.7,72.2,23,26.27,1.822,0.25205,0.18225,0.19518,0.19741,0.31775,0.36589,0.58735,0.15491,0.12729,0.16152,0.04097,0.06789,95.0,88.4,93.5,41.8,39.3,27.1,52.7,16.7,22.5,71.9,97.4,60.7,165.7
1,180.5,68.7,18,21.07,1.856,0.26676,0.17871,0.1855,0.19446,0.33986,0.39136,0.62823,0.1519,0.12098,0.15911,0.03842,0.07164,99.5,89.8,98.4,47.3,44.3,25.5,60.2,18.9,22.5,82.1,111.4,69.4,180.5
1,178.2,80.5,23,25.35,1.997,0.26427,0.18482,0.18512,0.20069,0.33211,0.38243,0.6139,0.1571,0.12073,0.1642,0.04031,0.07124,106.2,92.5,104.8,48.3,45.5,27.2,60.7,19.2,24.4,82.8,112.2,69.9,178.2
1,168.5,48.2,67,17.0,1.502,0.25309,0.16949,0.17907,0.18468,0.3284,0.37816,0.60704,0.14407,0.11678,0.1511,0.03683,0.06762,91.6,84.2,90.7,43.5,40.6,24.3,56.5,17.6,21.0,77.0,104.4,65.1,168.5
1,171.6,71.7,39,24.34,1.849,0.27009,0.19792,0.17564,0.21481,0.34165,0.39341,0.63153,0.16823,0.11455,0.17575,0.0394,0.07268,106.4,82.1,105.0,46.2,43.4,24.5,58.5,18.5,22.3,79.7,108.1,67.3,171.6
1,167.6,55.0,58,19.6,1.6,0.25709,0.17918,0.18684,0.19491,0.33086,0.38099,0.61159,0.1523,0.12185,0.15947,0.03906,0.06885,93.6,84.9,92.6,42.8,40.0,25.0,55.0,17.2,21.5,75.1,101.7,63.4,167.6
1,175.0,91.9,41,29.99,2.114,0.26835,0.20912,0.20323,0.22649,0.33261,0.38301,0.61482,0.17775,0.13254,0.18531,0.04634,0.07262,112.7,95.2,111.0,46.0,43.5,28.9,57.1,18.2,26.3,77.8,105.5,65.7,175.0
1,182.7,93.8,42,28.12,2.182,0.26885,0.18803,0.19759,0.20412,0.33393,0.38453,0.61727,0.15983,0.12886,0.167,0.04238,0.07271,106.9,97.7,105.5,48.6,45.9,28.8,60.4,19.2,25.4,82.4,111.7,69.6,182.7
1,168.1,75.9,32,26.84,1.882,0.25616,0.17627,0.19406,0.19095,0.32195,0.37073,0.59512,0.14983,0.12656,0.15623,0.04027,0.06905,94.8,90.7,93.4,43.8,41.3,27.7,55.1,17.5,22.8,75.1,101.9,63.5,168.1
1,179.3,101.1,43,31.44,2.243,0.27261,0.1914,0.19678,0.20738,0.33544,0.38627,0.62006,0.16269,0.12834,0.16968,0.04262,0.07391,107.5,96.1,105.8,48.7,46.1,29.0,59.9,19.2,25.2,81.7,110.8,69.0,179.3
1,171.5,63.9,25,21.71,1.744,0.26601,0.18957,0.18032,0.20603,0.33943,0.39086,0.62743,0.16114,0.1176,0.16857,0.0392,0.07141,101.2,83.7,100.0,45.2,42.4,24.6,57.7,18.1,22.0,78.7,106.7,66.4,171.5
1,169.6,93.5,68,32.53,2.099,0.2655,0.20154,0.19589,0.21776,0.32745,0.37706,0.60528,0.17131,0.12775,0.17817,0.04462,0.07194,110.5,93.4,108.5,46.3,43.8,29.1,57.1,18.3,25.7,77.9,105.6,65.8,169.6
1,174.7,87.8,41,28.78,2.065,0.26767,0.18785,0.19952,0.20356,0.33315,0.38363,0.61583,0.15968,0.13012,0.16655,0.04283,0.07235,103.2,95.3,101.6,46.8,44.2,28.8,58.2,18.5,24.8,79.4,107.7,67.1,174.7
1,167.7,68.0,65,24.16,1.779,0.26022,0.18093,0.18244,0.19628,0.32995,0.37995,0.60991,0.15379,0.11898,0.16059,0.03842,0.06998,95.8,84.0,94.5,43.9,41.2,25.3,55.6,17.5,21.4,75.9,102.8,64.1,167.7
1,171.3,87.1,55,29.68,2.036,0.26699,0.18456,0.21352,0.19976,0.33195,0.38225,0.61361,0.15687,0.13925,0.16344,0.04539,0.07219,100.3,100.9,98.7,46.2,43.6,30.9,57.4,18.3,26.0,78.3,106.2,66.1,171.3
1,166.5,58.8,23,21.2,1.649,0.24939,0.17139,0.1972,0.18623,0.31942,0.36781,0.59044,0.14568,0.12861,0.15237,0.03968,0.06688,89.0,89.0,87.9,41.2,38.6,26.6,52.8,16.6,21.7,72.0,97.6,60.8,166.5
1,190.2,80.0,52,22.12,2.057,0.25762,0.18569,0.17111,0.20219,0.32567,0.37502,0.60201,0.15784,0.1116,0.16543,0.03755,0.06934,112.9,90.5,111.8,49.9,46.9,25.2,63.0,19.9,24.0,86.0,116.5,72.6,190.2
1,175.8,70.6,59,22.84,1.856,0.26198,0.18616,0.19348,0.20231,0.33241,0.38278,0.61446,0.15824,0.12618,0.16552,0.04153,0.07044,102.2,92.3,100.9,45.8,42.9,26.9,58.1,18.3,24.0,79.2,107.3,66.9,175.8
1,170.3,67.0,18,23.12,1.78,0.26298,0.18488,0.19573,0.20075,0.33419,0.38482,0.61774,0.15715,0.12765,0.16425,0.04161,0.07068,98.1,90.3,96.8,44.4,41.7,26.8,56.4,17.8,23.2,76.9,104.3,65.0,170.3
1,177.1,67.0,63,21.36,1.815,0.26266,0.17695,0.19216,0.19246,0.33478,0.3855,0.61883,0.15041,0.12532,0.15746,0.0395,0.07053,96.9,91.5,95.8,45.8,42.9,26.3,58.3,18.3,22.8,79.6,107.8,67.2,177.1
1,174.7,91.7,53,30.07,2.11,0.26403,0.20053,0.1956,0.21717,0.32724,0.37682,0.6049,0.17045,0.12757,0.17769,0.04442,0.07145,111.9,94.9,110.2,46.9,44.3,28.8,58.1,18.5,26.1,79.3,107.5,66.9,174.7
1,173.8,72.8,29,24.07,1.874,0.2521,0.17838,0.18445,0.19369,0.31884,0.36715,0.58938,0.15162,0.12029,0.15847,0.03906,0.06785,99.7,89.6,98.4,44.8,42.1,26.5,56.7,17.9,23.0,77.3,104.8,65.3,173.8
1,180.1,85.6,55,26.39,2.069,0.27085,0.19373,0.19209,0.21034,0.33887,0.39021,0.62639,0.16467,0.12528,0.1721,0.04233,0.07311,109.2,94.1,107.7,48.6,45.8,27.7,60.8,19.3,25.1,82.9,112.3,70.0,180.1
1,181.2,75.4,28,22.98,1.948,0.26215,0.17603,0.1856,0.19141,0.3317,0.38195,0.61313,0.14962,0.12105,0.15661,0.03857,0.07054,100.6,92.3,99.5,47.7,44.8,26.5,60.4,19.1,23.2,82.3,111.6,69.5,181.2
1,171.5,56.0,29,19.05,1.634,0.2683,0.18414,0.1775,0.20042,0.34541,0.39774,0.63848,0.15652,0.11576,0.16398,0.03695,0.07185,95.1,79.7,94.1,44.1,41.2,23.1,56.8,17.8,20.1,77.4,104.9,65.4,171.5
1,171.2,76.4,59,26.06,1.906,0.26043,0.19073,0.19492,0.20681,0.32763,0.37728,0.60563,0.16212,0.12712,0.16921,0.04223,0.07019,101.9,90.5,100.4,44.3,41.7,27.2,55.7,17.6,23.7,76.0,103.0,64.1,171.2
1,173.4,56.5,67,18.79,1.65,0.2607,0.17925,0.16793,0.19515,0.33567,0.38653,0.62049,0.15236,0.10952,0.15967,0.0354,0.06981,97.6,79.5,96.6,45.2,42.2,22.8,58.2,18.2,20.3,79.3,107.5,67.0,173.4
1,158.2,62.0,56,24.77,1.651,0.26,0.18403,0.18681,0.19928,0.3305,0.38058,0.61093,0.15642,0.12183,0.16305,0.03954,0.06987,91.7,81.0,90.3,41.2,38.7,25.3,52.4,16.5,20.7,71.5,96.9,60.4,158.2
1,164.1,54.9,24,20.38,1.582,0.24823,0.17769,0.16818,0.19313,0.31908,0.36742,0.58981,0.15104,0.10968,0.15802,0.03555,0.0665,93.3,76.8,92.2,41.5,38.8,23.0,53.3,16.7,19.7,72.7,98.6,61.4,164.1
1,185.8,116.3,28,33.72,2.45,0.2733,0.19712,0.2191,0.21375,0.33241,0.38278,0.61446,0.16756,0.14289,0.17488,0.04829,0.07433,114.1,110.2,112.4,50.3,47.8,33.2,61.2,19.7,29.4,83.5,113.2,70.5,185.8
1,187.8,101.2,53,28.69,2.298,0.26999,0.19583,0.19851,0.21275,0.33376,0.38432,0.61694,0.16646,0.12946,0.17407,0.04425,0.07311,115.7,102.0,114.3,50.8,48.0,29.8,62.8,20.0,27.5,85.6,116.0,72.3,187.8
1,173.6,76.7,69,25.43,1.923,0.26466,0.1877,0.19561,0.20367,0.33325,0.38374,0.616,0.15955,0.12757,0.16664,0.04223,0.07131,102.5,92.9,101.1,46.0,43.3,27.7,57.9,18.3,24.3,79.0,107.1,66.7,173.6
1,179.8,97.8,48,30.25,2.211,0.27018,0.19737,0.21521,0.21396,0.33369,0.38424,0.61681,0.16776,0.14035,0.17506,0.04781,0.07318,111.3,105.6,109.7,48.5,45.9,31.7,59.9,19.1,28.4,81.7,110.8,69.0,179.8
1,177.8,69.7,50,22.04,1.856,0.26094,0.1839,0.19931,0.19998,0.33171,0.38197,0.61316,0.15632,0.12998,0.16362,0.04257,0.07012,102.4,96.5,101.2,46.3,43.4,27.8,58.8,18.5,25.0,80.2,108.7,67.7,177.8
1,198.6,107.1,30,27.15,2.431,0.26533,0.18218,0.17785,0.19837,0.32798,0.37768,0.60627,0.15486,0.11599,0.1623,0.03863,0.07185,116.7,99.1,115.5,54.1,51.1,28.0,66.9,21.4,26.0,91.2,123.6,77.0,198.6
1,183.9,87.2,35,25.79,2.111,0.27363,0.18444,0.19248,0.20042,0.34242,0.3943,0.63295,0.15677,0.12553,0.16398,0.04079,0.07386,105.2,95.5,104.0,49.7,46.8,27.7,62.2,19.7,24.5,84.8,115.0,71.6,183.9
1,174.5,79.3,58,26.04,1.961,0.26321,0.17361,0.19035,0.18835,0.33061,0.38071,0.61114,0.14757,0.12414,0.15411,0.03911,0.07097,96.4,91.9,95.1,46.5,43.8,27.4,58.4,18.5,22.9,79.7,108.0,67.3,174.5
1,168.3,85.8,41,30.29,2.003,0.26183,0.1978,0.20664,0.21389,0.32545,0.37476,0.60158,0.16813,0.13477,0.175,0.04577,0.0708,104.8,95.2,103.0,44.2,41.7,29.5,54.9,17.5,25.5,74.9,101.5,63.2,168.3
1,163.5,74.6,26,27.93,1.841,0.26223,0.19753,0.18749,0.21366,0.32925,0.37913,0.60861,0.1679,0.12228,0.17481,0.04096,0.07071,99.5,82.1,97.9,42.1,39.6,25.5,52.8,16.7,21.7,72.0,97.6,60.8,163.5
1,177.0,81.9,48,26.14,2.007,0.26722,0.1989,0.19326,0.21587,0.33512,0.3859,0.61947,0.16907,0.12604,0.17662,0.04268,0.07208,107.7,91.0,106.3,46.1,43.4,26.9,57.8,18.3,24.3,78.8,106.8,66.5,177.0
1,169.8,56.3,58,19.53,1.63,0.25981,0.17499,0.17584,0.19039,0.33415,0.38478,0.61767,0.14874,0.11468,0.15578,0.03706,0.06959,95.8,83.7,94.8,45.3,42.3,24.4,58.2,18.2,21.4,79.4,107.6,67.1,169.8
1,164.8,58.9,27,21.67,1.642,0.25943,0.16885,0.18402,0.18339,0.33201,0.38231,0.61371,0.14352,0.12001,0.15004,0.03675,0.06959,87.4,82.8,86.3,42.7,40.0,24.9,54.7,17.2,20.0,74.6,101.1,63.0,164.8
1,170.7,71.6,19,24.57,1.842,0.27318,0.18052,0.19469,0.19587,0.34544,0.39778,0.63855,0.15344,0.12697,0.16026,0.04068,0.07352,96.4,90.4,95.1,46.4,43.6,27.0,58.7,18.5,22.9,80.1,108.5,67.6,170.7
1,167.4,71.1,55,25.38,1.818,0.25472,0.18284,0.19111,0.1982,0.32176,0.37051,0.59477,0.15541,0.12464,0.16216,0.041,0.06857,98.4,89.4,96.9,43.6,41.0,27.1,55.1,17.4,23.2,75.1,101.9,63.5,167.4
1,188.2,74.8,32,21.13,1.977,0.26164,0.18603,0.19151,0.20258,0.33224,0.38258,0.61415,0.15813,0.1249,0.16575,0.04119,0.07033,108.7,97.3,107.6,48.6,45.6,27.0,61.8,19.5,25.3,84.2,114.2,71.1,188.2
1,182.1,119.2,20,35.94,2.455,0.27279,0.20392,0.22172,0.22076,0.33009,0.3801,0.61016,0.17333,0.1446,0.18062,0.04993,0.07429,116.5,110.1,114.6,49.6,47.1,33.8,60.0,19.4,30.0,81.8,110.9,69.1,182.1
1,175.4,96.7,60,31.42,2.171,0.26785,0.19935,0.20866,0.2158,0.33035,0.3804,0.61065,0.16945,0.13608,0.17656,0.0464,0.07258,109.6,99.7,107.8,46.9,44.3,30.4,57.8,18.5,26.8,78.8,106.8,66.5,175.4
1,186.6,95.4,48,27.39,2.224,0.25785,0.19005,0.20349,0.2065,0.32042,0.36897,0.5923,0.16154,0.13271,0.16896,0.04487,0.06973,113.0,105.2,111.6,48.8,46.1,30.6,60.6,19.3,28.1,82.7,112.1,69.8,186.6
1,176.1,78.4,23,25.3,1.959,0.25783,0.18937,0.17756,0.20556,0.32441,0.37357,0.59968,0.16096,0.1158,0.16819,0.03843,0.06949,104.1,84.9,102.7,45.1,42.4,25.1,56.8,18.0,22.2,77.4,104.9,65.4,176.1
1,169.0,69.3,20,24.24,1.804,0.26641,0.18348,0.2042,0.19907,0.3375,0.38864,0.62386,0.15595,0.13317,0.16287,0.04291,0.07166,96.2,93.1,94.9,44.5,41.8,28.0,56.3,17.8,23.7,76.8,104.1,64.9,169.0
1,186.9,75.8,28,21.7,1.984,0.26628,0.18956,0.17156,0.20636,0.33761,0.38876,0.62406,0.16113,0.11189,0.16884,0.03767,0.07161,111.1,87.4,110.0,49.7,46.6,24.5,63.0,19.9,23.2,85.9,116.4,72.5,186.9
1,179.5,81.6,32,25.32,2.018,0.27345,0.1843,0.18479,0.20016,0.34347,0.39551,0.6349,0.15665,0.12051,0.16377,0.03966,0.07373,104.8,91.3,103.4,49.5,46.6,26.7,62.1,19.7,23.7,84.7,114.9,71.6,179.5
1,167.7,73.2,62,26.01,1.846,0.25785,0.17846,0.1906,0.19339,0.325,0.37424,0.60075,0.15169,0.12431,0.15823,0.03963,0.06946,94.6,87.9,93.2,43.5,40.9,26.7,54.9,17.4,22.1,74.8,101.4,63.2,167.7
1,174.1,62.9,69,20.77,1.745,0.25711,0.17682,0.18869,0.19232,0.32876,0.37857,0.6077,0.1503,0.12306,0.15735,0.03915,0.06898,96.4,89.4,95.3,44.6,41.8,25.9,57.0,17.9,22.5,77.8,105.4,65.7,174.1
1,168.9,75.1,45,26.31,1.877,0.25837,0.18593,0.17137,0.2015,0.32515,0.37441,0.60103,0.15804,0.11176,0.16486,0.03653,0.06963,98.6,79.0,97.1,43.6,41.0,24.0,54.9,17.4,20.4,74.8,101.5,63.2,168.9
1,165.1,66.7,27,24.45,1.749,0.26966,0.19245,0.19192,0.20867,0.34201,0.39383,0.6322,0.16359,0.12517,0.17073,0.04169,0.07251,98.5,85.4,97.1,43.9,41.2,26.0,55.7,17.6,22.5,76.0,103.0,64.2,165.1
1,182.4,62.6,55,18.8,1.781,0.25946,0.17712,0.1846,0.19294,0.33296,0.38341,0.61548,0.15055,0.12039,0.15786,0.03887,0.06954,102.3,92.7,101.3,47.7,44.6,25.8,61.2,19.2,23.6,83.4,113.1,70.5,182.4
1,189.8,79.3,64,22.0,2.044,0.25162,0.18032,0.19301,0.19634,0.31829,0.36651,0.58835,0.15327,0.12587,0.16064,0.04146,0.06771,109.5,101.9,108.4,48.7,45.7,28.4,61.5,19.4,26.5,83.9,113.8,70.9,189.8
1,165.0,64.0,67,23.52,1.713,0.2561,0.17711,0.18323,0.19214,0.32579,0.37515,0.60222,0.15054,0.1195,0.1572,0.03767,0.06881,91.3,82.2,90.1,42.0,39.4,24.9,53.5,16.8,20.4,72.9,98.8,61.6,165.0
1,179.7,107.3,67,33.22,2.314,0.27302,0.20348,0.2087,0.22035,0.33388,0.38447,0.61717,0.17296,0.13611,0.18028,0.04738,0.07415,115.7,103.2,113.9,49.4,46.9,31.4,60.4,19.4,28.4,82.4,111.7,69.6,179.7
1,170.6,79.2,24,27.21,1.937,0.26835,0.18786,0.19434,0.20355,0.33644,0.38741,0.6219,0.15968,0.12674,0.16654,0.04137,0.07239,99.5,89.5,98.0,45.3,42.6,27.1,56.7,18.0,23.1,77.4,104.9,65.3,170.6
1,171.8,60.5,32,20.48,1.699,0.26154,0.17913,0.17921,0.19482,0.33504,0.38581,0.61932,0.15226,0.11688,0.1594,0.03764,0.07013,96.7,84.1,95.6,44.9,42.1,24.5,57.6,18.1,21.4,78.5,106.4,66.3,171.8
1,171.1,78.8,35,26.92,1.935,0.26092,0.19937,0.19013,0.21608,0.32736,0.37696,0.60512,0.16946,0.124,0.17679,0.04239,0.07037,106.1,88.0,104.5,44.2,41.6,26.6,55.5,17.6,23.7,75.6,102.5,63.9,171.1
1,169.0,56.7,35,19.84,1.631,0.24337,0.17825,0.17101,0.19389,0.31277,0.36016,0.57816,0.15151,0.11153,0.15864,0.03624,0.0652,96.1,80.2,95.0,41.8,39.1,23.5,53.7,16.8,20.6,73.2,99.2,61.8,169.0
1,175.9,91.1,69,29.44,2.109,0.2618,0.18464,0.20717,0.20007,0.32492,0.37415,0.60061,0.15695,0.13511,0.16369,0.04383,0.07082,101.8,99.3,100.3,45.9,43.4,30.0,57.0,18.2,25.4,77.8,105.4,65.7,175.9
1,169.3,66.8,58,23.32,1.772,0.26055,0.17186,0.18692,0.18657,0.33103,0.38119,0.6119,0.14608,0.1219,0.15265,0.03812,0.07003,92.4,87.3,91.2,44.6,41.8,26.1,56.6,17.8,21.6,77.2,104.7,65.2,169.3
1,177.5,77.8,41,24.68,1.958,0.26797,0.18306,0.19292,0.19882,0.33764,0.38879,0.62412,0.1556,0.12582,0.16267,0.04154,0.07219,104.0,95.3,102.7,48.5,45.6,27.9,61.1,19.3,24.8,83.3,112.9,70.3,177.5
1,175.1,93.6,19,30.53,2.134,0.26103,0.18567,0.20459,0.20105,0.32294,0.37187,0.59695,0.15782,0.13343,0.1645,0.04382,0.07067,103.5,99.2,101.9,46.3,43.8,30.1,57.3,18.3,25.7,78.1,105.9,66.0,175.1
1,173.7,62.3,57,20.63,1.733,0.26746,0.18215,0.18636,0.19812,0.3422,0.39405,0.63256,0.15483,0.12154,0.1621,0.03992,0.07174,100.2,89.2,99.1,46.8,43.9,25.8,59.9,18.8,23.1,81.7,110.8,69.0,173.7
1,168.7,57.8,37,20.3,1.645,0.26627,0.18247,0.19087,0.19842,0.34174,0.39352,0.6317,0.1551,0.12448,0.16234,0.04007,0.07136,94.9,86.3,93.8,44.1,41.3,25.4,56.6,17.7,21.9,77.2,104.6,65.2,168.7
1,171.2,67.2,51,22.93,1.787,0.25023,0.18249,0.17288,0.1982,0.31806,0.36625,0.58793,0.15512,0.11274,0.16216,0.03689,0.06725,99.0,81.5,97.7,43.2,40.5,24.1,54.9,17.3,21.1,74.9,101.5,63.2,171.2
1,181.2,96.0,60,29.25,2.198,0.26253,0.18671,0.19327,0.20254,0.32509,0.37435,0.60093,0.1587,0.12605,0.16571,0.04199,0.07106,108.3,97.5,106.8,48.5,45.8,29.0,60.0,19.2,25.6,81.9,111.0,69.1,181.2
1,179.3,64.0,43,19.93,1.786,0.26283,0.18967,0.18088,0.20647,0.33636,0.38733,0.62176,0.16122,0.11797,0.16893,0.03979,0.0705,106.6,88.4,105.5,47.0,44.0,25.0,60.2,18.9,23.5,82.1,111.2,69.3,179.3
1,168.2,48.1,24,17.0,1.499,0.24206,0.18893,0.17345,0.20585,0.31413,0.36172,0.58066,0.16059,0.11312,0.16842,0.03829,0.06467,99.8,79.6,98.8,40.7,37.9,23.0,52.8,16.5,21.3,72.0,97.6,60.8,168.2
1,176.2,72.7,55,23.39,1.886,0.26202,0.18178,0.18308,0.19751,0.33179,0.38206,0.6133,0.15451,0.1194,0.1616,0.03896,0.07049,101.4,88.8,100.2,46.5,43.7,25.9,58.9,18.6,22.9,80.3,108.9,67.8,176.2
1,181.1,89.2,47,27.19,2.119,0.27017,0.19286,0.20603,0.20937,0.33692,0.38797,0.6228,0.16393,0.13437,0.1713,0.04543,0.07299,110.0,102.2,108.6,49.1,46.3,30.1,61.2,19.5,27.3,83.4,113.1,70.4,181.1
1,163.0,79.6,59,29.97,1.898,0.27043,0.1953,0.22047,0.21097,0.3375,0.38864,0.62387,0.166,0.14378,0.17261,0.04767,0.07304,98.6,96.7,96.8,43.4,41.0,30.4,54.2,17.2,25.3,73.9,100.2,62.4,163.0
1,179.6,75.3,22,23.35,1.938,0.26326,0.18557,0.19346,0.20171,0.33291,0.38335,0.61538,0.15773,0.12617,0.16503,0.04133,0.07085,103.6,94.0,102.4,46.8,44.0,27.2,59.2,18.7,24.3,80.7,109.4,68.2,179.6
1,170.5,68.4,28,23.53,1.8,0.26143,0.18092,0.19094,0.19641,0.33174,0.382,0.61322,0.15378,0.12452,0.1607,0.03989,0.07029,96.1,88.2,94.8,44.2,41.5,26.3,56.1,17.7,22.3,76.5,103.7,64.6,170.5
1,179.8,96.2,18,29.76,2.192,0.2608,0.18527,0.20805,0.20088,0.32264,0.37153,0.5964,0.15748,0.13568,0.16436,0.04484,0.07061,106.5,104.0,105.0,47.7,45.1,31.1,59.1,18.9,27.1,80.5,109.2,68.0,179.8
1,169.8,54.5,51,18.91,1.603,0.26085,0.17839,0.17194,0.19416,0.33619,0.38713,0.62144,0.15163,0.11214,0.15886,0.03491,0.06983,91.2,76.4,90.2,42.4,39.7,22.2,54.7,17.1,18.8,74.6,101.1,63.0,169.8
1,162.0,61.9,18,23.61,1.669,0.25959,0.18777,0.1902,0.20361,0.33059,0.38068,0.6111,0.15961,0.12404,0.16659,0.04051,0.06972,94.1,82.8,92.7,41.4,38.8,25.4,52.7,16.6,21.4,71.9,97.4,60.7,162.0
1,163.3,68.7,36,25.75,1.765,0.26086,0.18445,0.20113,0.19978,0.32979,0.37976,0.60961,0.15679,0.13117,0.16345,0.04233,0.07021,93.9,89.0,92.5,42.3,39.7,27.5,53.4,16.9,22.7,72.9,98.8,61.5,163.3
1,175.9,82.8,19,26.77,2.011,0.25953,0.17197,0.1887,0.18655,0.32497,0.37421,0.60071,0.14617,0.12307,0.15263,0.03863,0.07003,96.7,92.3,95.4,46.5,43.8,27.5,58.2,18.5,22.9,79.3,107.5,67.0,175.9
1,177.4,73.0,38,23.19,1.897,0.26133,0.18969,0.18257,0.20615,0.33096,0.38111,0.61178,0.16123,0.11907,0.16867,0.03951,0.0703,104.3,87.3,103.0,45.7,42.9,25.4,57.9,18.3,22.9,79.0,107.0,66.7,177.4
1,168.7,71.6,37,25.16,1.832,0.25475,0.18441,0.18905,0.19997,0.32183,0.37059,0.59489,0.15675,0.1233,0.16362,0.0404,0.06858,98.5,87.8,97.1,43.3,40.7,26.5,54.7,17.3,22.7,74.6,101.1,63.0,168.7
1,180.3,56.0,40,17.23,1.675,0.25866,0.18251,0.17529,0.19893,0.33404,0.38465,0.61746,0.15513,0.11432,0.16276,0.03775,0.0692,103.7,86.6,102.7,46.8,43.7,24.0,60.4,18.9,22.6,82.4,111.6,69.6,180.3
1,163.0,60.3,38,22.67,1.652,0.25384,0.17888,0.17395,0.19411,0.32406,0.37317,0.59903,0.15205,0.11345,0.15882,0.03694,0.06813,94.0,79.5,92.7,42.5,39.8,24.2,54.2,17.0,20.4,73.9,100.2,62.4,163.0
1,175.0,82.0,41,26.79,1.997,0.25575,0.17778,0.20952,0.19283,0.32036,0.3689,0.59218,0.15111,0.13664,0.15777,0.04395,0.06901,99.6,102.1,98.2,45.6,43.0,30.5,57.1,18.1,25.9,77.9,105.6,65.8,175.0
1,166.4,59.8,21,21.6,1.663,0.2623,0.16949,0.18114,0.18412,0.33553,0.38637,0.62023,0.14407,0.11814,0.15064,0.03614,0.07036,88.0,81.8,86.9,43.4,40.6,24.5,55.5,17.4,19.8,75.6,102.5,63.9,166.4
1,170.6,73.5,29,25.25,1.866,0.26308,0.18522,0.18642,0.2009,0.33194,0.38224,0.6136,0.15744,0.12158,0.16437,0.03933,0.07085,97.8,85.6,96.4,44.2,41.6,25.7,55.8,17.6,21.9,76.1,103.1,64.2,170.6
1,175.9,82.8,39,26.76,2.011,0.26658,0.18804,0.19838,0.20398,0.33381,0.38439,0.61704,0.15983,0.12938,0.16689,0.04247,0.07194,102.8,94.3,101.4,46.4,43.7,28.1,58.1,18.4,24.4,79.2,107.4,66.9,175.9
1,169.0,67.9,37,23.77,1.786,0.26776,0.19111,0.19765,0.2074,0.33972,0.39119,0.62797,0.16244,0.1289,0.16969,0.04297,0.07199,100.5,90.4,99.2,44.8,42.1,27.1,56.9,17.9,23.8,77.6,105.1,65.5,169.0
1,172.6,76.5,35,25.68,1.915,0.25874,0.18724,0.19387,0.20311,0.3257,0.37505,0.60205,0.15915,0.12644,0.16618,0.04173,0.06972,101.6,91.5,100.2,44.7,42.1,27.4,56.3,17.8,23.8,76.7,104.0,64.8,172.6
1,183.0,72.6,18,21.66,1.921,0.25219,0.1882,0.18941,0.2048,0.3203,0.36883,0.59206,0.15997,0.12353,0.16756,0.04157,0.06779,108.9,95.3,107.7,46.4,43.6,27.0,59.0,18.6,25.3,80.4,109.0,67.9,183.0
1,171.2,71.1,47,24.26,1.839,0.26114,0.17854,0.18459,0.19377,0.33047,0.38054,0.61087,0.15176,0.12038,0.15854,0.03827,0.07026,95.6,85.9,94.3,44.5,41.8,25.6,56.3,17.8,21.6,76.8,104.1,64.9,171.2
1,181.8,90.6,50,27.43,2.139,0.26088,0.19977,0.21447,0.21687,0.32496,0.37419,0.60068,0.1698,0.13987,0.17744,0.04799,0.0705,112.7,105.2,111.2,46.8,44.2,31.0,58.3,18.6,28.5,79.6,107.9,67.2,181.8
1,167.0,71.5,41,25.62,1.821,0.25997,0.19045,0.19693,0.20642,0.32819,0.37792,0.60666,0.16189,0.12843,0.16889,0.04279,0.07,99.9,89.9,98.5,43.4,40.8,27.3,54.8,17.3,23.6,74.7,101.3,63.1,167.0
1,179.5,73.8,31,22.92,1.918,0.26381,0.17647,0.20061,0.19185,0.3341,0.38473,0.61759,0.15,0.13084,0.15697,0.04106,0.07097,97.7,96.6,96.6,46.5,43.7,27.9,58.9,18.6,23.9,80.3,108.9,67.8,179.5
1,186.3,89.8,53,25.88,2.156,0.25029,0.19714,0.19964,0.21429,0.31273,0.36011,0.57807,0.16757,0.1302,0.17533,0.04497,0.06758,115.8,101.9,114.4,46.8,44.1,29.4,58.5,18.6,27.8,79.7,108.1,67.3,186.3
1,157.0,68.6,22,27.86,1.73,0.26075,0.18553,0.19879,0.20042,0.3286,0.37839,0.60741,0.1577,0.12965,0.16398,0.04236,0.07024,92.9,86.5,91.2,41.5,39.1,27.5,52.3,16.6,22.3,71.4,96.8,60.3,157.0
1,169.5,52.9,28,18.4,1.578,0.25463,0.17829,0.17072,0.1941,0.32874,0.37855,0.60768,0.15154,0.11134,0.15881,0.03586,0.06813,95.0,79.1,94.0,43.2,40.3,23.0,55.7,17.4,20.1,76.0,103.0,64.2,169.5
1,179.8,96.3,41,29.78,2.193,0.27352,0.19025,0.2012,0.20629,0.33834,0.3896,0.62541,0.16171,0.13122,0.16878,0.04358,0.07406,107.3,98.7,105.8,49.1,46.4,29.5,60.7,19.4,25.9,82.8,112.3,69.9,179.8
1,174.0,72.0,48,23.8,1.866,0.2615,0.19175,0.19995,0.20823,0.33101,0.38117,0.61188,0.16298,0.1304,0.17037,0.04402,0.07036,104.9,95.1,103.6,45.6,42.8,28.1,57.7,18.2,25.4,78.6,106.6,66.4,174.0
1,178.3,84.8,30,26.68,2.049,0.2728,0.18676,0.2138,0.20268,0.34129,0.393,0.63086,0.15874,0.13944,0.16583,0.04531,0.07364,102.6,102.2,101.3,47.7,45.0,30.2,59.7,19.0,26.2,81.4,110.4,68.7,178.3
1,171.0,87.6,33,29.95,2.039,0.27521,0.20072,0.19621,0.21721,0.34194,0.39374,0.63206,0.17061,0.12796,0.17772,0.04358,0.07443,106.5,90.5,104.8,46.5,43.9,27.8,57.8,18.4,24.3,78.8,106.8,66.5,171.0
1,176.1,63.2,41,20.37,1.759,0.25174,0.18059,0.1805,0.1965,0.32207,0.37086,0.59533,0.1535,0.11772,0.16077,0.03886,0.06753,102.1,88.8,101.0,45.3,42.4,25.5,58.0,18.2,23.1,79.1,107.2,66.8,176.1
1,174.3,68.4,30,22.5,1.82,0.26558,0.18177,0.18811,0.19754,0.33759,0.38874,0.62403,0.15451,0.12268,0.16162,0.03916,0.07137,97.3,87.6,96.1,45.3,42.5,25.6,57.5,18.1,22.1,78.4,106.3,66.2,174.3
1,184.3,81.4,41,23.97,2.041,0.2434,0.18987,0.17946,0.20646,0.30647,0.35291,0.56651,0.16139,0.11704,0.16892,0.04058,0.06558,114.6,94.2,113.3,46.8,44.0,27.0,58.9,18.6,25.8,80.3,108.9,67.8,184.3
1,177.4,70.0,43,22.25,1.858,0.27477,0.19037,0.1954,0.20698,0.34909,0.40199,0.64529,0.16181,0.12744,0.16934,0.04191,0.07385,102.8,91.7,101.6,47.2,44.3,26.5,60.0,18.9,23.8,81.8,110.9,69.1,177.4
1,178.0,102.9,19,32.47,2.256,0.26696,0.20175,0.21928,0.21844,0.32762,0.37726,0.6056,0.17148,0.14301,0.17872,0.04941,0.07243,113.3,107.1,111.5,47.7,45.2,32.6,58.6,18.8,29.2,79.9,108.3,67.5,178.0
1,172.4,65.4,33,22.01,1.77,0.25304,0.17316,0.18842,0.18819,0.32244,0.3713,0.59603,0.14719,0.12288,0.15397,0.03855,0.06796,94.1,89.0,92.9,43.8,41.0,26.1,55.8,17.5,22.0,76.0,103.1,64.2,172.4
1,171.8,68.0,55,23.03,1.802,0.26339,0.19489,0.18522,0.21167,0.33458,0.38527,0.61847,0.16566,0.12079,0.17318,0.04132,0.0708,105.3,87.0,104.0,45.3,42.5,25.7,57.5,18.1,23.5,78.5,106.4,66.3,171.8
1,172.3,76.6,63,25.81,1.914,0.25224,0.18176,0.19929,0.19714,0.31744,0.36553,0.58678,0.15449,0.12997,0.16129,0.04174,0.06798,97.8,93.2,96.4,43.2,40.6,27.9,54.4,17.2,23.6,74.1,100.5,62.6,172.3
1,178.5,66.6,18,20.9,1.816,0.25643,0.18683,0.18163,0.20328,0.32717,0.37674,0.60476,0.15881,0.11845,0.16632,0.03946,0.06884,104.7,88.5,103.6,45.8,42.9,25.3,58.4,18.4,23.3,79.6,107.9,67.2,178.5
1,172.3,70.1,66,23.59,1.831,0.26452,0.17846,0.19188,0.19379,0.33532,0.38613,0.61984,0.15169,0.12514,0.15855,0.04003,0.07114,96.8,90.5,95.6,45.7,42.9,26.8,57.9,18.3,22.9,79.0,107.0,66.7,172.3
1,177.7,82.9,28,26.25,2.022,0.26614,0.18937,0.21137,0.20553,0.33353,0.38407,0.61653,0.16096,0.13785,0.16816,0.04526,0.0718,103.7,100.6,102.3,46.4,43.7,29.7,58.1,18.4,26.1,79.3,107.4,66.9,177.7
1,191.1,86.9,68,23.81,2.148,0.26117,0.19385,0.179,0.211,0.32802,0.37772,0.60634,0.16478,0.11674,0.17263,0.03969,0.07042,115.4,92.6,114.2,49.5,46.6,26.1,62.1,19.7,24.9,84.7,114.9,71.6,191.1
1,182.0,81.8,52,24.68,2.034,0.25654,0.19061,0.19699,0.20715,0.32255,0.37142,0.59622,0.16202,0.12847,0.16949,0.04367,0.06915,110.6,99.4,109.3,47.4,44.6,28.8,59.6,18.9,26.7,81.2,110.1,68.6,182.0
1,173.1,69.2,60,23.12,1.824,0.25232,0.1787,0.17861,0.19411,0.32025,0.36878,0.59198,0.15189,0.11649,0.15881,0.03698,0.06784,96.1,83.5,94.9,43.2,40.5,24.6,54.8,17.3,20.9,74.7,101.3,63.1,173.1
1,184.5,67.9,46,19.94,1.865,0.26416,0.18807,0.19377,0.20481,0.33735,0.38847,0.62359,0.15986,0.12637,0.16757,0.0422,0.0709,108.2,96.9,107.1,48.4,45.3,27.0,61.8,19.4,25.5,84.2,114.2,71.1,184.5
1,172.4,78.1,54,26.27,1.934,0.25986,0.19263,0.18869,0.20889,0.3265,0.37597,0.60352,0.16374,0.12306,0.17091,0.04165,0.07006,105.2,89.6,103.7,45.2,42.5,26.9,56.8,18.0,23.9,77.4,104.9,65.4,172.4
1,160.2,83.6,34,32.57,1.929,0.26778,0.19182,0.19871,0.20675,0.3321,0.38242,0.61389,0.16305,0.12959,0.16916,0.04216,0.07245,95.4,85.9,93.5,42.4,40.0,27.5,52.6,16.8,22.1,71.7,97.2,60.5,160.2
1,167.9,70.8,56,25.1,1.817,0.25906,0.19425,0.19647,0.21062,0.32745,0.37706,0.60529,0.16511,0.12813,0.17233,0.04348,0.06973,102.7,90.4,101.3,43.6,41.0,27.3,55.1,17.4,24.2,75.2,101.9,63.5,167.9
1,161.5,67.5,59,25.89,1.74,0.26011,0.17709,0.19411,0.19173,0.329,0.37884,0.60814,0.15053,0.1266,0.15687,0.0399,0.07,90.1,85.9,88.7,42.1,39.6,26.7,53.3,16.8,21.4,72.7,98.5,61.4,161.5
1,172.9,83.0,45,27.77,1.996,0.26645,0.18636,0.19005,0.20196,0.33306,0.38353,0.61566,0.1584,0.12395,0.16524,0.04069,0.07194,101.6,90.1,100.1,46.2,43.6,27.2,57.8,18.4,23.3,78.8,106.8,66.5,172.9
1,175.6,63.8,46,20.69,1.765,0.24851,0.17644,0.16773,0.19194,0.31765,0.36578,0.58717,0.14998,0.10939,0.15704,0.03586,0.06668,101.0,83.5,99.9,45.3,42.4,24.1,57.9,18.2,21.6,79.0,107.0,66.7,175.6
1,188.1,114.3,60,32.31,2.443,0.26094,0.19395,0.20953,0.21051,0.31848,0.36673,0.5887,0.16486,0.13665,0.17223,0.04635,0.0709,115.5,108.5,114.0,49.5,46.9,32.3,60.4,19.4,29.1,82.3,111.6,69.5,188.1
1,178.0,81.7,20,25.8,2.01,0.26883,0.19213,0.18795,0.20858,0.33737,0.38849,0.62362,0.16331,0.12258,0.17066,0.04098,0.0725,106.3,90.4,104.9,47.3,44.6,26.6,59.4,18.8,23.9,81.0,109.8,68.4,178.0
1,173.9,96.6,69,31.97,2.16,0.27037,0.19844,0.19953,0.21469,0.33318,0.38366,0.61588,0.16868,0.13013,0.17565,0.04424,0.07328,108.4,94.8,106.6,47.0,44.5,29.1,57.9,18.5,25.4,79.0,107.1,66.7,173.9
1,181.7,74.0,27,22.42,1.933,0.2564,0.17953,0.18565,0.19527,0.32497,0.37421,0.6007,0.1526,0.12108,0.15977,0.03964,0.06896,104.5,94.0,103.3,47.5,44.6,26.9,60.2,19.0,24.3,82.1,111.3,69.3,181.7
1,158.9,83.0,59,32.87,1.914,0.27578,0.20299,0.20168,0.21867,0.34197,0.39379,0.63213,0.17254,0.13153,0.17891,0.0444,0.07462,99.9,86.3,97.8,43.2,40.8,27.7,53.6,17.1,23.0,73.1,99.0,61.7,158.9
1,177.3,88.3,31,28.11,2.086,0.26389,0.18981,0.20301,0.20584,0.32872,0.37853,0.60764,0.16134,0.1324,0.16841,0.04415,0.07131,106.2,98.8,104.7,47.0,44.3,29.5,58.5,18.6,26.0,79.8,108.2,67.4,177.3
1,181.3,89.4,29,27.19,2.121,0.26557,0.18913,0.20732,0.20533,0.33115,0.38133,0.61213,0.16076,0.13521,0.168,0.0456,0.07175,109.7,104.6,108.3,49.0,46.2,30.8,61.2,19.4,27.8,83.4,113.0,70.4,181.3
1,164.4,70.1,64,25.92,1.789,0.27755,0.19916,0.19788,0.21573,0.35051,0.40362,0.64792,0.16929,0.12905,0.1765,0.04331,0.07472,99.6,86.0,98.1,44.2,41.5,26.4,55.8,17.6,22.8,76.1,103.1,64.2,164.4
1,184.1,81.7,59,24.11,2.044,0.26106,0.1885,0.19076,0.20495,0.32857,0.37835,0.60736,0.16022,0.12441,0.16769,0.04206,0.07035,110.8,97.5,109.5,48.8,45.9,28.0,61.5,19.4,26.0,83.8,113.6,70.8,184.1
1,178.0,95.0,47,29.97,2.167,0.26615,0.20216,0.22437,0.2191,0.32935,0.37925,0.6088,0.17184,0.14633,0.17927,0.05026,0.07205,111.6,107.7,110.0,46.8,44.2,32.4,57.9,18.5,29.2,78.9,107.0,66.6,178.0
1,172.4,76.0,49,25.56,1.907,0.25833,0.17872,0.18229,0.19387,0.32534,0.37463,0.60138,0.15191,0.11888,0.15862,0.03821,0.0696,97.9,86.8,96.6,45.1,42.4,26.0,56.7,18.0,22.0,77.4,104.9,65.3,172.4
1,180.2,60.5,49,18.63,1.741,0.26369,0.18124,0.18837,0.19742,0.33887,0.39021,0.62639,0.15406,0.12285,0.16153,0.04009,0.07065,102.4,92.6,101.4,47.4,44.4,25.9,61.0,19.1,23.8,83.1,112.7,70.2,180.2
1,192.5,78.5,59,21.17,2.048,0.24916,0.17654,0.19305,0.19232,0.31578,0.36363,0.58372,0.15006,0.1259,0.15736,0.04074,0.06701,108.2,102.9,107.2,48.6,45.7,28.3,61.6,19.4,26.3,84.0,113.9,71.0,192.5
1,176.9,76.1,49,24.34,1.934,0.25465,0.17572,0.19468,0.19086,0.32133,0.37001,0.59397,0.14936,0.12696,0.15616,0.04069,0.06857,99.5,95.8,98.2,45.9,43.1,28.1,57.9,18.3,24.2,79.0,107.0,66.7,176.9
1,177.4,82.5,43,26.22,2.016,0.26349,0.19021,0.20796,0.20644,0.3303,0.38035,0.61056,0.16168,0.13562,0.1689,0.04505,0.07108,105.2,100.0,103.8,46.4,43.7,29.6,58.1,18.4,26.2,79.3,107.4,66.9,177.4
1,172.1,73.5,68,24.82,1.874,0.25839,0.18215,0.1952,0.19766,0.32626,0.37569,0.60309,0.15483,0.1273,0.16172,0.04101,0.06957,97.9,91.2,96.5,44.2,41.5,27.2,55.8,17.6,23.2,76.1,103.1,64.2,172.1
1,169.1,86.0,18,30.05,2.009,0.27468,0.20125,0.20165,0.21769,0.34153,0.39327,0.63131,0.17106,0.13151,0.17811,0.04465,0.07427,105.1,91.6,103.4,45.7,43.1,28.2,56.8,18.1,24.6,77.4,105.0,65.4,169.1
1,181.7,61.7,59,18.68,1.765,0.25877,0.18261,0.18759,0.19892,0.33232,0.38267,0.61428,0.15522,0.12234,0.16275,0.04025,0.06934,104.3,93.2,103.3,47.1,44.0,26.0,60.4,18.9,24.2,82.4,111.7,69.6,181.7
1,169.1,73.1,19,25.57,1.853,0.26649,0.1819,0.20838,0.19722,0.33614,0.38707,0.62135,0.15462,0.1359,0.16136,0.04275,0.07177,93.5,93.1,92.2,43.6,41.0,28.2,55.0,17.4,23.1,75.0,101.7,63.3,169.1
1,176.0,59.0,34,19.05,1.699,0.26093,0.17439,0.18831,0.18987,0.33534,0.38615,0.61987,0.14823,0.12281,0.15535,0.03876,0.0699,96.1,90.2,95.1,45.7,42.8,25.7,58.8,18.4,22.5,80.2,108.7,67.7,176.0
1,171.9,82.9,47,28.05,1.99,0.26551,0.18406,0.20118,0.1994,0.33175,0.38202,0.61324,0.15645,0.1312,0.16315,0.04226,0.07169,98.6,93.7,97.1,45.3,42.7,28.4,56.6,18.0,23.8,77.1,104.5,65.1,171.9
1,179.1,79.1,56,24.68,1.984,0.25218,0.18074,0.1837,0.19635,0.31752,0.36563,0.58693,0.15363,0.1198,0.16065,0.03927,0.06795,103.8,91.7,102.5,46.1,43.4,26.8,58.0,18.4,23.7,79.2,107.3,66.8,179.1
1,178.0,84.5,24,26.65,2.043,0.25757,0.19073,0.19701,0.20699,0.3223,0.37113,0.59576,0.16212,0.12849,0.16935,0.04328,0.06952,107.6,96.7,106.2,46.3,43.6,28.6,57.9,18.4,25.7,79.0,107.0,66.7,178.0
1,183.3,73.9,69,21.99,1.939,0.26446,0.18375,0.19633,0.19993,0.33547,0.3863,0.62012,0.15619,0.12804,0.16358,0.04185,0.07111,105.0,97.5,103.8,48.1,45.1,27.7,61.0,19.2,25.2,83.2,112.8,70.3,183.3
1,171.7,89.4,44,30.32,2.064,0.27068,0.19051,0.2123,0.20616,0.33577,0.38665,0.62067,0.16193,0.13845,0.16867,0.04584,0.07323,102.9,99.7,101.2,46.5,43.9,30.6,57.7,18.4,26.1,78.7,106.7,66.5,171.7
1,173.5,88.1,26,29.26,2.06,0.26354,0.20106,0.19931,0.21776,0.32771,0.37736,0.60576,0.1709,0.12998,0.17817,0.04476,0.07125,109.3,94.2,107.6,45.6,43.0,28.6,56.7,18.1,25.6,77.3,104.8,65.3,173.5
1,168.2,77.2,39,27.32,1.9,0.26258,0.17385,0.19667,0.18828,0.32951,0.37943,0.60909,0.14777,0.12826,0.15405,0.04021,0.07082,93.0,91.5,91.5,44.7,42.1,27.9,56.1,17.8,22.6,76.5,103.7,64.6,168.2
1,172.2,72.8,51,24.55,1.865,0.26988,0.19296,0.1816,0.20942,0.34106,0.39274,0.63045,0.16402,0.11843,0.17134,0.03999,0.07265,104.2,85.3,102.8,46.4,43.6,25.4,58.6,18.5,22.7,79.9,108.3,67.5,172.2
1,178.3,86.8,63,27.3,2.074,0.25815,0.18817,0.20709,0.20417,0.32226,0.37109,0.5957,0.15994,0.13506,0.16704,0.04464,0.06972,105.2,100.7,103.8,46.0,43.3,29.9,57.4,18.2,26.3,78.2,106.0,66.1,178.3
1,181.2,73.9,66,22.51,1.928,0.2576,0.18045,0.17938,0.19626,0.32646,0.37593,0.60346,0.15339,0.11699,0.16058,0.03839,0.06928,104.6,90.4,103.4,47.5,44.6,25.9,60.2,19.0,23.4,82.1,111.3,69.3,181.2
1,168.6,80.9,18,28.46,1.946,0.27096,0.18962,0.20751,0.20525,0.33872,0.39004,0.62611,0.16118,0.13534,0.16793,0.04438,0.07315,99.5,94.7,97.9,45.2,42.6,29.0,56.6,18.0,24.5,77.1,104.5,65.1,168.6
1,182.0,106.2,26,32.05,2.317,0.26181,0.20284,0.19586,0.21987,0.32097,0.3696,0.59331,0.17242,0.12774,0.17989,0.04513,0.07106,119.0,99.9,117.3,48.9,46.3,30.1,60.0,19.2,27.9,81.8,110.8,69.0,182.0
1,185.7,101.3,37,29.39,2.286,0.27466,0.18887,0.21446,0.20505,0.33911,0.39049,0.62683,0.16054,0.13987,0.16777,0.04636,0.0744,109.9,108.5,108.4,50.9,48.1,32.0,62.8,20.1,28.4,85.6,116.1,72.3,185.7
1,178.6,71.6,36,22.43,1.884,0.27866,0.18854,0.19528,0.205,0.35364,0.40722,0.65369,0.16026,0.12735,0.16773,0.04176,0.07492,103.1,92.8,101.9,48.5,45.5,26.8,61.5,19.4,24.0,83.9,113.7,70.9,178.6
1,189.6,95.0,53,26.42,2.236,0.26959,0.19668,0.19513,0.21387,0.33566,0.38652,0.62046,0.16718,0.12726,0.17499,0.04347,0.07286,116.0,100.0,114.6,50.6,47.7,28.7,63.0,20.0,27.0,85.9,116.4,72.5,189.6
1,169.7,59.4,57,20.62,1.673,0.25888,0.17257,0.18884,0.18763,0.33178,0.38205,0.61329,0.14668,0.12316,0.15352,0.03821,0.06941,91.1,86.7,90.0,43.5,40.7,25.5,55.7,17.5,21.2,76.0,103.0,64.2,169.7
1,166.2,75.3,62,27.27,1.864,0.26419,0.18097,0.18887,0.19592,0.33192,0.38221,0.61355,0.15383,0.12318,0.1603,0.03975,0.07123,95.8,86.9,94.2,44.5,41.9,26.7,55.9,17.7,22.1,76.2,103.3,64.4,166.2
1,162.2,70.4,21,26.78,1.781,0.27318,0.19131,0.20521,0.20703,0.34446,0.39665,0.63673,0.16262,0.13383,0.16939,0.04364,0.07358,94.9,88.6,93.4,43.2,40.6,27.5,54.4,17.2,22.8,74.2,100.6,62.7,162.2
1,186.7,65.9,26,18.91,1.849,0.24972,0.17823,0.18298,0.1942,0.31985,0.36831,0.59123,0.15149,0.11933,0.15889,0.03793,0.06697,102.4,91.4,101.5,45.7,42.8,25.1,58.5,18.4,22.9,79.8,108.2,67.4,186.7
1,180.4,68.4,58,21.03,1.852,0.25567,0.17506,0.17004,0.19049,0.32581,0.37517,0.60225,0.1488,0.1109,0.15585,0.0355,0.06866,100.5,84.9,99.4,46.7,43.8,24.1,59.5,18.7,21.5,81.2,110.0,68.6,180.4
1,175.1,73.5,39,23.99,1.891,0.2571,0.18213,0.18184,0.1978,0.32506,0.37432,0.60088,0.15481,0.11859,0.16183,0.03868,0.06919,100.9,87.6,99.6,45.3,42.6,25.8,57.3,18.1,22.6,78.2,106.0,66.0,175.1
1,177.6,75.5,35,23.92,1.929,0.26827,0.19289,0.19126,0.20956,0.33888,0.39022,0.62641,0.16395,0.12474,0.17146,0.04172,0.07222,105.6,91.1,104.3,46.8,43.9,26.6,59.1,18.7,24.0,80.6,109.2,68.0,177.6
1,167.1,58.3,29,20.88,1.644,0.26335,0.18244,0.19712,0.19829,0.33758,0.38873,0.62401,0.15508,0.12855,0.16224,0.04105,0.0706,93.2,87.6,92.1,42.8,40.1,26.0,54.9,17.2,22.1,74.9,101.5,63.2,167.1
1,193.8,99.7,59,26.53,2.317,0.26023,0.19507,0.20389,0.21226,0.32319,0.37216,0.59741,0.16581,0.13297,0.17367,0.0462,0.07038,121.1,110.1,119.8,51.4,48.5,31.3,63.9,20.3,30.2,87.1,118.0,73.5,193.8
1,176.5,80.9,60,25.99,1.992,0.2545,0.18023,0.20505,0.1956,0.31942,0.36782,0.59044,0.15319,0.13373,0.16003,0.04342,0.06864,101.4,100.4,100.1,45.6,42.9,29.7,57.2,18.1,25.7,78.0,105.8,65.9,176.5
1,176.3,75.6,56,24.31,1.924,0.2647,0.1787,0.20386,0.19408,0.33413,0.38475,0.61763,0.15189,0.13295,0.15879,0.0426,0.07127,99.2,98.4,97.9,46.8,44.0,28.9,59.0,18.7,24.9,80.5,109.1,68.0,176.3
1,180.9,73.2,26,22.35,1.918,0.26008,0.18814,0.17808,0.20463,0.32982,0.37979,0.60967,0.15992,0.11614,0.16742,0.03981,0.06994,110.5,91.0,109.3,48.6,45.7,26.0,61.7,19.4,24.6,84.1,114.0,71.0,180.9
1,179.1,94.0,23,29.29,2.162,0.26179,0.19034,0.20214,0.20639,0.3245,0.37366,0.59983,0.16179,0.13183,0.16887,0.04385,0.07084,107.1,98.9,105.5,46.9,44.3,29.6,58.1,18.5,26.0,79.2,107.4,66.9,179.1
1,177.2,100.7,36,32.08,2.226,0.26556,0.19355,0.20975,0.20956,0.32648,0.37595,0.6035,0.16452,0.13679,0.17146,0.04521,0.07202,105.9,99.7,104.2,46.2,43.8,30.4,56.8,18.2,26.0,77.5,105.1,65.4,177.2
1,169.6,66.9,65,23.28,1.776,0.25423,0.17007,0.17888,0.18464,0.32301,0.37195,0.59708,0.14456,0.11666,0.15107,0.03651,0.06833,92.6,84.7,91.4,44.1,41.3,25.3,56.0,17.6,20.9,76.3,103.5,64.5,169.6
1,179.0,73.2,64,22.83,1.908,0.26079,0.19059,0.17525,0.20721,0.33044,0.38051,0.61081,0.162,0.11429,0.16953,0.03846,0.07015,107.0,85.5,105.7,46.6,43.8,24.7,59.0,18.6,22.7,80.5,109.1,68.0,179.0
1,189.6,96.9,24,26.94,2.259,0.26939,0.18885,0.19874,0.20533,0.33478,0.38551,0.61884,0.16053,0.12962,0.168,0.04355,0.07285,113.5,103.9,112.2,51.5,48.6,29.9,64.0,20.4,27.6,87.3,118.4,73.7,189.6
1,185.6,81.7,33,23.72,2.052,0.26186,0.18986,0.18682,0.20651,0.32981,0.37978,0.60964,0.16138,0.12184,0.16896,0.04024,0.07055,108.0,92.4,106.8,47.4,44.6,26.3,59.7,18.9,24.1,81.5,110.4,68.8,185.6
1,187.4,86.1,22,24.51,2.118,0.25792,0.18577,0.19253,0.20206,0.32366,0.3727,0.59828,0.15791,0.12556,0.16532,0.04179,0.06956,110.3,99.4,109.1,48.8,45.9,28.3,61.2,19.4,26.1,83.4,113.1,70.5,187.4
1,171.7,82.4,33,27.96,1.982,0.25842,0.20096,0.22062,0.21772,0.32302,0.37196,0.5971,0.17082,0.14389,0.17813,0.04891,0.06977,106.0,101.2,104.4,43.4,40.9,30.7,54.2,17.2,27.1,73.9,100.2,62.4,171.7
1,168.1,53.1,18,18.8,1.574,0.26047,0.17409,0.17235,0.18947,0.33604,0.38695,0.62116,0.14798,0.1124,0.15502,0.03574,0.06971,92.8,79.9,91.8,44.2,41.3,23.4,57.0,17.8,20.0,77.7,105.3,65.6,168.1
1,174.6,92.9,68,30.5,2.123,0.27106,0.21116,0.20928,0.22864,0.33549,0.38632,0.62015,0.17949,0.13649,0.18707,0.04829,0.07338,114.5,98.7,112.7,46.8,44.2,30.0,57.9,18.5,27.6,78.9,107.0,66.7,174.6
1,175.9,78.3,54,25.3,1.956,0.26081,0.18896,0.20158,0.20512,0.32818,0.3779,0.60663,0.16062,0.13147,0.16782,0.04363,0.07029,104.0,96.5,102.7,45.7,43.0,28.5,57.5,18.2,25.3,78.4,106.3,66.2,175.9
1,183.7,79.4,56,23.53,2.013,0.25417,0.19165,0.19314,0.20842,0.32061,0.36918,0.59264,0.1629,0.12596,0.17052,0.04271,0.06845,110.8,97.1,109.6,46.8,44.0,27.8,59.0,18.7,26.0,80.5,109.1,68.0,183.7
1,162.8,65.5,36,24.7,1.721,0.25069,0.18655,0.18956,0.20216,0.31806,0.36625,0.58793,0.15856,0.12362,0.1654,0.04093,0.06741,96.6,85.3,95.1,41.3,38.8,26.2,52.4,16.5,22.3,71.5,96.9,60.3,162.8
1,187.0,87.0,54,24.89,2.126,0.26673,0.18949,0.19333,0.20607,0.33435,0.38501,0.61803,0.16107,0.12609,0.1686,0.04213,0.07196,110.8,98.3,109.5,49.6,46.7,28.1,62.2,19.7,25.9,84.8,115.0,71.6,187.0
1,174.3,58.7,34,19.3,1.685,0.24948,0.17395,0.17701,0.18935,0.32056,0.36913,0.59255,0.14786,0.11544,0.15492,0.03663,0.06684,95.9,84.9,94.9,43.8,40.9,24.3,56.2,17.6,21.3,76.7,104.0,64.8,174.3
1,172.3,93.0,43,31.32,2.109,0.26477,0.19569,0.19661,0.2117,0.32726,0.37685,0.60494,0.16634,0.12822,0.17321,0.04348,0.0717,107.0,93.5,105.3,46.1,43.6,28.7,57.0,18.2,25.0,77.7,105.3,65.6,172.3
1,167.9,71.0,39,25.18,1.82,0.27782,0.19294,0.20267,0.20919,0.35107,0.40426,0.64895,0.164,0.13217,0.17115,0.04381,0.07478,99.6,91.0,98.1,45.6,42.9,27.5,57.7,18.2,23.8,78.6,106.6,66.4,167.9
1,163.1,71.1,25,26.75,1.795,0.26213,0.18562,0.18218,0.20091,0.3304,0.38046,0.61073,0.15778,0.11881,0.16438,0.03842,0.07061,94.3,80.5,92.8,42.4,39.9,24.9,53.4,16.9,20.6,72.9,98.8,61.5,163.1
1,181.7,95.3,50,28.87,2.193,0.26362,0.19683,0.21319,0.21357,0.32678,0.37629,0.60405,0.1673,0.13903,0.17474,0.04716,0.07134,111.3,104.8,109.8,47.4,44.8,31.1,58.8,18.8,28.1,80.2,108.7,67.7,181.7
1,176.0,66.6,19,21.47,1.804,0.25935,0.18739,0.1737,0.20378,0.33057,0.38065,0.61105,0.15928,0.11328,0.16673,0.03793,0.06964,104.3,84.0,103.1,45.9,43.1,24.3,58.5,18.4,22.2,79.8,108.2,67.4,176.0
1,165.8,73.9,47,26.87,1.845,0.25514,0.19912,0.20205,0.21561,0.32101,0.36965,0.59339,0.16925,0.13177,0.17641,0.04533,0.06876,104.0,91.8,102.4,42.4,39.9,28.2,53.4,16.9,24.9,72.8,98.7,61.5,165.8
1,165.8,66.1,64,24.04,1.744,0.26787,0.18791,0.18543,0.20381,0.34008,0.39161,0.62863,0.15972,0.12093,0.16675,0.04013,0.07201,98.2,84.3,96.9,44.6,41.8,25.6,56.6,17.8,22.1,77.2,104.6,65.2,165.8
1,173.0,85.0,37,28.42,2.021,0.27338,0.20335,0.1913,0.22031,0.34098,0.39264,0.6303,0.17284,0.12476,0.18025,0.04332,0.07385,110.0,89.9,108.3,47.1,44.4,27.2,58.7,18.7,24.7,80.0,108.5,67.6,173.0
1,188.0,64.3,35,18.19,1.833,0.25872,0.17676,0.18577,0.19267,0.33208,0.3824,0.61385,0.15025,0.12116,0.15764,0.03863,0.06934,103.4,94.5,102.5,48.2,45.1,25.7,61.8,19.4,23.8,84.3,114.3,71.2,188.0
1,173.6,74.3,60,24.66,1.892,0.25659,0.18996,0.19886,0.20619,0.32393,0.37301,0.59878,0.16146,0.12969,0.1687,0.04336,0.06909,103.6,94.3,102.2,44.6,41.9,28.0,56.2,17.8,24.9,76.7,104.0,64.8,173.6
1,164.2,61.7,27,22.86,1.677,0.25352,0.18699,0.18042,0.20292,0.3233,0.37228,0.59761,0.15894,0.11766,0.16603,0.03924,0.06807,97.6,81.9,96.3,42.1,39.5,24.8,53.7,16.9,21.6,73.3,99.3,61.9,164.2
1,173.7,80.5,41,26.7,1.971,0.26462,0.1862,0.20445,0.20192,0.33179,0.38206,0.61331,0.15827,0.13334,0.16521,0.04337,0.07138,100.4,95.9,99.0,45.4,42.8,28.7,57.0,18.1,24.6,77.7,105.3,65.6,173.7
1,173.5,80.8,21,26.86,1.973,0.26544,0.18671,0.17888,0.20245,0.3327,0.38311,0.61499,0.15871,0.11666,0.16564,0.03831,0.07161,101.7,84.7,100.2,46.0,43.3,25.4,57.7,18.3,22.0,78.7,106.6,66.4,173.5
1,155.3,54.3,54,22.51,1.53,0.25715,0.18528,0.16979,0.2009,0.32958,0.37952,0.60923,0.15749,0.11073,0.16437,0.03687,0.06894,92.4,73.6,91.1,40.8,38.2,23.1,52.3,16.4,19.3,71.3,96.7,60.2,155.3
1,175.1,69.0,21,22.49,1.831,0.24616,0.17209,0.19061,0.18703,0.31281,0.3602,0.57822,0.14627,0.12431,0.15302,0.03971,0.06616,97.8,94.2,96.6,44.5,41.8,27.5,56.6,17.8,23.8,77.2,104.6,65.2,175.1
1,173.8,74.3,30,24.62,1.894,0.26786,0.17941,0.19091,0.19475,0.33818,0.38942,0.62511,0.1525,0.12451,0.15934,0.03975,0.07212,97.5,90.2,96.2,46.3,43.6,26.7,58.5,18.5,22.7,79.8,108.1,67.4,173.8
1,180.7,71.5,42,21.88,1.894,0.25971,0.18911,0.1709,0.20572,0.32992,0.37991,0.60985,0.16074,0.11145,0.16831,0.03779,0.0698,108.7,85.4,107.5,47.5,44.6,24.4,60.4,19.0,22.9,82.3,111.6,69.5,180.7
1,189.4,101.8,30,28.4,2.314,0.26589,0.20303,0.19954,0.22065,0.32876,0.37857,0.60771,0.17258,0.13014,0.18054,0.04545,0.072,120.0,102.6,118.6,50.0,47.3,29.8,61.9,19.8,28.3,84.3,114.3,71.2,189.4
1,183.9,80.1,35,23.68,2.023,0.25311,0.18661,0.18256,0.20293,0.31907,0.36742,0.5898,0.15862,0.11906,0.16604,0.03985,0.06818,109.1,92.8,107.9,47.1,44.3,26.6,59.4,18.8,24.5,81.0,109.8,68.4,183.9
1,173.5,51.2,41,17.0,1.57,0.25585,0.17481,0.17367,0.1905,0.33143,0.38164,0.61264,0.14859,0.11326,0.15586,0.03597,0.06839,95.1,82.1,94.2,44.3,41.3,23.3,57.4,17.9,20.6,78.2,106.1,66.1,173.5
1,167.2,66.1,19,23.66,1.753,0.25283,0.18013,0.18439,0.19546,0.32117,0.36984,0.59368,0.15311,0.12026,0.15992,0.03875,0.06796,95.2,84.7,93.9,42.5,39.9,25.5,54.0,17.0,21.6,73.6,99.8,62.2,167.2
1,194.8,81.3,65,21.42,2.097,0.2732,0.19101,0.19504,0.20812,0.34561,0.39797,0.63885,0.16236,0.1272,0.17028,0.04241,0.07352,113.9,101.1,112.8,51.9,48.7,27.7,65.6,20.7,26.6,89.5,121.3,75.5,194.8
1,175.9,60.7,50,19.6,1.722,0.25504,0.19007,0.18289,0.20688,0.32718,0.37675,0.60479,0.16156,0.11928,0.16927,0.03991,0.06836,103.6,86.7,102.5,44.2,41.4,24.8,56.8,17.8,22.9,77.4,104.9,65.4,175.9
1,175.6,64.1,36,20.79,1.768,0.26636,0.18563,0.19736,0.20193,0.34036,0.39193,0.62914,0.15779,0.12871,0.16521,0.04198,0.07148,100.4,92.8,99.3,45.8,42.9,26.8,58.6,18.4,23.9,79.9,108.3,67.5,175.6
1,175.3,78.2,26,25.44,1.952,0.26197,0.19987,0.19735,0.21693,0.32959,0.37952,0.60924,0.16989,0.12871,0.17749,0.04464,0.0706,110.0,94.5,108.6,45.9,43.2,28.0,57.8,18.3,25.9,78.8,106.8,66.5,175.3
1,177.0,95.7,45,30.55,2.169,0.2673,0.19268,0.21234,0.20873,0.33032,0.38037,0.6106,0.16378,0.13848,0.17078,0.04591,0.07239,105.8,101.4,104.2,46.7,44.2,30.7,57.8,18.4,26.5,78.8,106.8,66.5,177.0
1,174.4,79.8,52,26.23,1.966,0.2627,0.18877,0.20498,0.20478,0.32977,0.37974,0.60958,0.16046,0.13368,0.16754,0.0443,0.07084,103.3,97.5,101.9,45.8,43.1,29.1,57.4,18.2,25.5,78.3,106.2,66.1,174.4
1,171.2,67.0,56,22.85,1.785,0.27101,0.18499,0.18841,0.20092,0.34456,0.39677,0.63691,0.15724,0.12287,0.16439,0.0397,0.07283,97.3,86.2,96.1,45.4,42.6,25.5,57.7,18.2,22.0,78.7,106.7,66.5,171.2
1,171.4,78.7,27,26.8,1.936,0.25642,0.18257,0.18609,0.19789,0.32178,0.37054,0.59481,0.15518,0.12136,0.16191,0.03921,0.06915,98.4,87.2,97.0,44.0,41.4,26.3,55.2,17.5,22.2,75.3,102.1,63.6,171.4
1,175.3,71.8,18,23.36,1.869,0.25291,0.17977,0.19423,0.1953,0.32042,0.36897,0.59229,0.15281,0.12667,0.15979,0.0414,0.06803,101.1,95.0,99.8,45.3,42.5,27.8,57.4,18.1,24.5,78.2,106.0,66.0,175.3
1,171.4,66.3,59,22.55,1.776,0.24777,0.17938,0.18201,0.19487,0.31529,0.36307,0.58282,0.15248,0.1187,0.15944,0.03901,0.06657,99.6,87.9,98.4,43.8,41.1,25.9,55.7,17.5,22.8,76.0,103.0,64.2,171.4
1,170.2,60.9,38,21.05,1.697,0.26416,0.18764,0.18861,0.20398,0.338,0.38921,0.62478,0.15949,0.12301,0.16689,0.04023,0.07086,97.9,85.5,96.7,43.9,41.1,25.2,56.1,17.6,22.1,76.5,103.7,64.6,170.2
1,176.3,59.8,26,19.24,1.711,0.25526,0.19143,0.17679,0.2084,0.32782,0.37749,0.60597,0.16271,0.1153,0.17051,0.03905,0.0684,105.3,84.5,104.2,44.7,41.8,24.1,57.4,18.0,22.6,78.2,106.1,66.1,176.3
1,173.6,71.1,64,23.61,1.852,0.25333,0.18866,0.18629,0.20489,0.32093,0.36956,0.59323,0.16036,0.12149,0.16764,0.04024,0.06814,102.1,87.6,100.8,43.6,41.0,25.8,55.3,17.4,22.9,75.4,102.1,63.6,173.6
1,186.8,89.4,32,25.63,2.154,0.26414,0.20085,0.20813,0.21837,0.33025,0.38029,0.61047,0.17072,0.13574,0.17866,0.04669,0.07131,115.3,103.9,113.9,48.3,45.5,29.9,60.3,19.2,28.2,82.3,111.5,69.5,186.8
1,155.6,59.7,52,24.67,1.607,0.26105,0.17888,0.19058,0.19364,0.33237,0.38272,0.61437,0.15205,0.12429,0.15843,0.04012,0.07012,89.7,83.1,88.2,41.7,39.1,26.2,53.0,16.7,21.2,72.3,98.0,61.1,155.6
1,183.7,79.3,22,23.51,2.012,0.26147,0.19441,0.19629,0.21142,0.32984,0.37982,0.60971,0.16525,0.12801,0.17298,0.04399,0.07042,112.8,99.0,111.5,48.3,45.4,28.3,60.9,19.3,26.9,83.1,112.6,70.1,183.7
1,184.8,74.2,58,21.72,1.952,0.26025,0.196,0.19269,0.21332,0.33023,0.38026,0.61042,0.1666,0.12567,0.17453,0.04356,0.06997,114.2,97.6,113.0,48.3,45.3,27.5,61.3,19.3,26.7,83.5,113.2,70.5,184.8
1,159.9,70.1,39,27.42,1.765,0.26335,0.19282,0.20167,0.20849,0.33179,0.38206,0.61331,0.1639,0.13152,0.17058,0.04351,0.07095,95.8,87.2,94.2,41.7,39.2,27.4,52.5,16.6,22.8,71.6,97.0,60.4,159.9
1,172.9,61.4,58,20.54,1.718,0.25482,0.17272,0.18144,0.18786,0.32623,0.37566,0.60304,0.14681,0.11833,0.1537,0.03736,0.06834,94.8,86.6,93.8,44.5,41.7,25.2,57.0,17.9,21.6,77.7,105.4,65.6,172.9
1,172.7,83.9,40,28.12,2.006,0.25729,0.18458,0.19449,0.2,0.32127,0.36994,0.59386,0.1569,0.12684,0.16363,0.04176,0.06948,102.0,93.5,100.5,45.3,42.7,28.3,56.5,18.0,24.3,77.1,104.4,65.1,172.7
1,164.9,58.6,24,21.53,1.638,0.25575,0.17836,0.18841,0.19373,0.32742,0.37703,0.60524,0.1516,0.12288,0.15851,0.03984,0.06859,94.1,86.5,93.0,43.0,40.2,26.0,55.0,17.3,22.1,75.0,101.7,63.3,164.9
1,169.7,64.4,40,22.36,1.742,0.26396,0.18775,0.18621,0.20394,0.33637,0.38733,0.62177,0.15959,0.12144,0.16686,0.03985,0.07089,98.4,84.8,97.1,44.0,41.3,25.2,56.1,17.6,22.0,76.5,103.7,64.6,169.7
1,167.2,56.1,61,20.09,1.614,0.24798,0.18008,0.18087,0.19582,0.31868,0.36697,0.58908,0.15306,0.11796,0.16021,0.03847,0.06644,95.6,83.5,94.5,41.9,39.2,24.7,53.9,16.9,21.5,73.5,99.6,62.0,167.2
1,188.6,82.6,42,23.21,2.081,0.26105,0.18745,0.18398,0.204,0.32893,0.37877,0.60802,0.15933,0.11999,0.16691,0.04029,0.07032,112.0,95.6,110.8,49.7,46.7,26.9,62.6,19.8,25.3,85.3,115.7,72.0,188.6
1,182.5,96.5,44,28.97,2.212,0.25575,0.19619,0.2002,0.2129,0.31676,0.36475,0.58552,0.16676,0.13057,0.17419,0.0442,0.06922,111.4,98.9,109.9,46.2,43.7,29.3,57.3,18.3,26.4,78.1,105.9,65.9,182.5
1,185.0,92.6,58,27.04,2.181,0.26441,0.18616,0.19584,0.20225,0.32924,0.37913,0.6086,0.15824,0.12772,0.16547,0.04243,0.07146,109.4,100.0,108.0,49.4,46.6,29.1,61.6,19.6,26.2,84.0,113.8,70.9,185.0
1,180.9,94.9,23,28.98,2.183,0.2521,0.19132,0.19177,0.20755,0.3125,0.35984,0.57765,0.16262,0.12507,0.16982,0.04261,0.06822,111.6,97.3,110.1,46.8,44.2,28.9,58.0,18.5,26.2,79.1,107.2,66.8,180.9
1,167.0,75.5,51,27.07,1.872,0.25588,0.19428,0.19727,0.21039,0.32155,0.37027,0.59438,0.16514,0.12865,0.17214,0.04414,0.06898,104.4,92.2,102.8,43.8,41.2,28.2,55.0,17.4,25.0,75.0,101.7,63.4,167.0
1,171.6,62.4,26,21.21,1.725,0.25181,0.18605,0.17358,0.20226,0.32184,0.3706,0.59492,0.15814,0.1132,0.16548,0.03752,0.06757,100.4,81.4,99.2,43.2,40.5,23.9,55.3,17.4,21.3,75.4,102.2,63.6,171.6
1,179.2,76.5,66,23.82,1.951,0.2633,0.19019,0.19329,0.20669,0.33248,0.38286,0.61459,0.16167,0.12606,0.16911,0.0421,0.07089,106.3,93.9,105.0,46.8,44.0,27.3,59.1,18.7,24.8,80.6,109.3,68.1,179.2
1,166.3,61.6,50,22.26,1.687,0.26071,0.18644,0.18536,0.20245,0.3328,0.38323,0.61518,0.15848,0.12089,0.16564,0.04003,0.06998,97.7,84.5,96.5,43.5,40.8,25.4,55.5,17.4,22.1,75.7,102.6,63.9,166.3
1,180.8,99.9,68,30.56,2.241,0.27745,0.19547,0.19319,0.21193,0.34211,0.39395,0.63239,0.16615,0.12599,0.1734,0.04247,0.07519,110.3,94.8,108.8,49.9,47.2,28.4,61.5,19.7,25.2,83.8,113.6,70.8,180.8
1,173.7,63.1,23,20.92,1.745,0.24415,0.17351,0.17579,0.18869,0.31209,0.35938,0.57689,0.14748,0.11465,0.15439,0.03671,0.06551,97.0,85.5,95.9,43.5,40.7,24.8,55.6,17.4,21.6,75.8,102.7,64.0,173.7
1,172.7,85.3,54,28.62,2.023,0.26362,0.18321,0.19794,0.19846,0.32864,0.37843,0.60749,0.15573,0.12909,0.16237,0.04239,0.07123,101.8,95.6,100.2,46.6,44.0,29.0,58.1,18.5,24.8,79.2,107.4,66.9,172.7
1,180.8,93.6,48,28.62,2.168,0.27558,0.19922,0.21291,0.21614,0.34205,0.39388,0.63228,0.16933,0.13885,0.17684,0.04671,0.07455,109.5,101.7,108.0,48.2,45.5,30.2,59.8,19.1,27.0,81.6,110.6,68.9,180.8
1,178.8,105.3,51,32.93,2.287,0.27196,0.20072,0.21404,0.21733,0.33307,0.38354,0.61568,0.17061,0.13959,0.17781,0.04728,0.07383,110.7,102.7,109.0,47.8,45.3,31.3,58.5,18.8,27.5,79.7,108.1,67.3,178.8
1,172.8,70.3,58,23.54,1.837,0.26734,0.19321,0.19649,0.20981,0.33888,0.39022,0.62641,0.16423,0.12815,0.17167,0.0431,0.0719,103.7,91.7,102.4,45.7,42.9,27.1,57.9,18.3,24.3,78.9,107.0,66.7,172.8
1,184.2,94.5,46,27.85,2.199,0.26178,0.18826,0.19862,0.20444,0.32519,0.37446,0.60111,0.16002,0.12954,0.16727,0.04329,0.0708,110.0,100.9,108.6,48.7,46.0,29.6,60.5,19.3,26.6,82.5,111.8,69.7,184.2
1,167.4,98.7,31,35.24,2.143,0.27239,0.19496,0.21353,0.21025,0.33354,0.38408,0.61654,0.16572,0.13926,0.17202,0.04632,0.07395,102.9,98.0,100.9,45.8,43.4,31.0,56.0,18.0,25.7,76.4,103.6,64.5,167.4
1,180.1,74.0,53,22.81,1.924,0.25537,0.19518,0.1909,0.21222,0.32344,0.37245,0.59788,0.1659,0.1245,0.17363,0.04275,0.0687,110.4,93.9,109.2,46.0,43.2,27.0,58.3,18.4,25.5,79.4,107.7,67.1,180.1
1,179.9,64.4,53,19.88,1.794,0.25964,0.18099,0.19272,0.19704,0.33225,0.38259,0.61415,0.15384,0.12569,0.16121,0.04033,0.06965,100.3,92.9,99.3,45.8,42.9,26.3,58.6,18.4,23.5,80.0,108.4,67.5,179.9
1,173.2,56.6,32,18.88,1.65,0.26276,0.17935,0.1749,0.19525,0.33826,0.38951,0.62527,0.15245,0.11406,0.15975,0.03673,0.07036,97.0,82.2,96.0,45.2,42.3,23.6,58.2,18.2,20.9,79.4,107.6,67.0,173.2
1,177.9,88.2,25,27.85,2.088,0.2748,0.19584,0.19771,0.21243,0.34248,0.39438,0.63308,0.16646,0.12894,0.1738,0.04363,0.07425,108.6,95.4,107.1,48.5,45.8,28.4,60.5,19.2,25.5,82.5,111.8,69.6,177.9
1,166.1,52.1,43,18.87,1.55,0.25485,0.17,0.17215,0.18499,0.32894,0.37878,0.60804,0.1445,0.11227,0.15136,0.03483,0.06819,88.9,78.3,88.0,42.4,39.6,23.1,54.8,17.1,19.2,74.7,101.3,63.1,166.1
1,182.4,78.8,53,23.67,1.998,0.24994,0.19532,0.19115,0.21236,0.31531,0.36308,0.58284,0.16602,0.12466,0.17375,0.0424,0.06731,110.6,94.1,109.3,45.1,42.4,27.1,56.8,18.0,25.3,77.5,105.1,65.5,182.4
1,174.1,81.0,65,26.72,1.979,0.26341,0.1938,0.20879,0.21017,0.33018,0.3802,0.61033,0.16473,0.13617,0.17196,0.04585,0.07106,105.5,98.9,104.0,45.7,43.0,29.6,57.2,18.1,26.3,78.0,105.8,65.9,174.1
1,171.6,75.8,38,25.73,1.9,0.26242,0.19626,0.1984,0.21286,0.33043,0.3805,0.6108,0.16682,0.12939,0.17416,0.04415,0.07071,105.7,92.9,104.2,45.0,42.3,27.9,56.7,17.9,25.0,77.3,104.7,65.2,171.6
1,183.4,89.7,45,26.68,2.137,0.26029,0.18495,0.18749,0.2009,0.3248,0.37402,0.60039,0.15721,0.12228,0.16437,0.04044,0.07031,107.7,95.0,106.4,48.3,45.5,27.7,60.2,19.1,24.8,82.1,111.3,69.4,183.4
1,170.2,75.0,21,25.88,1.883,0.26334,0.18758,0.18887,0.20338,0.33165,0.3819,0.61306,0.15944,0.12318,0.1664,0.04067,0.07095,100.5,88.0,99.0,44.9,42.2,26.5,56.5,17.9,22.9,77.1,104.5,65.1,170.2
1,164.9,82.5,33,30.32,1.944,0.25823,0.18992,0.20228,0.20521,0.32156,0.37028,0.5944,0.16144,0.13192,0.1679,0.04386,0.06979,100.0,92.6,98.3,43.3,40.8,29.0,53.9,17.2,24.3,73.5,99.7,62.1,164.9
1,163.8,58.2,39,21.7,1.628,0.26194,0.18151,0.17642,0.19711,0.33533,0.38614,0.61986,0.15428,0.11506,0.16127,0.03727,0.07025,93.5,79.0,92.3,42.9,40.2,23.9,55.0,17.2,20.2,75.0,101.6,63.3,163.8
1,180.0,73.3,29,22.61,1.915,0.25462,0.17631,0.1833,0.19172,0.32273,0.37163,0.59656,0.14987,0.11954,0.15686,0.03798,0.06848,99.6,90.0,98.5,45.8,43.0,25.9,58.0,18.3,22.6,79.1,107.3,66.8,180.0
1,165.9,61.3,33,22.29,1.681,0.25533,0.17541,0.18783,0.19046,0.32597,0.37536,0.60254,0.1491,0.1225,0.15583,0.03971,0.06853,94.8,88.3,93.6,43.9,41.2,26.5,56.1,17.6,22.6,76.5,103.7,64.6,165.9
1,188.7,100.9,68,28.35,2.299,0.27406,0.18556,0.198,0.20164,0.33905,0.39043,0.62674,0.15772,0.12913,0.16497,0.04259,0.0742,110.4,102.4,109.0,51.9,49.0,29.8,64.2,20.5,26.7,87.5,118.7,73.9,188.7
1,159.9,73.2,57,28.65,1.803,0.25355,0.18809,0.20164,0.20321,0.31826,0.36648,0.5883,0.15988,0.1315,0.16626,0.04349,0.06838,96.2,89.7,94.5,41.3,38.8,28.3,51.8,16.4,23.4,70.6,95.7,59.6,159.9
1,188.2,94.9,55,26.78,2.227,0.26231,0.18106,0.21153,0.19683,0.32639,0.37585,0.60333,0.1539,0.13795,0.16104,0.04444,0.07091,106.3,108.0,105.0,49.0,46.2,31.2,61.0,19.4,27.5,83.2,112.7,70.2,188.2
1,177.1,93.7,59,29.89,2.147,0.27122,0.18557,0.2004,0.20109,0.33589,0.38678,0.62089,0.15774,0.1307,0.16453,0.04233,0.07341,102.3,96.0,100.7,47.6,44.9,29.0,58.9,18.8,24.6,80.3,108.9,67.8,177.1
1,174.8,64.1,54,20.97,1.764,0.25058,0.18407,0.17606,0.2002,0.3201,0.3686,0.59171,0.15646,0.11482,0.1638,0.03796,0.06725,101.7,84.6,100.6,44.1,41.3,24.5,56.3,17.7,22.1,76.8,104.1,64.8,174.8
1,171.4,94.4,46,32.14,2.12,0.26709,0.19518,0.20762,0.21102,0.32944,0.37935,0.60896,0.16591,0.13541,0.17266,0.04513,0.07237,104.2,96.4,102.5,45.4,42.9,29.8,56.0,17.9,25.4,76.4,103.5,64.5,171.4
1,178.5,100.2,35,31.45,2.229,0.27641,0.19313,0.20111,0.20921,0.34027,0.39182,0.62898,0.16416,0.13116,0.17118,0.04364,0.07494,107.3,97.2,105.7,48.9,46.3,29.4,60.2,19.3,25.5,82.1,111.3,69.3,178.5
1,175.2,85.8,27,27.95,2.044,0.26746,0.19795,0.19993,0.2146,0.33371,0.38428,0.61687,0.16826,0.13039,0.17558,0.04476,0.07225,109.3,96.0,107.8,47.0,44.3,28.8,58.7,18.7,26.0,80.0,108.5,67.6,175.2
1,183.8,110.4,59,32.7,2.374,0.2872,0.20693,0.2157,0.22435,0.35096,0.40414,0.64875,0.17589,0.14067,0.18356,0.0487,0.07801,116.8,105.9,115.1,51.6,48.9,31.9,63.0,20.3,28.9,86.0,116.5,72.6,183.8
1,176.4,60.7,56,19.52,1.725,0.25529,0.18155,0.18135,0.19762,0.32753,0.37715,0.60543,0.15432,0.11827,0.16169,0.03894,0.06843,101.7,88.3,100.6,45.5,42.6,25.2,58.4,18.3,23.0,79.6,107.9,67.2,176.4
1,176.6,72.2,35,23.13,1.882,0.26293,0.18748,0.20398,0.20374,0.33316,0.38364,0.61585,0.15936,0.13303,0.16669,0.04349,0.07072,101.8,96.3,100.6,45.4,42.7,28.1,57.6,18.2,24.9,78.5,106.4,66.3,176.6
1,172.8,66.9,18,22.41,1.792,0.25875,0.19667,0.19204,0.2137,0.32922,0.3791,0.60856,0.16717,0.12524,0.17484,0.04331,0.06952,107.1,90.9,105.8,44.9,42.1,26.7,57.1,18.0,24.8,77.8,105.5,65.7,172.8
1,175.1,85.5,56,27.89,2.039,0.26028,0.18538,0.20082,0.20097,0.32484,0.37406,0.60047,0.15757,0.13097,0.16443,0.04315,0.0703,103.3,97.3,101.8,46.2,43.5,29.2,57.6,18.3,25.3,78.5,106.5,66.3,175.1
1,177.8,67.6,38,21.38,1.827,0.25694,0.1904,0.16979,0.2071,0.32736,0.37696,0.60513,0.16184,0.11073,0.16945,0.03754,0.069,106.9,82.9,105.7,45.9,43.1,23.8,58.5,18.4,22.2,79.8,108.2,67.4,177.8
1,162.7,74.2,18,28.04,1.831,0.25835,0.18564,0.19719,0.20075,0.3244,0.37356,0.59965,0.15779,0.1286,0.16425,0.04222,0.06966,96.5,89.1,94.8,42.7,40.2,27.8,53.7,17.0,23.1,73.2,99.2,61.8,162.7
1,165.4,84.1,32,30.74,1.965,0.26354,0.18608,0.22022,0.20103,0.32766,0.37731,0.60568,0.15817,0.14362,0.16448,0.04609,0.07126,95.6,98.3,93.9,43.1,40.7,30.7,53.6,17.1,24.9,73.0,99.0,61.7,165.4
1,181.1,91.1,21,27.78,2.14,0.26024,0.19029,0.17221,0.20653,0.32388,0.37296,0.59869,0.16175,0.11231,0.16898,0.03816,0.07034,110.9,87.3,109.4,48.3,45.6,25.8,60.1,19.1,23.4,81.9,111.1,69.2,181.1
1,176.8,81.6,37,26.12,2.002,0.261,0.19463,0.20543,0.21123,0.32739,0.37699,0.60517,0.16544,0.13398,0.17282,0.04483,0.0704,105.9,97.2,104.5,45.2,42.6,28.8,56.7,18.0,25.7,77.3,104.8,65.3,176.8
1,174.1,65.4,27,21.58,1.779,0.2515,0.17343,0.18122,0.18855,0.3207,0.36929,0.59281,0.14741,0.11819,0.15427,0.03749,0.06753,96.2,87.4,95.1,44.4,41.6,25.4,56.6,17.8,21.9,77.2,104.7,65.2,174.1
1,175.6,68.0,40,22.04,1.821,0.26199,0.17973,0.18225,0.19539,0.33335,0.38385,0.61619,0.15277,0.11886,0.15986,0.03796,0.07039,97.9,86.4,96.8,45.4,42.6,25.1,57.8,18.2,21.8,78.8,106.9,66.6,175.6
1,178.1,95.8,58,30.19,2.177,0.25492,0.19521,0.21209,0.21155,0.3152,0.36296,0.58265,0.16593,0.13832,0.17309,0.04674,0.06903,109.2,103.2,107.6,45.4,42.9,31.1,56.1,17.9,27.5,76.5,103.7,64.6,178.1
1,171.5,82.7,51,28.13,1.985,0.26927,0.19369,0.21369,0.20981,0.33644,0.38741,0.6219,0.16463,0.13937,0.17166,0.04672,0.07271,103.9,99.7,102.3,46.0,43.3,30.3,57.4,18.2,26.4,78.3,106.2,66.2,171.5
1,169.7,71.6,63,24.88,1.837,0.24817,0.17049,0.19569,0.18493,0.31365,0.36117,0.57977,0.14492,0.12762,0.15131,0.03953,0.0668,91.7,91.5,90.4,42.5,39.9,27.5,53.7,17.0,22.4,73.2,99.2,61.8,169.7
1,177.0,73.6,65,23.51,1.902,0.26569,0.19182,0.1881,0.20843,0.33619,0.38713,0.62144,0.16305,0.12268,0.17053,0.0413,0.07149,106.1,90.5,104.8,46.8,43.9,26.4,59.2,18.7,24.0,80.7,109.4,68.1,177.0
1,168.2,52.2,50,18.47,1.562,0.24943,0.17389,0.17049,0.18929,0.32212,0.37092,0.59543,0.14781,0.11119,0.15487,0.03504,0.06673,91.7,78.2,90.7,41.9,39.1,22.8,54.1,16.9,19.4,73.7,99.9,62.2,168.2
1,178.6,68.0,51,21.31,1.836,0.25131,0.17082,0.18225,0.18582,0.32017,0.36868,0.59183,0.1452,0.11886,0.15204,0.03757,0.06749,98.0,90.9,96.9,45.9,43.0,26.0,58.4,18.4,22.7,79.7,108.0,67.3,178.6
1,162.7,88.3,56,33.34,1.998,0.266,0.19934,0.21293,0.21489,0.32861,0.3784,0.60744,0.16944,0.13887,0.17582,0.04732,0.07205,103.4,96.0,101.3,43.9,41.5,30.6,54.3,17.3,25.8,74.0,100.3,62.5,162.7
1,183.2,69.3,27,20.65,1.878,0.26811,0.18,0.18032,0.19595,0.34171,0.39349,0.63165,0.153,0.1176,0.16032,0.03837,0.072,104.5,91.0,103.4,49.5,46.4,25.6,63.1,19.9,23.4,86.1,116.7,72.7,183.2
1,179.0,82.5,37,25.75,2.026,0.26068,0.19339,0.19104,0.20999,0.32702,0.37657,0.6045,0.16438,0.12459,0.17181,0.04257,0.07031,110.0,94.5,108.6,47.2,44.4,27.8,59.2,18.8,25.5,80.8,109.5,68.2,179.0
1,177.4,91.6,18,29.11,2.125,0.26008,0.19974,0.22994,0.21653,0.32287,0.37179,0.59682,0.16978,0.14996,0.17716,0.05093,0.07035,109.3,109.4,107.7,45.3,42.8,32.8,56.2,17.9,29.3,76.7,103.9,64.7,177.4
1,182.9,69.3,30,20.73,1.877,0.26393,0.18168,0.19276,0.19777,0.33633,0.38729,0.6217,0.15443,0.12571,0.16181,0.04105,0.07088,104.4,96.3,103.3,48.3,45.2,27.1,61.5,19.3,24.8,83.9,113.7,70.8,182.9
1,188.0,90.9,18,25.73,2.179,0.25989,0.1872,0.20409,0.20356,0.32463,0.37382,0.60008,0.15912,0.1331,0.16655,0.04458,0.07018,111.9,106.1,110.6,49.4,46.6,30.4,61.7,19.6,28.0,84.2,114.1,71.1,188.0
1,183.1,96.6,22,28.81,2.217,0.26478,0.19553,0.19016,0.21222,0.32803,0.37773,0.60636,0.1662,0.12402,0.17363,0.04242,0.07166,113.3,95.8,111.8,48.8,46.1,28.3,60.5,19.3,25.9,82.5,111.9,69.7,183.1
1,161.7,65.6,33,25.08,1.716,0.26118,0.18101,0.18344,0.19608,0.33116,0.38133,0.61214,0.15386,0.11963,0.16043,0.03853,0.07024,92.7,81.6,91.2,42.6,39.9,25.2,54.0,17.0,20.8,73.6,99.7,62.1,161.7
1,165.9,105.9,32,38.48,2.209,0.2587,0.19875,0.22072,0.21389,0.31395,0.36152,0.58033,0.16894,0.14395,0.175,0.04816,0.0704,104.0,100.5,101.8,43.1,40.9,32.3,52.3,16.9,26.5,71.3,96.7,60.2,165.9
1,170.8,56.9,66,19.49,1.642,0.25254,0.17835,0.16963,0.19407,0.32472,0.37392,0.60024,0.1516,0.11063,0.15878,0.03603,0.06765,97.3,80.5,96.2,43.8,41.0,23.4,56.4,17.7,20.7,76.9,104.2,64.9,170.8
1,175.7,90.6,45,29.34,2.102,0.26037,0.19032,0.21327,0.20623,0.3233,0.37228,0.59762,0.16178,0.13909,0.16873,0.04658,0.07043,106.4,103.6,104.8,46.3,43.7,31.3,57.5,18.3,27.4,78.4,106.3,66.2,175.7
1,179.4,78.5,48,24.39,1.977,0.27136,0.18905,0.20565,0.2054,0.34195,0.39376,0.63209,0.16069,0.13412,0.16805,0.04442,0.0731,105.3,99.6,104.0,48.1,45.3,29.0,60.6,19.2,26.0,82.7,112.1,69.8,179.4
1,170.1,81.3,40,28.1,1.959,0.26848,0.19736,0.19511,0.21373,0.33573,0.3866,0.62059,0.16776,0.12725,0.17487,0.04326,0.07248,105.1,90.4,103.5,45.5,42.9,27.6,56.9,18.1,24.3,77.6,105.2,65.6,170.1
1,176.9,83.7,65,26.74,2.028,0.25449,0.18876,0.21088,0.2048,0.31853,0.36679,0.5888,0.16044,0.13753,0.16757,0.04571,0.06868,105.1,102.1,103.7,45.1,42.5,30.3,56.5,17.9,26.8,77.0,104.4,65.0,176.9
1,169.8,64.7,62,22.42,1.747,0.26559,0.18228,0.18598,0.198,0.33835,0.38961,0.62543,0.15494,0.12129,0.162,0.03942,0.07133,97.3,86.3,96.0,45.1,42.3,25.6,57.5,18.1,22.1,78.4,106.2,66.2,169.8
1,170.9,75.7,60,25.9,1.895,0.26431,0.18401,0.21402,0.19953,0.33274,0.38315,0.61506,0.15641,0.13958,0.16325,0.04541,0.07122,98.9,100.0,97.5,45.2,42.5,30.1,56.9,18.0,25.7,77.6,105.2,65.5,170.9
1,165.0,51.5,34,18.94,1.537,0.24693,0.1781,0.17773,0.19378,0.31879,0.36709,0.58927,0.15139,0.11591,0.15855,0.03732,0.06607,92.6,80.3,91.6,40.9,38.2,23.8,52.7,16.5,20.4,71.9,97.5,60.7,165.0
1,168.6,77.9,66,27.4,1.909,0.26543,0.19275,0.203,0.20875,0.33293,0.38337,0.61542,0.16384,0.13239,0.1708,0.0441,0.07159,101.3,92.8,99.7,44.4,41.8,28.3,55.7,17.7,24.4,75.9,102.9,64.1,168.6
1,165.4,71.6,51,26.17,1.813,0.26883,0.19323,0.20564,0.2093,0.33907,0.39044,0.62676,0.16425,0.13411,0.17125,0.04485,0.0724,99.7,92.3,98.2,44.2,41.5,28.3,55.7,17.6,24.4,76.0,103.0,64.1,165.4
1,168.2,77.9,30,27.54,1.908,0.25072,0.18174,0.20233,0.1968,0.3144,0.36203,0.58116,0.15448,0.13195,0.16102,0.04306,0.06763,98.3,95.2,96.8,43.2,40.7,29.1,54.2,17.2,24.5,73.8,100.1,62.4,168.2
1,183.4,98.7,31,29.33,2.242,0.27371,0.19198,0.2085,0.20834,0.33842,0.3897,0.62557,0.16318,0.13598,0.17046,0.04569,0.07412,110.8,104.7,109.3,50.3,47.5,31.0,62.2,19.9,27.8,84.8,115.0,71.6,183.4
1,168.4,75.0,28,26.45,1.873,0.24859,0.18797,0.18926,0.20368,0.31279,0.36018,0.57818,0.15977,0.12343,0.16664,0.04137,0.06699,101.7,89.1,100.2,42.8,40.3,27.1,53.9,17.1,23.6,73.5,99.6,62.0,168.4
1,195.2,97.5,45,25.59,2.3,0.26327,0.19463,0.2047,0.21188,0.32787,0.37755,0.60607,0.16544,0.1335,0.17336,0.04545,0.07115,118.3,108.1,117.0,50.9,48.0,30.5,63.4,20.2,29.1,86.5,117.2,73.0,195.2
1,179.2,70.4,59,21.93,1.872,0.25769,0.18002,0.18277,0.19579,0.32751,0.37713,0.60539,0.15301,0.1192,0.16019,0.0382,0.06925,100.2,88.5,99.1,45.7,42.8,25.4,58.0,18.3,22.4,79.1,107.3,66.8,179.2
1,176.9,70.4,49,22.49,1.86,0.2646,0.18887,0.18702,0.20531,0.33598,0.38689,0.62106,0.16054,0.12197,0.16798,0.04111,0.07113,105.9,91.2,104.7,47.2,44.3,26.5,60.0,18.9,24.3,81.8,110.9,69.1,176.9
1,169.1,85.5,52,29.9,2.003,0.26221,0.18289,0.1933,0.19783,0.32619,0.37561,0.60295,0.15545,0.12607,0.16186,0.04051,0.07089,97.3,89.4,95.7,44.4,41.9,27.6,55.2,17.6,22.7,75.3,102.1,63.6,169.1
1,180.8,101.4,48,31.05,2.257,0.25353,0.19538,0.1871,0.21179,0.31212,0.35941,0.57694,0.16607,0.12202,0.17328,0.04222,0.06873,114.6,95.4,112.9,47.3,44.8,28.7,58.3,18.6,26.1,79.4,107.7,67.1,180.8
1,171.2,70.8,34,24.15,1.834,0.26683,0.18054,0.19334,0.19595,0.3378,0.38898,0.62441,0.15346,0.12609,0.16032,0.04013,0.07179,95.7,89.1,94.4,45.0,42.3,26.6,57.0,18.0,22.4,77.7,105.4,65.6,171.2
1,176.4,78.4,64,25.2,1.96,0.26853,0.20014,0.20562,0.21728,0.33792,0.38912,0.62465,0.17012,0.1341,0.17778,0.04624,0.07236,109.8,98.1,108.3,46.9,44.1,28.9,59.0,18.7,26.7,80.4,109.0,67.9,176.4
1,194.7,82.8,26,21.85,2.117,0.26933,0.1797,0.20013,0.19578,0.34017,0.39172,0.62881,0.15275,0.13052,0.16018,0.04184,0.07251,108.1,104.6,107.0,51.5,48.4,28.8,65.1,20.6,26.5,88.8,120.4,75.0,194.7
1,174.8,91.2,27,29.84,2.104,0.27054,0.20528,0.20771,0.22234,0.33553,0.38637,0.62022,0.17449,0.13546,0.18191,0.04667,0.0732,110.3,97.0,108.6,46.3,43.7,29.4,57.4,18.3,26.4,78.2,106.0,66.1,174.8
1,184.1,93.8,25,27.66,2.19,0.26191,0.18858,0.21112,0.20479,0.32559,0.37492,0.60185,0.16029,0.13769,0.16756,0.04637,0.07082,111.1,108.2,109.7,49.1,46.4,31.7,61.1,19.4,28.8,83.3,112.9,70.3,184.1
1,170.2,97.0,38,33.49,2.142,0.26854,0.19898,0.20891,0.21493,0.33005,0.38005,0.61009,0.16914,0.13625,0.17585,0.0457,0.07283,105.0,95.9,103.1,45.1,42.7,29.9,55.4,17.8,25.4,75.6,102.5,63.8,170.2
1,175.2,67.4,30,21.94,1.811,0.27385,0.18741,0.17555,0.20374,0.34862,0.40144,0.64442,0.1593,0.11449,0.1667,0.03748,0.07356,100.9,82.2,99.8,46.9,44.0,23.9,59.8,18.8,21.2,81.5,110.5,68.8,175.2
1,188.8,84.3,67,23.65,2.102,0.26231,0.18642,0.17196,0.20285,0.32998,0.37998,0.60997,0.15846,0.11215,0.16597,0.03789,0.0707,113.1,90.7,111.9,50.7,47.7,25.6,63.7,20.2,24.2,86.9,117.8,73.4,188.8
1,170.8,75.6,22,25.91,1.894,0.26712,0.18194,0.18442,0.19728,0.33628,0.38723,0.62161,0.15465,0.12027,0.16141,0.03885,0.07198,97.9,86.3,96.5,45.7,43.0,26.0,57.6,18.2,22.0,78.5,106.4,66.3,170.8
1,189.1,98.6,23,27.58,2.276,0.26883,0.18763,0.20744,0.20395,0.33341,0.38393,0.61631,0.15949,0.13529,0.16687,0.04509,0.07273,112.1,107.7,110.7,51.1,48.3,31.2,63.4,20.2,28.4,86.4,117.2,73.0,189.1
1,180.8,79.2,47,24.23,1.995,0.26802,0.1928,0.18992,0.20953,0.33771,0.38888,0.62425,0.16388,0.12386,0.17143,0.04162,0.0722,108.1,92.6,106.8,47.8,45.0,26.8,60.3,19.1,24.6,82.2,111.4,69.4,180.8
1,171.3,64.4,48,21.96,1.751,0.2433,0.16624,0.1819,0.18064,0.31023,0.35724,0.57346,0.1413,0.11863,0.1478,0.037,0.06533,92.8,88.3,91.7,43.2,40.5,26.0,55.1,17.3,21.7,75.2,101.9,63.5,171.3
1,180.2,92.8,34,28.57,2.156,0.27644,0.19502,0.22141,0.21157,0.34328,0.3953,0.63455,0.16577,0.1444,0.1731,0.04804,0.07477,107.5,106.1,106.0,48.5,45.8,31.5,60.2,19.2,27.9,82.1,111.3,69.4,180.2
1,182.8,93.2,28,27.89,2.175,0.26565,0.20991,0.19207,0.22789,0.3302,0.38023,0.61036,0.17842,0.12526,0.18645,0.04501,0.07183,120.7,96.1,119.2,48.6,45.9,28.3,60.5,19.3,27.3,82.4,111.8,69.6,182.8
1,180.2,70.8,37,21.81,1.882,0.26987,0.18004,0.19291,0.19585,0.34299,0.39496,0.63401,0.15304,0.12581,0.16024,0.04028,0.07253,100.5,93.7,99.4,48.0,45.0,26.8,61.0,19.2,23.7,83.1,112.7,70.2,180.2
1,163.7,82.2,65,30.67,1.934,0.26915,0.19955,0.20727,0.21551,0.33503,0.38579,0.61929,0.16962,0.13518,0.17632,0.04599,0.07275,102.7,92.8,100.9,44.1,41.6,29.1,54.9,17.5,24.9,74.9,101.5,63.2,163.7
1,170.0,86.3,26,29.83,2.019,0.27026,0.19114,0.19717,0.20681,0.3361,0.38702,0.62127,0.16247,0.12859,0.16921,0.0424,0.07307,101.4,90.9,99.7,45.6,43.1,27.9,56.7,18.1,23.7,77.4,104.9,65.3,170.0
1,173.6,77.0,19,25.54,1.927,0.24452,0.18368,0.19722,0.1993,0.30778,0.35441,0.56893,0.15613,0.12862,0.16306,0.04297,0.06589,103.8,96.9,102.4,44.0,41.4,28.9,55.4,17.5,25.6,75.5,102.4,63.8,173.6
1,174.9,77.5,54,25.33,1.941,0.26018,0.18994,0.19031,0.20615,0.32751,0.37713,0.6054,0.16145,0.12412,0.16867,0.04163,0.07011,105.0,91.5,103.6,45.8,43.1,27.1,57.6,18.2,24.2,78.6,106.5,66.4,174.9
1,180.2,88.3,18,27.2,2.102,0.26487,0.20012,0.1985,0.21721,0.33047,0.38054,0.61086,0.1701,0.12946,0.17772,0.04445,0.07155,111.8,96.5,110.4,47.1,44.4,28.5,58.8,18.7,26.2,80.2,108.7,67.7,180.2
1,176.8,68.8,21,21.99,1.838,0.26188,0.18235,0.20308,0.19827,0.3331,0.38357,0.61573,0.155,0.13245,0.16222,0.04305,0.07037,100.9,97.7,99.7,46.1,43.2,28.3,58.6,18.5,25.1,80.0,108.4,67.5,176.8
1,165.5,68.8,53,25.14,1.779,0.25228,0.19168,0.19038,0.20775,0.31922,0.36759,0.59008,0.16292,0.12416,0.16998,0.04238,0.06788,102.2,88.2,100.7,42.8,40.2,26.9,54.2,17.1,23.8,73.8,100.1,62.4,165.5
1,178.4,57.6,42,18.12,1.69,0.25498,0.17406,0.18467,0.18962,0.32848,0.37825,0.60719,0.14795,0.12044,0.15515,0.03812,0.06827,97.4,89.9,96.5,45.4,42.5,25.2,58.5,18.3,22.5,79.8,108.2,67.4,178.4
1,180.1,92.6,20,28.54,2.152,0.26485,0.19214,0.21047,0.20844,0.32894,0.37878,0.60804,0.16332,0.13727,0.17054,0.04648,0.07163,110.1,104.8,108.5,48.3,45.6,31.2,60.0,19.1,28.0,81.8,110.9,69.1,180.1
1,179.7,63.9,26,19.8,1.787,0.25209,0.17864,0.17487,0.19448,0.3227,0.3716,0.59651,0.15184,0.11404,0.15912,0.03717,0.06761,102.2,87.0,101.2,45.9,43.0,24.6,58.8,18.4,22.4,80.2,108.7,67.7,179.7
1,183.6,105.7,39,31.36,2.322,0.2633,0.18717,0.21492,0.20299,0.32326,0.37224,0.59754,0.15909,0.14016,0.16609,0.04681,0.07143,110.5,110.3,108.9,49.5,46.8,33.0,60.7,19.5,29.1,82.8,112.3,69.9,183.6
1,181.8,78.7,40,23.82,1.993,0.25605,0.18636,0.18955,0.20259,0.32294,0.37187,0.59695,0.1584,0.12362,0.16575,0.04065,0.06896,105.4,93.2,104.2,46.1,43.3,26.9,58.2,18.4,24.2,79.3,107.5,67.0,181.8
1,178.9,77.6,29,24.25,1.964,0.26163,0.19045,0.19099,0.20692,0.32992,0.37991,0.60986,0.16188,0.12456,0.1693,0.04132,0.07047,105.3,91.8,104.0,46.0,43.3,26.7,58.1,18.4,24.1,79.2,107.3,66.9,178.9
1,175.0,69.7,27,22.78,1.841,0.27171,0.18693,0.19173,0.20313,0.34496,0.39723,0.63766,0.15889,0.12504,0.1662,0.0405,0.07304,99.6,88.8,98.4,46.1,43.2,26.0,58.5,18.4,22.7,79.8,108.1,67.4,175.0
1,163.0,63.7,51,23.97,1.699,0.24756,0.19241,0.17932,0.20861,0.31476,0.36246,0.58184,0.16354,0.11695,0.17068,0.04005,0.06652,100.8,81.7,99.3,41.3,38.7,25.0,52.5,16.5,22.1,71.6,97.0,60.4,163.0
1,178.7,98.9,60,30.96,2.216,0.2775,0.19384,0.21663,0.21004,0.34211,0.39395,0.63239,0.16477,0.14128,0.17185,0.04709,0.0752,107.6,104.6,106.0,49.0,46.4,31.6,60.4,19.3,27.5,82.4,111.7,69.6,178.7
1,177.1,54.0,27,17.23,1.63,0.26348,0.184,0.17975,0.20052,0.34064,0.39225,0.62966,0.1564,0.11723,0.16406,0.03847,0.07047,101.1,85.9,100.1,46.1,43.0,24.1,59.6,18.6,22.2,81.2,110.1,68.6,177.1
1,177.5,95.5,47,30.31,2.171,0.26316,0.19863,0.19978,0.21522,0.32537,0.37467,0.60144,0.16884,0.13029,0.17609,0.04484,0.07126,111.8,97.7,110.1,47.1,44.6,29.5,58.3,18.6,26.6,79.5,107.7,67.1,177.5
1,165.9,72.5,39,26.33,1.828,0.27373,0.18458,0.19641,0.19993,0.34498,0.39725,0.63769,0.15689,0.1281,0.16358,0.04203,0.07374,97.6,90.3,96.1,46.1,43.3,27.7,58.0,18.4,23.4,79.1,107.3,66.8,165.9
1,167.4,58.5,23,20.88,1.649,0.25958,0.17205,0.17713,0.187,0.3327,0.3831,0.61498,0.14625,0.11552,0.153,0.03645,0.0696,92.0,82.3,90.9,44.2,41.3,24.4,56.6,17.8,20.5,77.2,104.6,65.2,167.4
1,183.4,71.6,67,21.3,1.91,0.25259,0.177,0.18228,0.19264,0.32117,0.36984,0.59369,0.15045,0.11888,0.15762,0.03826,0.06787,102.8,92.1,101.7,46.7,43.8,26.0,59.4,18.7,23.4,81.0,109.7,68.4,183.4
1,175.2,98.8,19,32.18,2.193,0.27302,0.19521,0.21031,0.21124,0.33594,0.38684,0.62098,0.16593,0.13716,0.17283,0.046,0.07403,107.1,100.4,105.4,47.7,45.1,30.7,58.7,18.8,26.6,80.0,108.5,67.6,175.2
1,180.6,70.8,47,21.72,1.885,0.26526,0.17657,0.19392,0.19209,0.33718,0.38826,0.62326,0.15009,0.12647,0.15716,0.03971,0.07129,98.2,93.8,97.1,47.0,44.0,26.8,59.7,18.8,23.2,81.4,110.3,68.7,180.6
1,175.7,65.0,19,21.05,1.781,0.2587,0.17854,0.19006,0.19418,0.33026,0.3803,0.61048,0.15176,0.12395,0.15888,0.03933,0.06944,96.9,89.7,95.9,44.7,41.9,25.9,57.1,17.9,22.5,77.8,105.5,65.7,175.7
1,175.7,91.7,49,29.68,2.115,0.25408,0.18092,0.19589,0.19601,0.31511,0.36286,0.58248,0.15378,0.12775,0.16037,0.04161,0.06874,102.4,96.4,100.8,45.8,43.2,29.1,56.7,18.1,24.8,77.4,104.9,65.3,175.7
1,182.5,87.7,59,26.33,2.109,0.2661,0.19558,0.20189,0.21244,0.33258,0.38298,0.61478,0.16624,0.13166,0.17381,0.04539,0.07185,113.5,101.9,112.1,49.2,46.3,29.7,61.4,19.5,27.7,83.8,113.6,70.7,182.5
1,171.6,64.0,33,21.74,1.747,0.26055,0.18845,0.18677,0.20481,0.33241,0.38277,0.61445,0.16018,0.12181,0.16757,0.04009,0.06995,99.7,85.9,98.5,43.9,41.1,25.2,56.0,17.6,22.3,76.3,103.4,64.4,171.6
1,176.2,80.3,29,25.85,1.982,0.25937,0.19071,0.18792,0.20697,0.32572,0.37507,0.60208,0.1621,0.12256,0.16934,0.04137,0.06994,106.7,91.5,105.3,46.2,43.5,27.1,58.0,18.4,24.4,79.1,107.3,66.8,176.2
1,172.0,63.5,18,21.46,1.742,0.25348,0.18416,0.17331,0.20019,0.32364,0.37268,0.59825,0.15654,0.11303,0.16379,0.03715,0.06803,99.6,81.5,98.4,43.6,40.9,23.9,55.7,17.5,21.2,76.0,103.0,64.2,172.0
1,172.2,87.6,25,29.52,2.047,0.25476,0.18911,0.2051,0.20475,0.31675,0.36474,0.5855,0.16075,0.13376,0.16752,0.04493,0.06888,105.0,99.0,103.4,45.0,42.5,30.2,56.0,17.8,26.3,76.3,103.5,64.5,172.2
1,173.2,88.0,65,29.35,2.058,0.26932,0.20498,0.20595,0.22199,0.33486,0.38559,0.61897,0.17423,0.13432,0.18163,0.0464,0.07282,109.6,95.8,107.9,45.8,43.3,29.1,57.0,18.2,26.1,77.7,105.4,65.6,173.2
1,177.2,85.1,67,27.11,2.046,0.25843,0.18159,0.19412,0.197,0.32302,0.37196,0.5971,0.15435,0.1266,0.16118,0.04169,0.06977,104.1,96.7,102.6,47.1,44.4,28.8,58.9,18.7,25.1,80.3,108.9,67.8,177.2
1,171.9,78.1,30,26.42,1.931,0.24297,0.1844,0.19861,0.19993,0.30521,0.35145,0.56417,0.15674,0.12953,0.16358,0.04295,0.06551,102.1,95.6,100.6,42.8,40.3,28.8,53.8,17.0,25.0,73.4,99.4,61.9,171.9
1,184.9,111.5,32,32.6,2.393,0.27449,0.20812,0.21188,0.2257,0.33531,0.38612,0.61982,0.1769,0.13818,0.18466,0.04831,0.07457,119.0,105.4,117.3,50.0,47.4,31.6,61.0,19.6,29.1,83.2,112.8,70.3,184.9
1,168.8,71.3,61,25.03,1.828,0.26463,0.18362,0.18632,0.19913,0.33444,0.38511,0.6182,0.15608,0.12151,0.16292,0.03865,0.07123,94.6,83.5,93.3,43.4,40.8,25.2,54.9,17.3,21.0,74.8,101.4,63.2,168.8
1,174.1,63.5,25,20.96,1.753,0.26433,0.19662,0.18328,0.21383,0.33778,0.38896,0.62438,0.16713,0.11953,0.17495,0.04153,0.07093,108.0,87.6,106.8,46.2,43.3,25.4,59.1,18.6,24.0,80.5,109.2,68.0,174.1
1,172.2,79.4,27,26.77,1.949,0.27834,0.18906,0.19859,0.20496,0.34918,0.40208,0.64545,0.1607,0.12952,0.16769,0.04294,0.07507,102.3,93.5,100.9,48.0,45.2,28.1,60.2,19.1,24.5,82.1,111.2,69.3,172.2
1,186.4,118.8,63,34.22,2.48,0.27361,0.2069,0.21745,0.22435,0.33209,0.38241,0.61387,0.17586,0.14181,0.18356,0.04934,0.07446,119.5,109.2,117.8,50.3,47.8,32.9,61.1,19.7,30.0,83.3,112.9,70.3,186.4
1,177.0,67.3,22,21.49,1.819,0.25118,0.18961,0.19713,0.20622,0.32002,0.3685,0.59155,0.16117,0.12856,0.16872,0.04311,0.06746,105.0,94.9,103.8,44.3,41.5,27.4,56.4,17.7,25.1,76.9,104.2,64.9,177.0
1,183.2,79.6,67,23.71,2.013,0.26086,0.19036,0.17167,0.20699,0.32892,0.37876,0.608,0.16181,0.11196,0.16935,0.03785,0.07026,110.2,86.4,108.9,48.1,45.2,24.8,60.6,19.2,23.1,82.7,112.0,69.8,183.2
1,164.4,72.0,36,26.64,1.813,0.25892,0.18625,0.2015,0.20165,0.32625,0.37568,0.60307,0.15831,0.13141,0.16498,0.04313,0.06975,96.9,91.1,95.3,42.9,40.3,28.1,54.0,17.1,23.6,73.7,99.8,62.2,164.4
1,177.5,78.2,64,24.83,1.964,0.26596,0.18337,0.19448,0.19914,0.33495,0.3857,0.61915,0.15587,0.12684,0.16293,0.04209,0.07166,104.7,96.6,103.4,48.3,45.5,28.3,60.9,19.3,25.3,83.0,112.5,70.1,177.5
1,182.2,71.7,55,21.6,1.905,0.26927,0.17525,0.1907,0.19069,0.34219,0.39404,0.63253,0.14897,0.12437,0.15602,0.03935,0.07237,100.0,94.6,98.9,48.9,45.9,26.8,62.1,19.6,23.6,84.7,114.8,71.5,182.2
1,176.1,91.9,28,29.61,2.12,0.27031,0.19052,0.17623,0.20643,0.33525,0.38604,0.6197,0.16194,0.11493,0.1689,0.03821,0.07314,105.6,84.9,104.0,47.7,45.0,25.6,59.1,18.9,22.3,80.6,109.3,68.1,176.1
1,183.5,119.3,60,35.45,2.466,0.26755,0.20631,0.2286,0.22346,0.32399,0.37307,0.59888,0.17536,0.14909,0.18283,0.05228,0.07285,119.7,115.3,117.9,49.4,47.0,35.2,59.8,19.3,31.9,81.6,110.6,68.9,183.5
1,171.6,75.9,37,25.78,1.902,0.26168,0.18709,0.18317,0.2029,0.32945,0.37936,0.60898,0.15902,0.11946,0.16601,0.03979,0.07051,102.4,87.2,101.0,45.6,42.9,26.2,57.4,18.2,22.9,78.3,106.1,66.1,171.6
1,186.1,75.7,37,21.85,1.978,0.25818,0.18806,0.18169,0.20469,0.32727,0.37685,0.60495,0.15985,0.11849,0.16747,0.0401,0.06944,111.4,93.6,110.3,48.7,45.7,26.3,61.7,19.5,25.0,84.2,114.1,71.1,186.1
1,192.7,73.7,38,19.84,1.986,0.26278,0.18274,0.18501,0.19915,0.33467,0.38538,0.61863,0.15533,0.12066,0.16294,0.03945,0.07058,109.6,96.5,108.6,50.2,47.1,26.2,63.9,20.1,24.9,87.2,118.1,73.6,192.7
1,172.8,77.7,35,26.02,1.931,0.25766,0.18256,0.20052,0.19801,0.32394,0.37303,0.59881,0.15518,0.13077,0.16201,0.0419,0.06945,97.8,93.4,96.4,43.9,41.3,28.0,55.2,17.5,23.6,75.3,102.1,63.6,172.8
1,172.2,87.5,67,29.54,2.046,0.26973,0.19826,0.2067,0.21465,0.33535,0.38617,0.6199,0.16852,0.1348,0.17562,0.04614,0.07293,107.8,97.7,106.1,46.7,44.0,29.8,58.0,18.5,26.4,79.1,107.2,66.8,172.2
1,186.4,93.4,27,26.88,2.199,0.2639,0.19876,0.20553,0.21599,0.32857,0.37835,0.60735,0.16894,0.13404,0.17672,0.0466,0.07133,117.2,105.3,115.7,49.5,46.7,30.5,61.6,19.6,28.9,84.1,113.9,71.0,186.4
1,187.3,87.8,51,25.02,2.138,0.25954,0.19166,0.19942,0.20843,0.32512,0.37438,0.60097,0.16291,0.13005,0.17054,0.0444,0.07003,114.3,103.4,113.0,49.3,46.4,29.6,61.7,19.6,27.9,84.1,114.1,71.0,187.3
1,171.6,67.4,43,22.91,1.793,0.26014,0.18486,0.19202,0.20078,0.33062,0.38071,0.61115,0.15713,0.12523,0.16428,0.04069,0.06991,98.3,88.8,97.0,44.0,41.3,26.2,55.9,17.6,22.8,76.3,103.4,64.4,171.6
1,172.3,63.1,47,21.25,1.738,0.25433,0.1866,0.18701,0.20287,0.32491,0.37414,0.6006,0.15861,0.12196,0.16599,0.04048,0.06825,101.0,88.0,99.8,43.8,41.0,25.7,56.0,17.6,23.1,76.3,103.5,64.5,172.3
1,173.4,85.3,26,28.37,2.027,0.26774,0.21249,0.1925,0.23024,0.33393,0.38452,0.61726,0.18062,0.12555,0.18838,0.04504,0.07233,115.1,90.7,113.4,46.2,43.5,27.4,57.6,18.3,25.7,78.5,106.4,66.3,173.4
1,165.4,78.5,63,28.7,1.9,0.25588,0.19227,0.19416,0.20795,0.32017,0.36868,0.59183,0.16343,0.12663,0.17014,0.04198,0.06907,99.4,87.3,97.7,42.1,39.7,27.1,52.7,16.7,22.8,71.8,97.4,60.7,165.4
1,168.6,56.4,68,19.85,1.626,0.25958,0.17043,0.18558,0.18537,0.33366,0.38422,0.61677,0.14486,0.12103,0.15167,0.03764,0.06954,90.7,85.9,89.7,44.0,41.1,25.2,56.5,17.7,21.1,77.1,104.5,65.1,168.6
1,168.0,89.6,48,31.77,2.045,0.2565,0.18875,0.20973,0.20393,0.3174,0.36549,0.5867,0.16044,0.13678,0.16685,0.04527,0.06944,101.4,98.0,99.6,43.8,41.4,30.5,54.3,17.3,25.6,74.0,100.3,62.5,168.0
1,169.7,78.6,59,27.28,1.925,0.24855,0.18999,0.19957,0.20582,0.31168,0.35891,0.57614,0.16149,0.13016,0.1684,0.04367,0.06704,102.9,93.9,101.3,42.8,40.3,28.6,53.7,17.0,24.9,73.2,99.3,61.8,169.7
1,175.2,94.8,21,30.87,2.148,0.28147,0.18946,0.20548,0.20514,0.34781,0.40051,0.64292,0.16104,0.13401,0.16784,0.04369,0.07623,102.6,96.7,101.0,48.5,45.9,29.4,59.9,19.1,24.9,81.7,110.8,69.0,175.2
1,177.3,64.3,23,20.46,1.779,0.25095,0.17936,0.18766,0.19517,0.32081,0.36941,0.59301,0.15246,0.12239,0.15968,0.03986,0.06733,101.0,91.9,99.9,45.0,42.1,26.3,57.5,18.1,23.6,78.4,106.3,66.2,177.3
1,187.1,71.4,31,20.39,1.927,0.25377,0.18272,0.17513,0.19899,0.32323,0.37221,0.59749,0.15531,0.11421,0.16281,0.0377,0.06816,108.1,90.1,107.0,47.8,44.8,25.0,60.9,19.1,23.5,83.0,112.5,70.1,187.1
1,168.0,69.1,21,24.48,1.796,0.26194,0.19013,0.19505,0.20623,0.33175,0.38201,0.61323,0.16161,0.12721,0.16873,0.04302,0.07046,102.1,91.1,100.7,44.8,42.0,27.5,56.7,17.9,24.3,77.3,104.8,65.3,168.0
1,182.9,90.3,43,26.99,2.141,0.26949,0.19521,0.19353,0.212,0.336,0.38691,0.62108,0.16593,0.12621,0.17345,0.04361,0.07281,114.2,98.5,112.8,50.2,47.3,28.8,62.6,19.9,26.9,85.3,115.7,72.1,182.9
1,173.9,99.1,64,32.77,2.188,0.25726,0.20108,0.22184,0.21747,0.31619,0.3641,0.58448,0.17092,0.14468,0.17793,0.04996,0.06977,111.1,106.6,109.3,45.3,42.8,32.8,55.6,17.8,29.1,75.9,102.8,64.1,173.9
1,175.1,85.3,65,27.82,2.038,0.26588,0.18326,0.19196,0.19868,0.33189,0.38217,0.61349,0.15577,0.12519,0.16256,0.03982,0.07181,98.3,89.6,96.9,45.4,42.8,26.9,56.7,18.0,22.5,77.3,104.8,65.3,175.1
1,180.6,78.7,56,24.13,1.987,0.2597,0.19357,0.2077,0.21037,0.32737,0.37698,0.60515,0.16453,0.13546,0.17212,0.04576,0.06995,108.7,101.5,107.4,46.4,43.7,29.4,58.5,18.5,27.1,79.8,108.2,67.4,180.6
1,167.1,59.9,34,21.46,1.667,0.26067,0.18271,0.17921,0.19851,0.33351,0.38405,0.61649,0.15531,0.11688,0.16242,0.03833,0.06992,96.7,82.4,95.5,43.9,41.1,24.6,56.2,17.6,21.3,76.6,103.8,64.7,167.1
1,178.4,95.8,36,30.1,2.178,0.28007,0.19989,0.20546,0.21665,0.34635,0.39883,0.64023,0.16991,0.13399,0.17726,0.04555,0.07583,110.2,98.5,108.6,49.2,46.5,29.6,60.8,19.4,26.4,82.9,112.4,70.0,178.4
1,176.7,67.7,68,21.66,1.823,0.25296,0.17229,0.18669,0.18736,0.32213,0.37094,0.59546,0.14645,0.12176,0.1533,0.03812,0.06795,95.9,90.3,94.8,44.8,42.0,26.1,57.1,18.0,22.3,77.8,105.5,65.7,176.7
1,179.2,102.6,66,31.95,2.26,0.28184,0.1975,0.20803,0.21394,0.34623,0.39869,0.64,0.16788,0.13567,0.17505,0.04547,0.07645,109.0,99.8,107.3,49.5,46.9,30.2,60.8,19.5,26.4,82.9,112.4,70.0,179.2
1,177.7,75.7,23,23.98,1.933,0.26615,0.18525,0.19694,0.20126,0.33611,0.38704,0.6213,0.15746,0.12844,0.16467,0.04124,0.07165,100.1,92.5,98.8,45.8,43.0,27.0,57.8,18.3,23.5,78.8,106.8,66.6,177.7
1,193.9,119.5,46,31.77,2.537,0.27683,0.19179,0.20991,0.20846,0.33734,0.38845,0.62357,0.16302,0.1369,0.17055,0.04555,0.07525,115.1,109.5,113.7,52.9,50.2,32.1,64.4,20.7,28.8,87.8,119.1,74.2,193.9
1,170.7,80.8,28,27.71,1.957,0.25731,0.19039,0.19281,0.20625,0.32206,0.37086,0.59533,0.16183,0.12574,0.16875,0.04173,0.06945,102.0,89.8,100.4,43.9,41.3,27.3,54.9,17.4,23.5,74.9,101.5,63.2,170.7
1,171.5,72.1,33,24.52,1.854,0.26312,0.18302,0.19684,0.19862,0.33265,0.38305,0.6149,0.15557,0.12838,0.16251,0.04138,0.07082,97.6,91.3,96.3,44.7,42.0,27.2,56.5,17.8,23.2,77.0,104.4,65.0,171.5
1,170.8,67.6,47,23.15,1.791,0.25926,0.19792,0.18112,0.21492,0.32934,0.37924,0.60878,0.16823,0.11812,0.17585,0.04083,0.06968,106.2,84.5,104.8,44.3,41.5,25.1,56.2,17.7,23.1,76.7,104.0,64.8,170.8
1,171.3,69.8,42,23.78,1.823,0.25161,0.17846,0.1785,0.19373,0.31889,0.36721,0.58946,0.15169,0.11641,0.15851,0.03794,0.06767,98.8,85.9,97.5,44.3,41.6,25.5,56.2,17.7,22.1,76.6,103.9,64.7,171.3
1,170.7,77.8,57,26.69,1.921,0.2622,0.19403,0.18322,0.2103,0.32928,0.37917,0.60866,0.16492,0.11949,0.17206,0.04064,0.0707,105.1,86.3,103.6,45.2,42.6,26.1,56.8,18.0,23.2,77.4,104.9,65.4,170.7
1,184.4,86.1,28,25.32,2.1,0.25436,0.17754,0.189,0.19297,0.31874,0.36703,0.58918,0.15091,0.12326,0.15789,0.03976,0.06863,104.4,96.6,103.1,47.6,44.8,27.9,59.6,18.9,24.6,81.3,110.2,68.7,184.4
1,186.2,79.3,24,22.9,2.025,0.25409,0.18073,0.19838,0.19665,0.32088,0.36949,0.59314,0.15362,0.12938,0.16089,0.04232,0.06841,106.8,101.9,105.6,47.8,44.9,28.8,60.3,19.1,26.3,82.3,111.5,69.5,186.2
1,171.2,71.6,43,24.41,1.845,0.27027,0.1909,0.18928,0.20717,0.34185,0.39364,0.6319,0.16227,0.12344,0.1695,0.04057,0.07273,100.0,86.2,98.7,45.1,42.3,25.7,57.0,18.0,22.4,77.7,105.4,65.6,171.2
1,169.3,72.6,39,25.32,1.847,0.27297,0.18434,0.18992,0.19989,0.34456,0.39677,0.63692,0.15669,0.12386,0.16355,0.03984,0.0735,96.4,86.4,95.0,45.4,42.7,26.1,57.4,18.1,21.9,78.2,106.0,66.0,169.3
1,179.0,58.3,42,18.19,1.703,0.25786,0.17614,0.18076,0.19188,0.33203,0.38234,0.61375,0.14972,0.11789,0.157,0.03749,0.06904,98.4,87.8,97.5,45.9,42.9,24.6,59.1,18.5,22.1,80.5,109.2,68.0,179.0
1,171.4,78.7,36,26.81,1.936,0.26886,0.18998,0.19565,0.20592,0.33739,0.3885,0.62365,0.16148,0.1276,0.16848,0.04203,0.07251,101.0,90.5,99.6,45.5,42.8,27.3,57.1,18.1,23.5,77.9,105.6,65.8,171.4
1,180.2,70.2,48,21.61,1.875,0.25593,0.17618,0.1971,0.19167,0.3255,0.37481,0.60167,0.14976,0.12855,0.15682,0.04182,0.06877,102.7,99.9,101.5,47.5,44.5,28.5,60.4,19.0,25.7,82.3,111.6,69.5,180.2
1,177.0,66.0,43,21.05,1.801,0.2658,0.19345,0.18515,0.21044,0.33915,0.39053,0.62691,0.16443,0.12075,0.17217,0.04095,0.07136,106.4,88.6,105.2,46.5,43.6,25.5,59.4,18.7,23.7,81.0,109.8,68.4,177.0
1,164.1,52.3,59,19.43,1.545,0.2546,0.18151,0.18313,0.19741,0.32827,0.37801,0.6068,0.15428,0.11943,0.16152,0.03845,0.06815,92.3,81.0,91.3,41.2,38.5,24.1,53.1,16.6,20.6,72.5,98.2,61.2,164.1
1,187.1,66.9,58,19.12,1.865,0.24535,0.17624,0.18236,0.19203,0.31396,0.36153,0.58035,0.14981,0.11893,0.15712,0.03909,0.06581,107.2,96.5,106.2,47.5,44.5,26.5,60.8,19.1,25.0,82.9,112.4,70.0,187.1
1,189.0,72.9,53,20.42,1.957,0.25865,0.18717,0.19428,0.20387,0.32918,0.37906,0.60849,0.15909,0.1267,0.16681,0.04205,0.06949,109.9,99.2,108.8,48.3,45.3,27.4,61.5,19.4,26.0,83.9,113.7,70.8,189.0
1,170.9,65.7,40,22.5,1.766,0.26348,0.18187,0.18413,0.19756,0.33541,0.38623,0.62,0.15459,0.12008,0.16164,0.03961,0.07078,99.8,87.8,98.5,46.0,43.1,26.0,58.6,18.4,22.9,79.9,108.3,67.4,170.9
1,172.6,99.9,64,33.55,2.189,0.26366,0.1928,0.20412,0.20837,0.3235,0.37252,0.59799,0.16388,0.13312,0.17049,0.04509,0.07154,107.7,99.2,105.8,46.9,44.4,30.7,57.5,18.4,26.5,78.5,106.4,66.3,172.6
1,177.6,73.0,30,23.13,1.898,0.26819,0.18637,0.2086,0.20255,0.33968,0.39115,0.6279,0.15842,0.13604,0.16573,0.04437,0.07214,102.0,99.3,100.8,46.7,43.9,28.8,59.2,18.7,25.6,80.7,109.4,68.1,177.6
1,178.0,81.4,42,25.7,2.007,0.2608,0.18655,0.19145,0.20254,0.3274,0.377,0.60519,0.15857,0.12486,0.16571,0.04164,0.07033,105.9,94.5,104.5,47.1,44.4,27.8,59.2,18.8,24.9,80.7,109.4,68.1,178.0
1,180.4,86.5,19,26.58,2.083,0.25425,0.19473,0.19213,0.21142,0.31783,0.36599,0.58751,0.16552,0.1253,0.17298,0.04296,0.06864,111.6,95.7,110.1,46.4,43.7,28.1,58.0,18.4,25.9,79.1,107.2,66.8,180.4
1,190.6,92.7,19,25.53,2.215,0.27864,0.19977,0.19526,0.21733,0.34788,0.40059,0.64305,0.16981,0.12734,0.17781,0.04394,0.07525,117.9,100.2,116.6,52.3,49.3,28.5,65.3,20.8,27.3,89.1,120.8,75.2,190.6
1,174.2,75.0,33,24.74,1.906,0.26284,0.18416,0.17805,0.19991,0.33164,0.38189,0.61303,0.15653,0.11612,0.16356,0.03805,0.07078,101.2,85.1,99.9,46.0,43.2,25.2,58.0,18.3,22.0,79.1,107.3,66.8,174.2
1,169.5,60.1,26,20.92,1.682,0.26075,0.18359,0.18806,0.19957,0.33387,0.38445,0.61715,0.15605,0.12265,0.16329,0.04029,0.06993,98.0,87.3,96.9,44.3,41.5,25.7,56.7,17.8,22.6,77.4,104.9,65.3,169.5
1,165.2,84.9,45,31.11,1.973,0.25553,0.1923,0.18465,0.20769,0.31738,0.36547,0.58668,0.16345,0.12042,0.16993,0.03994,0.06911,100.1,83.6,98.3,42.3,40.0,26.2,52.6,16.8,21.9,71.7,97.2,60.5,165.2
1,170.0,94.9,30,32.82,2.117,0.2735,0.19876,0.21046,0.21474,0.33689,0.38794,0.62274,0.16894,0.13726,0.1757,0.04632,0.07413,105.6,97.2,103.7,46.3,43.8,30.3,57.0,18.2,25.9,77.7,105.3,65.6,170.0
1,175.3,59.7,52,19.45,1.705,0.25434,0.17546,0.17827,0.19098,0.32654,0.37601,0.6036,0.14914,0.11626,0.15626,0.03705,0.06816,96.9,85.6,95.9,44.7,41.8,24.5,57.4,18.0,21.5,78.3,106.1,66.1,175.3
1,189.0,76.6,58,21.46,2.006,0.25383,0.18305,0.20482,0.19932,0.32182,0.37058,0.59488,0.15559,0.13358,0.16308,0.04385,0.06826,108.5,105.5,107.4,47.9,44.9,29.4,60.7,19.1,27.4,82.8,112.2,69.9,189.0
1,171.6,70.7,30,24.0,1.836,0.25369,0.1908,0.17468,0.20712,0.32126,0.36994,0.59384,0.16218,0.11392,0.16946,0.03845,0.06825,103.7,82.5,102.3,43.9,41.2,24.5,55.6,17.5,22.0,75.8,102.7,64.0,171.6
1,177.2,68.0,48,21.66,1.829,0.25396,0.18368,0.18001,0.19975,0.32335,0.37234,0.59771,0.15613,0.1174,0.16343,0.03837,0.06822,101.7,86.7,100.5,44.8,42.0,25.0,57.0,17.9,22.4,77.7,105.3,65.6,177.2
1,175.4,83.0,38,27.0,2.011,0.25813,0.19162,0.19739,0.20783,0.32305,0.372,0.59716,0.16288,0.12873,0.17004,0.04298,0.06967,105.1,94.1,103.6,45.1,42.4,28.1,56.4,17.9,24.8,76.9,104.2,64.9,175.4
1,184.4,76.3,49,22.44,1.977,0.26844,0.18156,0.19286,0.19754,0.33981,0.39129,0.62813,0.15432,0.12578,0.16162,0.04012,0.07222,102.3,94.5,101.2,48.1,45.2,26.8,60.9,19.2,23.8,83.1,112.6,70.2,184.4
1,194.5,130.9,51,34.63,2.66,0.27,0.20267,0.21385,0.22017,0.32557,0.3749,0.60182,0.17227,0.13946,0.18014,0.0487,0.0736,124.5,114.3,123.0,52.8,50.2,34.0,63.7,20.6,31.5,86.8,117.7,73.3,194.5
1,171.5,88.0,25,29.92,2.048,0.2667,0.19163,0.20204,0.2074,0.33129,0.38148,0.61238,0.16288,0.13176,0.16969,0.04388,0.07213,103.5,94.9,101.9,45.9,43.3,29.1,57.0,18.2,25.0,77.7,105.3,65.6,171.5
1,171.8,76.3,58,25.84,1.908,0.27196,0.18356,0.185,0.19908,0.34228,0.39414,0.63271,0.15603,0.12065,0.16288,0.03908,0.07329,98.7,86.5,97.3,46.6,43.8,26.0,58.6,18.5,22.1,79.9,108.3,67.5,171.8
1,183.3,98.1,65,29.2,2.235,0.26992,0.19776,0.21032,0.21462,0.33391,0.3845,0.61722,0.16809,0.13716,0.1756,0.04654,0.07308,112.3,103.8,110.8,48.8,46.1,30.7,60.3,19.3,27.8,82.3,111.5,69.5,183.3
1,180.6,96.4,19,29.54,2.199,0.25054,0.18915,0.18252,0.20514,0.31002,0.357,0.57307,0.16078,0.11904,0.16784,0.03991,0.06783,109.1,91.6,107.6,46.0,43.5,27.3,56.9,18.2,24.2,77.6,105.2,65.6,180.6
1,189.4,82.5,55,23.0,2.083,0.26091,0.18695,0.19142,0.20349,0.32891,0.37875,0.60799,0.15891,0.12484,0.16649,0.04156,0.07028,111.0,98.9,109.9,49.3,46.4,27.8,62.2,19.7,26.0,84.8,114.9,71.6,189.4
1,179.9,71.7,49,22.14,1.892,0.25611,0.17712,0.17603,0.19263,0.32517,0.37443,0.60107,0.15055,0.11481,0.15761,0.03774,0.06885,104.0,89.9,102.8,47.9,44.9,25.8,60.8,19.2,23.3,82.9,112.3,70.0,179.9
1,172.8,75.6,57,25.32,1.905,0.26037,0.18088,0.2002,0.19625,0.32809,0.3778,0.60647,0.15375,0.13057,0.16057,0.04213,0.07014,98.6,94.9,97.3,45.2,42.5,28.3,56.9,18.0,24.2,77.6,105.2,65.6,172.8
1,179.9,92.2,45,28.48,2.147,0.27815,0.19381,0.21961,0.21025,0.34557,0.39792,0.63877,0.16474,0.14323,0.17202,0.04781,0.07522,107.8,106.2,106.3,49.3,46.5,31.6,61.2,19.5,28.0,83.4,113.1,70.5,179.9
1,183.8,86.3,54,25.56,2.1,0.26298,0.18764,0.19139,0.20392,0.32936,0.37927,0.60882,0.1595,0.12482,0.16684,0.04179,0.07096,109.6,97.2,108.2,48.9,46.0,28.1,61.2,19.4,25.7,83.5,113.1,70.5,183.8
1,181.7,65.2,58,19.76,1.814,0.24912,0.18688,0.19293,0.20348,0.31871,0.367,0.58913,0.15885,0.12582,0.16648,0.04196,0.06683,106.4,95.5,105.3,45.1,42.3,26.8,57.7,18.1,25.1,78.7,106.7,66.5,181.7
1,179.3,71.3,18,22.19,1.885,0.2584,0.1833,0.18356,0.19933,0.3281,0.37781,0.60649,0.1558,0.11972,0.16309,0.03946,0.06946,104.1,90.6,102.9,46.7,43.8,26.0,59.3,18.7,23.6,80.9,109.6,68.3,179.3
1,183.5,83.3,58,24.75,2.061,0.26086,0.18187,0.18426,0.19769,0.32768,0.37733,0.60571,0.15459,0.12017,0.16174,0.03942,0.07033,106.2,93.6,105.0,48.5,45.6,27.0,60.9,19.3,24.2,83.1,112.6,70.1,183.5
1,184.3,84.0,27,24.75,2.074,0.27239,0.19312,0.21092,0.20994,0.34204,0.39387,0.63226,0.16415,0.13756,0.17177,0.04624,0.07345,110.2,104.7,108.9,49.5,46.6,30.1,62.1,19.7,27.8,84.7,114.8,71.5,184.3
1,185.9,116.2,21,33.65,2.45,0.27673,0.20927,0.21637,0.22693,0.33665,0.38765,0.62229,0.17788,0.14111,0.18567,0.05055,0.07526,124.1,111.6,122.4,52.3,49.6,33.6,63.6,20.5,31.6,86.7,117.5,73.2,185.9
1,180.4,66.1,52,20.33,1.82,0.26418,0.18646,0.18419,0.20296,0.33747,0.3886,0.6238,0.15849,0.12012,0.16606,0.03988,0.0709,105.2,90.4,104.1,47.4,44.4,25.6,60.6,19.0,23.7,82.6,112.0,69.8,180.4
1,174.2,82.0,27,27.0,1.992,0.26707,0.19375,0.20364,0.2101,0.33445,0.38512,0.61822,0.16469,0.13281,0.1719,0.04468,0.07207,105.6,96.5,104.1,46.3,43.6,28.9,58.0,18.4,25.6,79.1,107.2,66.8,174.2
1,176.6,97.6,64,31.29,2.188,0.26778,0.19836,0.20718,0.2148,0.33019,0.38022,0.61035,0.1686,0.13512,0.17574,0.04647,0.07257,111.5,101.2,109.7,47.9,45.3,30.8,59.1,18.9,27.5,80.5,109.2,68.0,176.6
1,184.5,119.8,28,35.19,2.479,0.27219,0.21367,0.21847,0.23152,0.32966,0.37961,0.60937,0.18162,0.14248,0.18942,0.05093,0.07411,123.6,109.9,121.7,50.1,47.6,33.4,60.7,19.6,31.0,82.8,112.2,69.9,184.5
1,169.4,67.6,31,23.56,1.783,0.2488,0.18705,0.17596,0.20304,0.31585,0.36371,0.58385,0.159,0.11475,0.16612,0.03835,0.06689,100.9,82.6,99.6,42.7,40.1,24.7,54.3,17.1,21.8,74.0,100.3,62.5,169.4
1,178.3,85.6,55,26.94,2.059,0.2663,0.19515,0.19744,0.21177,0.33286,0.38329,0.61528,0.16587,0.12877,0.17326,0.04354,0.0719,108.4,95.4,107.0,47.1,44.4,28.3,58.9,18.7,25.5,80.3,108.8,67.8,178.3
1,172.5,81.2,29,27.26,1.972,0.26021,0.19204,0.19842,0.20815,0.32585,0.37523,0.60234,0.16323,0.12941,0.1703,0.04398,0.07022,106.2,95.4,104.6,45.8,43.1,28.8,57.4,18.2,25.6,78.2,106.0,66.0,172.5
1,175.7,79.6,62,25.77,1.971,0.25502,0.18113,0.19288,0.19658,0.32042,0.36896,0.59228,0.15396,0.12579,0.16083,0.04069,0.06875,100.5,93.1,99.2,45.0,42.4,27.6,56.6,17.9,23.8,77.2,104.6,65.2,175.7
1,185.1,84.5,34,24.66,2.084,0.26877,0.17895,0.20055,0.19456,0.33747,0.3886,0.62381,0.1521,0.13079,0.15919,0.04215,0.07248,104.4,101.8,103.2,49.9,47.0,29.2,62.7,19.9,25.9,85.5,115.9,72.2,185.1
1,176.9,83.6,33,26.72,2.028,0.27343,0.19389,0.20362,0.21037,0.34226,0.39411,0.63265,0.16481,0.13279,0.17212,0.0444,0.07379,106.0,96.8,104.6,47.6,44.8,28.7,59.6,18.9,25.6,81.2,110.1,68.6,176.9
1,175.8,52.9,52,17.12,1.608,0.24858,0.17591,0.16938,0.19171,0.32162,0.37035,0.59451,0.14953,0.11046,0.15686,0.03526,0.06647,97.0,81.2,96.1,43.6,40.7,22.8,56.4,17.6,20.5,77.0,104.3,65.0,175.8
1,165.3,75.8,19,27.72,1.865,0.27397,0.18872,0.18917,0.20423,0.34387,0.39597,0.63564,0.16041,0.12337,0.16709,0.04017,0.07388,96.6,84.2,95.1,44.6,42.0,26.0,56.0,17.8,21.6,76.4,103.6,64.5,165.3
1,181.1,83.7,28,25.51,2.051,0.26365,0.195,0.19578,0.21183,0.33069,0.3808,0.61128,0.16575,0.12768,0.17331,0.04331,0.07111,110.0,96.1,108.7,47.4,44.6,28.0,59.4,18.8,25.7,81.0,109.8,68.4,181.1
1,180.3,78.7,58,24.21,1.986,0.25987,0.17762,0.18976,0.19302,0.32753,0.37716,0.60544,0.15098,0.12376,0.15793,0.03926,0.07,99.8,92.7,98.6,46.5,43.7,26.9,58.6,18.5,23.2,79.9,108.3,67.5,180.3
1,191.7,125.1,20,34.02,2.581,0.27711,0.19987,0.21958,0.21702,0.33544,0.38627,0.62006,0.16989,0.1432,0.17756,0.04947,0.07546,121.0,115.6,119.4,53.4,50.8,34.5,64.6,20.9,31.5,88.1,119.5,74.4,191.7
1,173.2,67.8,46,22.62,1.807,0.26329,0.18312,0.18454,0.19896,0.33471,0.38543,0.61871,0.15565,0.12035,0.16279,0.03883,0.07075,98.1,86.0,96.9,44.9,42.1,25.3,57.1,18.0,21.9,77.9,105.5,65.7,173.2
1,177.1,73.9,35,23.56,1.907,0.26933,0.17505,0.18442,0.19021,0.3407,0.39233,0.62979,0.1488,0.12027,0.15562,0.0381,0.07248,97.9,89.7,96.7,48.0,45.1,26.2,60.7,19.2,22.4,82.7,112.2,69.9,177.1
1,177.4,106.2,37,33.74,2.287,0.25844,0.20406,0.21658,0.2208,0.31595,0.36383,0.58404,0.17345,0.14125,0.18066,0.0498,0.07019,116.7,107.7,114.8,47.1,44.6,33.0,57.5,18.5,30.0,78.5,106.4,66.3,177.4
1,187.3,77.5,64,22.09,2.009,0.25085,0.17637,0.1893,0.19198,0.31754,0.36566,0.58698,0.14992,0.12346,0.15708,0.0395,0.06749,104.1,97.2,103.0,47.1,44.3,27.3,59.7,18.8,24.6,81.4,110.3,68.7,187.3
1,174.8,70.4,31,23.05,1.849,0.26044,0.1819,0.18438,0.19763,0.33038,0.38044,0.6107,0.15462,0.12025,0.1617,0.03884,0.07003,99.2,87.4,98.0,45.2,42.4,25.6,57.4,18.1,22.3,78.2,106.0,66.0,174.8
1,177.6,77.2,51,24.48,1.952,0.25946,0.18701,0.18779,0.20313,0.32713,0.3767,0.6047,0.15896,0.12247,0.1662,0.04129,0.06989,106.9,93.4,105.6,47.2,44.4,27.3,59.5,18.8,24.8,81.2,110.0,68.6,177.6
1,180.1,92.1,66,28.39,2.146,0.25718,0.19406,0.21008,0.21054,0.31958,0.368,0.59074,0.16496,0.13701,0.17226,0.04677,0.06955,111.3,104.7,109.7,46.9,44.3,31.1,58.3,18.6,28.2,79.5,107.8,67.2,180.1
1,176.9,80.8,48,25.82,1.993,0.25112,0.17882,0.19384,0.1941,0.31529,0.36306,0.58281,0.152,0.12642,0.15881,0.04094,0.06772,101.2,95.4,99.9,45.3,42.6,28.2,56.8,18.0,24.4,77.5,105.0,65.4,176.9
1,172.2,61.1,57,20.62,1.709,0.26198,0.18574,0.18894,0.202,0.33542,0.38624,0.62002,0.15788,0.12322,0.16527,0.04044,0.07026,99.3,87.8,98.2,44.6,41.7,25.6,57.1,17.9,22.8,77.8,105.5,65.7,172.2
1,177.0,72.4,59,23.11,1.886,0.25917,0.19064,0.18793,0.20717,0.32838,0.37813,0.607,0.16204,0.12257,0.16951,0.04049,0.06971,103.4,88.6,102.1,44.7,42.0,25.8,56.7,17.9,23.1,77.3,104.8,65.3,177.0
1,183.6,77.0,35,22.85,1.981,0.26174,0.19737,0.19696,0.21469,0.33098,0.38113,0.61181,0.16776,0.12845,0.17565,0.04463,0.07044,114.2,99.1,112.9,48.2,45.3,28.2,60.9,19.2,27.2,83.1,112.7,70.2,183.6
1,167.8,69.7,47,24.74,1.802,0.26105,0.18899,0.21013,0.20496,0.33037,0.38042,0.61067,0.16064,0.13704,0.1677,0.04523,0.07024,98.8,95.6,97.4,43.5,40.8,28.9,55.0,17.4,24.9,75.0,101.7,63.3,167.8
1,176.5,83.1,42,26.68,2.019,0.26817,0.1903,0.19226,0.20647,0.33579,0.38667,0.6207,0.16175,0.12539,0.16893,0.04162,0.07237,104.7,92.0,103.3,47.0,44.2,27.3,58.8,18.7,24.1,80.2,108.7,67.7,176.5
1,170.2,77.2,36,26.65,1.911,0.26137,0.18792,0.19069,0.20367,0.32835,0.37809,0.60694,0.15973,0.12436,0.16664,0.04031,0.07047,98.2,86.7,96.8,43.5,40.9,26.2,54.6,17.3,22.2,74.5,101.0,62.9,170.2
1,184.5,65.2,25,19.17,1.828,0.26179,0.17377,0.18095,0.18929,0.33525,0.38605,0.61971,0.1477,0.11801,0.15487,0.03762,0.07021,101.7,92.1,100.7,48.8,45.7,25.5,62.5,19.6,23.2,85.2,115.4,71.9,184.5
1,164.1,79.0,45,29.36,1.898,0.26225,0.18591,0.20658,0.20095,0.32771,0.37736,0.60576,0.15802,0.13472,0.16441,0.04375,0.07081,96.1,92.9,94.5,43.2,40.7,29.0,53.9,17.1,23.8,73.6,99.7,62.1,164.1
1,171.3,76.3,25,25.99,1.905,0.26491,0.19443,0.19266,0.21084,0.33333,0.38383,0.61615,0.16527,0.12565,0.1725,0.04273,0.07139,105.2,90.6,103.7,45.6,42.9,27.3,57.4,18.2,24.3,78.3,106.1,66.1,171.3
1,178.3,98.0,48,30.81,2.203,0.27291,0.19659,0.1984,0.21301,0.33672,0.38773,0.62241,0.1671,0.12939,0.17428,0.04387,0.07394,110.0,96.5,108.4,48.6,46.0,29.2,60.0,19.2,25.8,81.8,110.9,69.1,178.3
1,187.2,93.8,20,26.75,2.209,0.26864,0.20233,0.20623,0.21991,0.33447,0.38515,0.61826,0.17198,0.1345,0.17993,0.04593,0.07261,114.7,101.7,113.3,48.5,45.7,29.4,60.4,19.2,27.4,82.3,111.6,69.5,187.2
1,175.0,90.4,20,29.52,2.097,0.27065,0.20255,0.20814,0.21943,0.33598,0.38688,0.62105,0.17217,0.13574,0.17953,0.04708,0.07321,111.3,99.5,109.6,47.3,44.7,30.1,58.8,18.7,27.2,80.1,108.6,67.7,175.0
1,171.3,78.8,61,26.84,1.937,0.25222,0.17335,0.1906,0.18789,0.31648,0.36444,0.58502,0.14735,0.12431,0.15373,0.03901,0.06803,94.5,90.4,93.1,43.8,41.2,27.3,54.9,17.4,22.4,74.9,101.5,63.3,171.3
1,189.6,110.1,39,30.63,2.408,0.25713,0.20235,0.21061,0.21979,0.3154,0.36319,0.58301,0.172,0.13736,0.17983,0.04849,0.06978,122.7,111.0,121.1,49.6,47.0,32.7,60.9,19.5,30.9,83.0,112.5,70.1,189.6
1,164.6,73.4,34,27.07,1.832,0.27771,0.19192,0.20822,0.20775,0.34941,0.40235,0.64587,0.16313,0.1358,0.16997,0.04467,0.07484,97.4,91.9,95.9,44.9,42.2,28.4,56.5,17.9,23.9,77.0,104.4,65.0,164.6
1,159.0,62.4,53,24.66,1.66,0.26196,0.18363,0.18809,0.19889,0.33299,0.38344,0.61553,0.15609,0.12267,0.16273,0.04009,0.0704,92.9,82.8,91.5,42.2,39.6,25.8,53.6,16.9,21.4,73.1,99.2,61.8,159.0
1,178.8,112.5,34,35.19,2.364,0.28554,0.19995,0.21896,0.21632,0.34711,0.3997,0.64162,0.16996,0.1428,0.17699,0.04833,0.07767,111.2,105.9,109.4,50.6,48.0,32.6,61.5,19.8,28.3,83.8,113.6,70.8,178.8
1,171.7,84.3,31,28.6,2.006,0.25992,0.18539,0.20486,0.20079,0.32422,0.37334,0.59931,0.15758,0.1336,0.16428,0.0438,0.07021,101.1,97.1,99.5,45.1,42.5,29.5,56.3,17.9,25.1,76.7,104.0,64.8,171.7
1,167.8,76.8,68,27.28,1.893,0.25842,0.18809,0.18613,0.2037,0.32439,0.37354,0.59964,0.15988,0.12139,0.16666,0.04051,0.06969,101.1,87.0,99.5,44.2,41.6,26.6,55.5,17.6,22.9,75.7,102.6,63.9,167.8
1,180.8,67.6,26,20.67,1.842,0.26379,0.19599,0.17879,0.21331,0.33651,0.38749,0.62203,0.16659,0.1166,0.17453,0.04008,0.07082,110.3,87.5,109.2,47.3,44.3,24.8,60.3,19.0,23.7,82.2,111.5,69.4,180.8
1,177.3,64.9,47,20.63,1.788,0.25579,0.18436,0.17978,0.20059,0.3268,0.37631,0.60408,0.15671,0.11724,0.16412,0.03895,0.06864,103.7,87.9,102.6,45.8,42.9,25.2,58.5,18.4,23.1,79.8,108.1,67.4,177.3
1,171.3,76.7,38,26.15,1.91,0.26013,0.19632,0.19209,0.21286,0.32715,0.37672,0.60473,0.16687,0.12528,0.17416,0.04253,0.07011,105.0,89.3,103.5,44.3,41.7,26.9,55.7,17.6,23.9,75.9,102.9,64.1,171.3
1,165.9,70.4,29,25.58,1.801,0.25846,0.18646,0.18746,0.20205,0.32651,0.37598,0.60355,0.15849,0.12226,0.16532,0.03985,0.06958,96.5,84.3,95.0,42.6,40.0,25.8,53.8,17.0,21.7,73.3,99.4,61.9,165.9
1,182.0,75.6,54,22.83,1.956,0.26404,0.18292,0.20496,0.19894,0.33413,0.38475,0.61763,0.15548,0.13367,0.16277,0.04345,0.07105,103.8,101.1,102.6,47.7,44.8,28.9,60.3,19.0,25.9,82.3,111.5,69.5,182.0
1,180.4,83.2,49,25.56,2.041,0.25641,0.18351,0.21148,0.19932,0.32166,0.3704,0.59458,0.15599,0.13792,0.16308,0.04513,0.06916,104.4,104.6,103.1,46.4,43.7,30.6,58.3,18.5,27.0,79.4,107.7,67.1,180.4
1,174.8,97.0,28,31.76,2.17,0.26459,0.19608,0.20737,0.21219,0.3261,0.3755,0.60278,0.16666,0.13524,0.17361,0.04529,0.07171,106.6,98.0,104.8,45.8,43.3,30.0,56.4,18.0,25.9,76.9,104.3,65.0,174.8
1,189.3,99.6,37,27.78,2.289,0.26468,0.17931,0.20044,0.19491,0.328,0.37769,0.60629,0.15242,0.13072,0.15947,0.04244,0.07163,108.2,105.1,106.9,50.8,48.0,30.4,63.0,20.1,26.9,85.9,116.4,72.5,189.3
1,167.5,59.2,52,21.09,1.659,0.2477,0.16949,0.17451,0.18419,0.31725,0.36532,0.58643,0.14407,0.11381,0.1507,0.03606,0.06643,92.6,82.9,91.5,43.1,40.3,24.6,55.2,17.3,20.7,75.2,102.0,63.5,167.5
1,164.1,66.2,64,24.61,1.738,0.26788,0.18325,0.2002,0.19864,0.33975,0.39123,0.62802,0.15576,0.13057,0.16252,0.04196,0.07203,93.5,88.8,92.1,43.5,40.8,27.2,55.2,17.4,22.5,75.2,102.0,63.5,164.1
1,170.3,64.3,63,22.18,1.745,0.25733,0.18141,0.19574,0.19708,0.32801,0.37771,0.60632,0.1542,0.12766,0.16125,0.04128,0.0691,96.8,90.8,95.6,43.7,41.0,26.9,55.7,17.5,23.2,76.0,103.0,64.2,170.3
1,175.2,72.4,28,23.61,1.878,0.25529,0.18386,0.17469,0.19972,0.32318,0.37215,0.59739,0.15628,0.11393,0.16341,0.03752,0.06869,102.1,84.4,100.8,45.1,42.4,24.8,57.1,18.0,21.9,77.9,105.6,65.8,175.2
1,177.3,74.0,69,23.52,1.909,0.25726,0.18294,0.18939,0.19878,0.32545,0.37476,0.60159,0.1555,0.12351,0.16264,0.04096,0.06923,104.2,93.8,102.9,46.6,43.8,27.3,59.0,18.6,24.6,80.5,109.1,68.0,177.3
1,173.7,70.3,25,23.3,1.841,0.24819,0.17841,0.17344,0.19379,0.31472,0.36241,0.58176,0.15165,0.11312,0.15856,0.03702,0.06674,100.4,84.9,99.2,44.5,41.7,25.0,56.4,17.8,21.9,76.9,104.2,64.9,173.7
1,178.1,65.8,21,20.73,1.804,0.25526,0.17794,0.19692,0.19361,0.32591,0.37529,0.60244,0.15125,0.12843,0.15841,0.04119,0.06851,99.5,95.8,98.4,45.4,42.6,27.4,58.0,18.2,24.2,79.1,107.2,66.8,178.1
1,166.1,67.8,44,24.55,1.768,0.26353,0.17811,0.19813,0.19313,0.33398,0.38458,0.61735,0.1514,0.12922,0.15802,0.04028,0.07088,90.7,87.7,89.4,42.7,40.1,26.6,54.1,17.1,21.6,73.8,100.1,62.3,166.1
1,186.3,79.9,61,23.01,2.033,0.2598,0.18216,0.18406,0.19819,0.32793,0.37762,0.60618,0.15483,0.12004,0.16216,0.03925,0.06995,106.9,93.9,105.7,48.5,45.6,26.6,61.2,19.4,24.2,83.5,113.2,70.5,186.3
1,174.9,52.0,57,17.0,1.589,0.26247,0.16886,0.17211,0.18403,0.33985,0.39134,0.6282,0.14353,0.11225,0.15057,0.03489,0.07017,93.3,82.7,92.4,46.2,43.1,23.3,59.8,18.6,20.3,81.5,110.5,68.8,174.9
1,183.9,115.1,55,34.05,2.425,0.26374,0.20519,0.21319,0.22237,0.3208,0.3694,0.59299,0.17441,0.13904,0.18194,0.0485,0.07173,118.6,107.1,116.8,48.5,46.1,32.4,59.0,19.0,29.5,80.5,109.1,68.0,183.9
1,178.1,93.4,64,29.47,2.15,0.28206,0.206,0.21486,0.22331,0.34962,0.40259,0.64626,0.1751,0.14013,0.18271,0.04817,0.07633,111.6,101.2,110.0,48.6,45.9,30.4,60.3,19.2,27.5,82.2,111.4,69.4,178.1
1,178.9,75.7,47,23.65,1.94,0.268,0.19289,0.20087,0.20963,0.33865,0.38996,0.62598,0.16396,0.131,0.17152,0.0441,0.07214,107.2,97.1,105.9,47.4,44.6,28.2,59.9,18.9,25.8,81.7,110.8,69.0,178.9
1,179.8,81.1,61,25.1,2.013,0.267,0.18944,0.18266,0.20577,0.33558,0.38642,0.62031,0.16102,0.11912,0.16836,0.04022,0.07198,108.5,91.0,107.2,48.7,45.8,26.6,61.2,19.4,24.3,83.4,113.1,70.5,179.8
1,178.9,67.2,65,20.99,1.827,0.27512,0.18081,0.19824,0.19673,0.35085,0.40401,0.64854,0.15369,0.12929,0.16096,0.04198,0.07387,101.6,96.8,100.4,49.2,46.1,27.7,62.7,19.7,24.8,85.5,115.9,72.2,178.9
1,180.3,105.0,65,32.28,2.293,0.27819,0.19678,0.22541,0.2132,0.34114,0.39283,0.63059,0.16727,0.14701,0.17443,0.04968,0.07549,110.9,110.5,109.3,49.9,47.3,33.4,61.2,19.6,29.5,83.5,113.1,70.5,180.3
1,185.5,114.4,44,33.27,2.428,0.27149,0.19393,0.20357,0.21029,0.33078,0.3809,0.61145,0.16484,0.13276,0.17206,0.04514,0.07381,114.8,104.8,113.2,51.2,48.6,31.5,62.3,20.1,28.1,85.0,115.2,71.8,185.5
1,177.0,80.3,38,25.62,1.986,0.25869,0.1817,0.19755,0.19724,0.325,0.37424,0.60075,0.15445,0.12884,0.16138,0.04131,0.06975,99.9,94.4,98.6,45.3,42.6,27.9,56.9,18.0,23.9,77.5,105.1,65.5,177.0
1,180.8,95.4,69,29.18,2.189,0.25687,0.19762,0.21504,0.21436,0.31822,0.36643,0.58822,0.16797,0.14025,0.17539,0.04842,0.06952,113.7,107.5,112.1,47.0,44.4,32.0,58.3,18.6,29.3,79.4,107.7,67.1,180.8
1,174.8,78.5,37,25.69,1.953,0.25836,0.18267,0.19942,0.19822,0.32484,0.37406,0.60047,0.15527,0.13005,0.16218,0.04288,0.06964,102.7,97.4,101.3,46.2,43.5,29.0,58.1,18.4,25.4,79.2,107.4,66.9,174.8
1,186.3,71.1,21,20.48,1.918,0.25057,0.17519,0.18256,0.19078,0.31916,0.36751,0.58996,0.14891,0.11906,0.15609,0.03783,0.0673,102.4,92.8,101.4,46.6,43.7,25.8,59.4,18.7,23.3,81.0,109.8,68.4,186.3
1,170.4,68.3,28,23.53,1.799,0.26293,0.17914,0.19452,0.19448,0.33365,0.3842,0.61675,0.15227,0.12686,0.15912,0.04064,0.07069,96.0,90.7,94.8,44.9,42.1,27.0,56.9,17.9,22.9,77.6,105.2,65.6,170.4
1,189.0,91.2,30,25.53,2.188,0.25284,0.1852,0.2208,0.20142,0.3159,0.36377,0.58395,0.15742,0.144,0.1648,0.04749,0.06827,110.0,114.0,108.7,47.8,45.0,32.6,59.7,19.0,29.7,81.4,110.4,68.8,189.0
1,175.2,71.8,26,23.38,1.869,0.26343,0.1826,0.18789,0.19838,0.33373,0.3843,0.6169,0.15521,0.12254,0.16231,0.04023,0.07086,101.7,91.0,100.4,46.7,43.8,26.7,59.1,18.7,23.6,80.7,109.3,68.1,175.2
1,164.8,65.8,21,24.22,1.735,0.25586,0.18809,0.18247,0.20396,0.3248,0.37401,0.60039,0.15988,0.119,0.16687,0.03965,0.06878,98.3,82.9,96.9,42.6,39.9,25.3,54.0,17.0,21.8,73.7,99.9,62.2,164.8
1,176.5,76.9,29,24.69,1.941,0.26689,0.18784,0.19712,0.20398,0.33644,0.38741,0.6219,0.15967,0.12856,0.16689,0.04213,0.07189,102.4,93.4,101.1,46.3,43.5,27.5,58.4,18.5,24.2,79.6,107.9,67.2,176.5
1,170.4,71.8,26,24.73,1.843,0.25886,0.17428,0.19447,0.18908,0.32721,0.37679,0.60485,0.14814,0.12683,0.1547,0.03949,0.06967,92.7,89.9,91.4,43.8,41.2,27.0,55.4,17.5,22.1,75.5,102.4,63.8,170.4
1,181.8,83.4,30,25.23,2.052,0.24932,0.18465,0.18807,0.20063,0.31291,0.36032,0.57842,0.15695,0.12265,0.16415,0.04067,0.06724,107.0,94.8,105.7,46.0,43.3,27.5,57.7,18.3,24.8,78.7,106.7,66.5,181.8
1,170.6,62.1,65,21.35,1.716,0.25684,0.17462,0.18152,0.1898,0.32825,0.37799,0.60677,0.14843,0.11838,0.15529,0.03817,0.06892,96.4,87.2,95.3,45.1,42.3,25.6,57.7,18.1,22.2,78.7,106.6,66.4,170.6
1,172.2,66.6,43,22.48,1.785,0.26262,0.17892,0.17481,0.19439,0.33417,0.3848,0.61771,0.15209,0.11401,0.15905,0.03694,0.07056,98.1,83.4,96.9,45.8,43.0,24.5,58.3,18.4,21.3,79.5,107.8,67.2,172.2
1,161.3,53.7,55,20.64,1.552,0.25545,0.17535,0.17595,0.19052,0.32845,0.37822,0.60714,0.14905,0.11475,0.15588,0.03615,0.06843,88.7,77.4,87.6,41.1,38.4,23.5,52.9,16.6,19.2,72.1,97.7,60.9,161.3
1,172.1,85.8,59,28.98,2.026,0.2659,0.1917,0.20541,0.2076,0.3312,0.38138,0.61222,0.16295,0.13396,0.16985,0.04495,0.07186,104.6,97.5,103.0,46.2,43.6,29.7,57.5,18.3,25.8,78.5,106.4,66.3,172.1
1,157.3,45.2,30,18.25,1.405,0.24968,0.17282,0.16033,0.18805,0.32393,0.37302,0.59879,0.1469,0.10456,0.15386,0.03307,0.06671,86.3,69.6,85.4,39.7,37.0,21.2,51.5,16.1,17.4,70.2,95.2,59.3,157.3
1,163.6,79.7,56,29.76,1.903,0.26352,0.18991,0.20645,0.2052,0.32897,0.37881,0.6081,0.16142,0.13464,0.16789,0.04454,0.07117,98.5,93.1,96.7,43.5,41.0,29.2,54.3,17.3,24.3,74.1,100.4,62.5,163.6
1,181.2,101.2,45,30.81,2.257,0.27169,0.19909,0.1907,0.21585,0.33464,0.38535,0.61859,0.16922,0.12437,0.1766,0.04269,0.07364,113.5,94.5,111.8,49.3,46.6,28.3,60.7,19.4,25.6,82.8,112.2,69.9,181.2
1,181.4,78.7,36,23.92,1.991,0.26771,0.1861,0.18062,0.20229,0.33759,0.38874,0.62403,0.15818,0.1178,0.16551,0.03861,0.0721,104.8,88.5,103.6,48.0,45.1,25.5,60.5,19.1,22.9,82.5,111.9,69.7,181.4
1,178.7,54.3,41,17.0,1.641,0.26203,0.17281,0.17191,0.18837,0.33885,0.39019,0.62636,0.14689,0.11212,0.15412,0.03537,0.07008,97.0,83.9,96.1,46.8,43.7,23.3,60.5,18.9,20.9,82.6,111.9,69.7,178.7
1,168.2,67.1,36,23.71,1.771,0.26289,0.19161,0.1909,0.20793,0.33373,0.3843,0.6169,0.16287,0.1245,0.17013,0.04186,0.07067,101.2,87.7,99.8,44.2,41.5,26.3,56.1,17.7,23.3,76.5,103.7,64.6,168.2
1,175.1,76.0,66,24.79,1.923,0.26097,0.18908,0.20198,0.20527,0.32907,0.37893,0.60828,0.16072,0.13173,0.16795,0.044,0.07029,104.4,97.0,103.0,45.9,43.1,28.6,57.8,18.3,25.6,78.9,106.9,66.6,175.1
1,175.5,66.2,30,21.51,1.797,0.25302,0.18484,0.18412,0.20099,0.32254,0.37141,0.59621,0.15711,0.12008,0.16444,0.03982,0.06794,102.7,88.9,101.5,44.7,41.9,25.8,57.0,17.9,23.3,77.8,105.4,65.7,175.5
1,166.8,64.5,30,23.17,1.728,0.26029,0.19206,0.18769,0.20845,0.33123,0.38141,0.61227,0.16325,0.12241,0.17055,0.04087,0.06993,99.3,84.4,98.0,42.8,40.2,25.4,54.5,17.2,22.2,74.3,100.8,62.8,166.8
1,186.8,109.8,45,31.49,2.387,0.27682,0.20446,0.21782,0.2219,0.33908,0.39046,0.62679,0.17379,0.14206,0.18155,0.04936,0.07515,118.7,109.9,117.1,51.1,48.5,32.7,62.6,20.1,30.2,85.4,115.8,72.1,186.8
1,182.1,91.7,19,27.65,2.153,0.2651,0.2036,0.1995,0.22103,0.32991,0.37989,0.60983,0.17306,0.13011,0.18084,0.04467,0.07166,113.0,96.3,111.5,46.8,44.2,28.3,58.3,18.6,26.1,79.5,107.7,67.1,182.1
1,173.8,65.8,27,21.79,1.783,0.26709,0.17486,0.18813,0.19008,0.34039,0.39196,0.6292,0.14863,0.12269,0.15552,0.03846,0.07172,94.6,88.5,93.5,46.0,43.1,25.8,58.6,18.4,21.9,80.0,108.4,67.5,173.8
1,175.7,60.8,39,19.69,1.723,0.25394,0.17878,0.17103,0.19458,0.32569,0.37504,0.60204,0.15197,0.11154,0.15921,0.03617,0.06807,99.4,82.7,98.4,45.0,42.1,23.7,57.7,18.1,21.2,78.6,106.6,66.4,175.7
1,177.1,74.7,30,23.83,1.917,0.25334,0.18195,0.18872,0.19768,0.32019,0.36871,0.59187,0.15466,0.12308,0.16174,0.04036,0.06819,102.6,92.5,101.3,45.5,42.7,27.0,57.5,18.2,24.0,78.4,106.2,66.2,177.1
1,160.2,62.2,26,24.24,1.664,0.25734,0.19521,0.18974,0.21153,0.32736,0.37696,0.60512,0.16593,0.12375,0.17307,0.04158,0.06914,96.9,81.9,95.4,40.6,38.1,25.4,51.7,16.3,21.7,70.5,95.6,59.5,160.2
1,173.6,81.3,50,26.96,1.98,0.2637,0.19247,0.18839,0.20869,0.33036,0.38042,0.61067,0.1636,0.12286,0.17074,0.04164,0.07115,106.3,90.5,104.8,46.4,43.7,27.1,58.1,18.4,24.2,79.2,107.4,66.9,173.6
1,170.4,67.1,31,23.1,1.781,0.26275,0.182,0.19117,0.19762,0.33391,0.3845,0.61723,0.1547,0.12468,0.16169,0.04005,0.07062,96.2,87.9,95.0,44.2,41.5,26.1,56.2,17.7,22.3,76.7,103.9,64.7,170.4
1,168.0,76.3,65,27.02,1.886,0.26796,0.18856,0.19493,0.20423,0.3366,0.38761,0.62221,0.16027,0.12713,0.1671,0.04228,0.07225,100.7,90.5,99.1,45.5,42.9,27.6,57.2,18.1,23.8,78.0,105.7,65.9,168.0
1,173.4,100.6,37,33.46,2.201,0.26358,0.20125,0.22281,0.21756,0.32335,0.37234,0.5977,0.17106,0.14531,0.17801,0.04953,0.07153,109.1,105.0,107.2,45.5,43.1,32.5,55.8,17.9,28.3,76.1,103.1,64.2,173.4
1,189.0,101.0,32,28.28,2.303,0.25945,0.194,0.1875,0.21083,0.321,0.36964,0.59336,0.1649,0.12228,0.1725,0.04201,0.07024,117.0,98.4,115.6,49.8,47.1,28.6,61.6,19.7,26.7,84.1,113.9,71.0,189.0
1,180.3,80.8,49,24.85,2.011,0.26498,0.18397,0.19538,0.19987,0.33324,0.38374,0.616,0.15637,0.12742,0.16353,0.04133,0.07142,103.0,95.1,101.7,47.2,44.4,27.7,59.4,18.8,24.4,81.0,109.8,68.4,180.3
1,171.2,71.4,50,24.35,1.843,0.25217,0.1838,0.18141,0.19947,0.31902,0.36736,0.58971,0.15623,0.11831,0.1632,0.03911,0.06786,100.7,86.5,99.4,44.0,41.3,25.8,55.7,17.6,22.6,75.9,102.9,64.1,171.2
1,179.8,76.7,34,23.72,1.957,0.26243,0.18525,0.19848,0.20134,0.33139,0.3816,0.61257,0.15747,0.12944,0.16474,0.04251,0.07065,104.2,97.1,103.0,47.0,44.2,28.1,59.3,18.7,25.2,80.9,109.7,68.3,179.8
1,186.0,103.4,41,29.88,2.311,0.2687,0.19747,0.21221,0.21438,0.33112,0.38129,0.61208,0.16785,0.1384,0.1754,0.0475,0.07282,115.7,108.1,114.2,50.1,47.4,31.9,61.8,19.8,29.3,84.2,114.2,71.1,186.0
1,182.4,75.8,47,22.78,1.96,0.26371,0.18102,0.19354,0.19688,0.33371,0.38427,0.61685,0.15386,0.12622,0.16108,0.04092,0.07096,103.6,96.3,102.4,48.0,45.1,27.5,60.8,19.2,24.7,82.9,112.4,70.0,182.4
1,175.9,78.0,30,25.2,1.953,0.26846,0.18296,0.187,0.19862,0.33792,0.38912,0.62464,0.15552,0.12196,0.16251,0.03981,0.07234,101.7,90.4,100.4,47.5,44.7,26.7,59.8,18.9,23.3,81.6,110.6,68.9,175.9
1,170.6,73.4,64,25.22,1.866,0.2531,0.19181,0.19804,0.20805,0.31938,0.36777,0.59036,0.16303,0.12915,0.17022,0.04358,0.06816,103.5,92.9,102.0,43.5,40.9,27.9,54.8,17.3,24.7,74.8,101.4,63.2,170.6
1,180.7,75.8,65,23.21,1.951,0.26335,0.17972,0.17883,0.19539,0.333,0.38346,0.61555,0.15276,0.11663,0.15987,0.03754,0.07088,101.8,88.1,100.6,47.5,44.6,25.4,60.0,19.0,22.4,81.9,111.0,69.1,180.7
1,178.5,64.9,33,20.37,1.793,0.25101,0.17253,0.16781,0.18776,0.32083,0.36944,0.59306,0.14665,0.10944,0.15362,0.03472,0.06735,98.2,83.1,97.2,45.5,42.6,23.7,58.1,18.3,20.8,79.3,107.4,66.9,178.5
1,182.2,87.2,19,26.27,2.101,0.26218,0.18692,0.18449,0.20303,0.32781,0.37747,0.60594,0.15889,0.12032,0.16612,0.04022,0.07078,108.6,93.2,107.3,48.5,45.7,27.2,60.6,19.3,24.6,82.7,112.1,69.8,182.2
1,180.3,80.6,34,24.8,2.009,0.26319,0.18216,0.19229,0.19791,0.33106,0.38122,0.61195,0.15484,0.12541,0.16193,0.0409,0.07094,103.7,95.2,102.4,47.7,44.9,27.7,60.0,19.0,24.5,81.8,110.9,69.1,180.3
1,183.4,90.7,49,26.98,2.15,0.25796,0.1852,0.20345,0.20114,0.32156,0.37028,0.59439,0.15742,0.13268,0.16457,0.04374,0.0697,107.3,102.5,106.0,47.6,44.9,30.0,59.3,18.9,26.7,80.9,109.6,68.3,183.4
1,171.5,67.9,60,23.1,1.799,0.25128,0.18127,0.16302,0.19686,0.31917,0.36752,0.58997,0.15408,0.10632,0.16107,0.03478,0.06754,99.2,77.5,97.9,43.8,41.0,23.0,55.6,17.5,20.0,75.8,102.7,64.0,171.5
1,185.4,103.3,25,30.06,2.306,0.27435,0.19028,0.22085,0.20653,0.338,0.38921,0.62479,0.16174,0.14403,0.16898,0.04757,0.07436,109.3,110.3,107.9,50.2,47.5,32.6,61.8,19.8,28.8,84.3,114.2,71.2,185.4
1,177.0,68.7,69,21.94,1.838,0.25824,0.1762,0.18641,0.19159,0.3285,0.37827,0.60722,0.14977,0.12157,0.15676,0.03878,0.06938,98.5,90.6,97.3,45.9,43.1,26.2,58.4,18.4,22.8,79.7,108.0,67.3,177.0
1,191.1,118.1,20,32.36,2.504,0.2688,0.21303,0.19958,0.23137,0.32743,0.37704,0.60526,0.18108,0.13016,0.1893,0.04706,0.07308,128.3,104.5,126.7,51.5,48.9,30.9,62.8,20.2,29.8,85.6,116.0,72.3,191.1
1,170.3,55.9,29,19.26,1.626,0.2546,0.17647,0.17614,0.19204,0.32768,0.37733,0.60572,0.15,0.11487,0.15712,0.03723,0.06818,96.4,83.6,95.3,44.2,41.4,24.3,56.9,17.8,21.4,77.7,105.3,65.6,170.3
1,188.5,94.9,37,26.71,2.23,0.27742,0.19346,0.21505,0.21032,0.34523,0.39754,0.63816,0.16444,0.14025,0.17208,0.0466,0.07499,111.1,107.4,109.8,50.7,47.9,31.0,63.1,20.1,28.2,86.1,116.7,72.7,188.5
1,177.0,84.2,33,26.88,2.034,0.27049,0.19945,0.20972,0.2164,0.33839,0.38966,0.62551,0.16953,0.13678,0.17705,0.04602,0.07301,107.0,97.8,105.5,46.2,43.5,29.1,57.8,18.3,26.0,78.8,106.8,66.5,177.0
1,170.6,64.7,31,22.21,1.751,0.25156,0.18294,0.19159,0.19875,0.32058,0.36915,0.59259,0.1555,0.12495,0.16262,0.04112,0.06755,99.2,90.4,98.0,43.4,40.7,26.7,55.3,17.4,23.5,75.5,102.3,63.7,170.6
1,171.9,78.8,33,26.67,1.939,0.261,0.19803,0.18871,0.21468,0.32759,0.37722,0.60554,0.16832,0.12307,0.17565,0.04164,0.07039,105.0,87.0,103.5,44.0,41.5,26.2,55.3,17.5,23.2,75.4,102.2,63.7,171.9
1,173.1,90.9,66,30.32,2.09,0.26606,0.19346,0.20087,0.20942,0.32977,0.37973,0.60957,0.16445,0.131,0.17134,0.04389,0.072,105.4,95.1,103.7,46.1,43.6,29.0,57.2,18.2,25.2,77.9,105.7,65.8,173.1
1,178.7,57.3,60,17.95,1.686,0.25473,0.18637,0.17512,0.20305,0.32832,0.37807,0.60689,0.15841,0.11421,0.16613,0.03749,0.06819,102.2,83.5,101.2,44.4,41.5,23.4,57.3,17.9,21.6,78.1,105.9,66.0,178.7
1,179.4,86.9,66,26.99,2.081,0.26607,0.17992,0.21312,0.19528,0.33232,0.38268,0.6143,0.15293,0.13899,0.15977,0.04442,0.07185,100.9,103.9,99.6,47.5,44.8,30.7,59.3,18.8,26.2,80.9,109.7,68.3,179.4
1,171.2,50.5,68,17.22,1.549,0.26133,0.16944,0.1793,0.18461,0.33854,0.38983,0.62578,0.14402,0.11693,0.15105,0.03621,0.06985,91.0,83.7,90.1,44.7,41.7,24.0,57.9,18.1,20.5,78.9,107.0,66.6,171.2
1,175.3,66.6,50,21.65,1.8,0.24751,0.17596,0.19875,0.19132,0.31538,0.36317,0.58298,0.14956,0.12962,0.15653,0.04236,0.06647,100.7,98.9,99.5,45.1,42.3,28.7,57.4,18.1,25.5,78.3,106.2,66.1,175.3
1,191.6,117.3,47,31.96,2.498,0.26418,0.20014,0.20611,0.21741,0.32216,0.37097,0.59551,0.17012,0.13442,0.17788,0.04689,0.0718,122.1,109.3,120.5,51.3,48.7,32.3,62.5,20.1,30.1,85.3,115.6,72.0,191.6
1,188.5,81.5,29,22.94,2.065,0.27215,0.18094,0.18552,0.19693,0.34329,0.39531,0.63457,0.1538,0.12099,0.16112,0.03933,0.07329,107.1,95.5,106.0,51.3,48.2,26.9,64.7,20.4,24.5,88.2,119.6,74.5,188.5
1,178.8,67.1,32,20.99,1.825,0.26737,0.1834,0.18404,0.19954,0.34098,0.39264,0.63029,0.15589,0.12003,0.16326,0.03932,0.07179,102.7,89.6,101.6,47.7,44.7,25.6,60.8,19.1,23.2,82.9,112.3,70.0,178.8
1,175.8,75.1,35,24.3,1.915,0.25267,0.17915,0.19836,0.19456,0.31903,0.36737,0.58973,0.15228,0.12936,0.15919,0.04202,0.06803,100.8,97.0,99.5,45.2,42.5,28.5,57.1,18.0,24.9,77.9,105.6,65.8,175.8
1,176.4,106.2,45,34.13,2.281,0.26789,0.19703,0.20856,0.21311,0.3273,0.37689,0.60501,0.16747,0.13601,0.17436,0.04623,0.07277,110.4,101.6,108.5,47.8,45.3,31.3,58.4,18.8,27.3,79.6,107.9,67.2,176.4
1,180.1,61.7,40,19.02,1.757,0.26096,0.18565,0.18269,0.20219,0.33493,0.38567,0.61911,0.15781,0.11914,0.16543,0.0394,0.06994,104.2,89.1,103.1,46.6,43.6,25.0,59.8,18.7,23.3,81.6,110.6,68.9,180.1
1,167.8,60.2,31,21.38,1.675,0.25362,0.18142,0.18015,0.19714,0.32447,0.37363,0.59978,0.15421,0.11749,0.16129,0.03873,0.06803,97.7,84.3,96.5,43.5,40.7,25.1,55.6,17.5,21.9,75.8,102.8,64.0,167.8
1,173.6,94.4,47,31.33,2.133,0.27744,0.19059,0.20767,0.20624,0.34266,0.39458,0.63341,0.162,0.13544,0.16874,0.04472,0.07515,103.7,98.3,102.0,48.1,45.4,30.1,59.4,19.0,25.6,80.9,109.7,68.4,173.6
1,163.0,87.9,50,33.07,1.994,0.27238,0.19368,0.20656,0.20884,0.33671,0.38773,0.62241,0.16463,0.13471,0.17087,0.04397,0.07376,97.4,90.3,95.4,43.6,41.2,28.7,53.9,17.2,23.3,73.5,99.6,62.0,163.0
1,178.5,78.5,62,24.64,1.973,0.26476,0.18571,0.1929,0.20172,0.33348,0.38401,0.61644,0.15785,0.1258,0.16505,0.04125,0.07133,103.5,93.5,102.2,47.0,44.2,27.3,59.2,18.7,24.2,80.7,109.4,68.1,178.5
1,180.4,67.6,32,20.78,1.84,0.26363,0.18214,0.18398,0.19821,0.33623,0.38717,0.62151,0.15482,0.11999,0.16217,0.03907,0.07078,102.7,90.2,101.6,47.3,44.3,25.6,60.3,19.0,23.2,82.3,111.5,69.5,180.4
1,171.9,101.2,24,34.27,2.199,0.26751,0.19019,0.20663,0.20545,0.32762,0.37725,0.60559,0.16166,0.13476,0.16809,0.04515,0.07262,105.9,100.1,104.0,47.4,44.9,31.2,58.1,18.6,26.5,79.2,107.3,66.9,171.9
1,187.3,111.5,32,31.79,2.409,0.27144,0.20335,0.21666,0.2207,0.33204,0.38235,0.61377,0.17285,0.1413,0.18057,0.04971,0.07371,121.2,112.2,119.5,51.5,48.8,33.4,63.0,20.2,31.2,85.9,116.4,72.5,187.3
1,166.3,76.6,69,27.71,1.882,0.27407,0.19718,0.21747,0.21342,0.34383,0.39592,0.63556,0.1676,0.14183,0.17462,0.04716,0.07392,99.9,95.8,98.3,44.2,41.6,29.5,55.5,17.6,25.2,75.6,102.5,63.9,166.3
1,164.5,60.0,59,22.16,1.655,0.24793,0.18152,0.17653,0.19708,0.31684,0.36485,0.58567,0.15429,0.11513,0.16125,0.0375,0.06653,94.7,80.1,93.4,41.2,38.6,24.2,52.6,16.5,20.6,71.7,97.2,60.6,164.5
1,177.2,78.0,63,24.84,1.959,0.26437,0.18333,0.19361,0.19909,0.33298,0.38343,0.6155,0.15583,0.12626,0.16289,0.04058,0.07123,100.2,92.0,98.9,46.0,43.2,27.0,57.9,18.3,23.3,79.0,107.0,66.7,177.2
1,183.4,82.1,55,24.43,2.045,0.26426,0.19224,0.18531,0.20898,0.33233,0.38269,0.61432,0.16341,0.12085,0.17099,0.04122,0.07123,111.8,93.7,110.4,48.9,46.0,27.0,61.5,19.5,25.2,83.9,113.7,70.8,183.4
1,188.1,93.1,63,26.3,2.206,0.26496,0.1743,0.19943,0.1895,0.33027,0.38031,0.6105,0.14816,0.13007,0.15504,0.04114,0.07159,103.4,102.9,102.2,50.1,47.2,29.6,62.4,19.8,25.7,85.1,115.3,71.8,188.1
1,172.1,92.1,61,31.11,2.098,0.27327,0.20187,0.20319,0.21839,0.33805,0.38927,0.62487,0.17159,0.13252,0.17869,0.04537,0.07399,108.3,94.8,106.5,46.7,44.1,29.1,57.7,18.4,25.6,78.7,106.7,66.5,172.1
1,183.6,96.3,28,28.56,2.216,0.27668,0.19961,0.20524,0.21669,0.34297,0.39494,0.63398,0.16967,0.13385,0.17729,0.0462,0.07487,115.0,102.8,113.4,50.7,47.9,30.3,62.9,20.1,28.0,85.7,116.2,72.4,183.6
1,175.2,65.4,46,21.29,1.784,0.25401,0.18003,0.19379,0.19578,0.32408,0.37318,0.59905,0.15303,0.12639,0.16018,0.04067,0.06819,98.5,92.2,97.4,44.3,41.5,26.7,56.5,17.7,23.4,77.0,104.4,65.0,175.2
1,174.2,93.4,48,30.77,2.126,0.26952,0.20033,0.18275,0.21687,0.33337,0.38388,0.61622,0.17028,0.11918,0.17744,0.04126,0.07298,111.0,88.0,109.2,47.5,44.9,26.9,58.8,18.8,24.1,80.2,108.7,67.7,174.2
1,182.1,87.0,42,26.23,2.098,0.25768,0.18642,0.19774,0.20248,0.32223,0.37106,0.59564,0.15846,0.12896,0.16567,0.04309,0.06956,108.5,100.1,107.1,47.7,45.0,29.2,59.7,19.0,26.4,81.4,110.4,68.8,182.1
1,180.4,90.3,69,27.75,2.127,0.2664,0.18982,0.19407,0.20599,0.33171,0.38196,0.61315,0.16134,0.12657,0.16854,0.04258,0.072,109.0,96.9,107.6,48.7,45.9,28.7,60.6,19.3,25.7,82.7,112.1,69.8,180.4
1,163.7,83.5,41,31.19,1.949,0.26319,0.19422,0.20631,0.20969,0.3271,0.37666,0.60463,0.16509,0.13455,0.17157,0.04506,0.07117,100.7,93.0,98.8,43.4,41.0,29.3,54.0,17.2,24.6,73.6,99.8,62.1,163.7
1,186.6,73.7,36,21.18,1.955,0.26988,0.19973,0.17923,0.21745,0.34286,0.3948,0.63376,0.16977,0.11689,0.17792,0.04118,0.07254,117.5,91.7,116.3,50.5,47.4,25.6,64.2,20.2,25.5,87.5,118.7,73.9,186.6
1,185.9,86.0,19,24.89,2.107,0.26792,0.19926,0.20752,0.21666,0.33601,0.38692,0.6211,0.16937,0.13534,0.17726,0.04655,0.07227,114.6,103.7,113.2,49.0,46.2,29.8,61.5,19.5,28.2,83.9,113.7,70.8,185.9
1,170.8,67.4,39,23.11,1.789,0.25675,0.18747,0.19487,0.20357,0.3262,0.37562,0.60297,0.15935,0.12709,0.16656,0.04211,0.06901,100.5,90.8,99.2,43.8,41.1,27.0,55.6,17.5,23.8,75.9,102.9,64.1,170.8
1,178.5,63.0,37,19.78,1.767,0.26171,0.17592,0.18722,0.1915,0.33519,0.38598,0.61959,0.14953,0.1221,0.15668,0.03868,0.07018,97.9,90.6,96.9,46.4,43.4,25.7,59.4,18.6,22.7,81.0,109.8,68.4,178.5
1,179.2,84.7,50,26.36,2.053,0.26589,0.19091,0.20362,0.20725,0.33284,0.38327,0.61526,0.16227,0.1328,0.16957,0.04444,0.07176,107.3,99.5,105.8,47.5,44.8,29.3,59.5,18.9,26.3,81.2,110.0,68.5,179.2
1,177.5,114.9,25,36.48,2.38,0.27391,0.19633,0.20951,0.21222,0.33186,0.38215,0.61345,0.16688,0.13664,0.17364,0.04635,0.07457,111.3,103.3,109.4,49.4,47.0,32.0,59.9,19.3,27.7,81.7,110.7,69.0,177.5
1,171.4,55.8,42,18.99,1.629,0.25864,0.18179,0.17421,0.19787,0.33304,0.3835,0.61563,0.15452,0.11362,0.16189,0.03712,0.06925,97.8,81.5,96.8,44.3,41.4,23.6,57.1,17.9,21.0,77.8,105.5,65.7,171.4
1,170.5,72.4,63,24.91,1.851,0.2747,0.18711,0.19788,0.20298,0.34701,0.39959,0.64145,0.15904,0.12905,0.16607,0.0425,0.07395,100.0,92.0,98.6,46.7,43.9,27.6,59.0,18.6,23.9,80.5,109.1,68.0,170.5
1,175.3,84.7,26,27.55,2.031,0.26657,0.18643,0.19487,0.20215,0.33302,0.38348,0.61558,0.15846,0.12709,0.16539,0.04135,0.07198,101.5,92.3,100.1,46.2,43.6,27.6,57.7,18.3,23.7,78.7,106.7,66.5,175.3
1,184.3,86.6,51,25.49,2.105,0.25875,0.18668,0.20407,0.20289,0.32406,0.37316,0.59903,0.15868,0.13309,0.166,0.04458,0.06982,109.8,104.4,108.5,48.5,45.6,30.2,60.7,19.3,27.6,82.8,112.2,69.9,184.3
1,179.6,79.4,40,24.61,1.99,0.251,0.17673,0.18467,0.19201,0.31604,0.36392,0.58419,0.15022,0.12044,0.1571,0.03914,0.06763,102.9,93.5,101.6,46.5,43.7,27.2,58.5,18.5,24.0,79.8,108.2,67.4,179.6
1,172.7,61.4,22,20.6,1.717,0.25891,0.18124,0.18663,0.19711,0.33144,0.38166,0.61266,0.15405,0.12171,0.16127,0.03948,0.06944,98.1,87.8,97.0,44.6,41.8,25.5,57.1,17.9,22.5,77.9,105.5,65.7,172.7
1,181.3,85.2,42,25.92,2.071,0.26612,0.18548,0.214,0.20146,0.33328,0.38378,0.61607,0.15766,0.13956,0.16483,0.0457,0.07181,105.1,105.4,103.8,48.0,45.2,30.8,60.1,19.1,27.3,82.0,111.1,69.2,181.3
1,154.1,53.1,25,22.34,1.508,0.25797,0.17924,0.17698,0.19435,0.33096,0.38111,0.61178,0.15235,0.11542,0.15901,0.03689,0.06915,87.0,74.7,85.8,39.9,37.3,23.5,51.2,16.0,18.9,69.8,94.6,58.9,154.1
1,184.1,61.1,33,18.02,1.768,0.25704,0.18173,0.1793,0.19805,0.33058,0.38067,0.61108,0.15447,0.11693,0.16204,0.03835,0.06885,105.1,90.1,104.1,47.3,44.2,24.8,60.8,19.0,23.3,83.0,112.5,70.1,184.1
1,162.5,79.0,65,29.94,1.888,0.26454,0.194,0.2124,0.20954,0.33027,0.38031,0.6105,0.1649,0.13852,0.17144,0.04574,0.07144,97.7,93.0,96.0,42.4,40.0,29.3,53.0,16.8,24.3,72.2,97.9,61.0,162.5
1,172.8,86.3,62,28.9,2.035,0.2585,0.18873,0.20746,0.20441,0.32195,0.37073,0.59512,0.16042,0.1353,0.16725,0.04483,0.06986,103.2,98.6,101.6,45.0,42.4,29.9,56.0,17.8,25.8,76.4,103.5,64.5,172.8
1,167.1,70.4,69,25.22,1.808,0.25803,0.18619,0.18841,0.20184,0.32615,0.37557,0.60289,0.15826,0.12287,0.16514,0.04041,0.06945,98.2,86.4,96.7,43.3,40.7,26.2,54.7,17.3,22.4,74.6,101.2,63.0,167.1
1,165.8,71.2,32,25.9,1.811,0.26776,0.19072,0.18918,0.20663,0.33793,0.38914,0.62467,0.16211,0.12338,0.16906,0.04106,0.0721,99.2,85.6,97.7,44.3,41.7,26.2,56.0,17.7,22.5,76.3,103.4,64.4,165.8
1,184.2,99.8,18,29.4,2.259,0.26931,0.18536,0.19946,0.20119,0.33275,0.38317,0.61509,0.15756,0.13008,0.16461,0.04315,0.07294,109.3,102.2,107.8,50.5,47.8,30.2,62.4,19.9,26.8,85.1,115.4,71.9,184.2
1,172.0,76.6,39,25.88,1.913,0.26126,0.18871,0.20504,0.20466,0.32874,0.37855,0.60767,0.1604,0.13372,0.16745,0.0444,0.07041,102.2,96.6,100.8,45.0,42.4,29.0,56.7,17.9,25.3,77.3,104.8,65.3,172.0
1,178.1,90.9,20,28.66,2.121,0.26027,0.20041,0.1995,0.21731,0.32348,0.37249,0.59794,0.17034,0.13011,0.1778,0.04499,0.07038,112.2,97.2,110.6,46.4,43.8,29.0,57.7,18.4,26.5,78.6,106.6,66.4,178.1
1,175.1,73.4,55,23.94,1.89,0.26694,0.19313,0.19582,0.20975,0.33755,0.3887,0.62396,0.16416,0.12771,0.17162,0.04253,0.07184,103.7,91.4,102.4,45.6,42.9,26.9,57.7,18.2,24.0,78.7,106.7,66.4,175.1
1,179.1,97.7,31,30.47,2.205,0.27722,0.19537,0.20188,0.21175,0.34227,0.39413,0.63268,0.16607,0.13166,0.17325,0.04467,0.0751,110.4,99.2,108.8,49.9,47.2,29.9,61.6,19.7,26.6,84.0,113.8,70.9,179.1
1,176.1,81.4,53,26.26,1.996,0.26918,0.19317,0.20215,0.20961,0.3376,0.38875,0.62405,0.1642,0.13184,0.1715,0.04442,0.07261,106.5,96.9,105.1,47.3,44.5,28.8,59.3,18.8,25.8,80.8,109.6,68.2,176.1
1,165.9,70.9,35,25.77,1.807,0.26789,0.19155,0.19653,0.20754,0.33823,0.38948,0.62522,0.16281,0.12817,0.16981,0.04241,0.07213,98.5,87.8,97.0,43.8,41.2,26.9,55.3,17.5,22.9,75.5,102.3,63.7,165.9
1,183.0,69.3,64,20.69,1.876,0.2606,0.18339,0.17504,0.19963,0.33213,0.38245,0.61393,0.15588,0.11416,0.16333,0.03791,0.06998,106.8,88.6,105.6,48.3,45.3,24.9,61.5,19.4,23.2,83.9,113.8,70.9,183.0
1,171.8,77.1,58,26.13,1.918,0.27611,0.18023,0.19108,0.19543,0.34719,0.39979,0.64177,0.15319,0.12462,0.1599,0.03932,0.07443,95.3,87.9,94.0,46.5,43.7,26.4,58.4,18.5,21.9,79.7,108.0,67.3,171.8
1,163.8,59.3,35,22.09,1.643,0.25882,0.1769,0.17381,0.19205,0.33092,0.38106,0.6117,0.15036,0.11336,0.15713,0.03523,0.06944,88.7,75.8,87.5,41.3,38.7,22.9,52.8,16.6,18.6,72.0,97.6,60.8,163.8
1,172.3,67.5,20,22.74,1.797,0.25744,0.1885,0.18093,0.20477,0.32727,0.37686,0.60495,0.16022,0.118,0.16754,0.03936,0.06918,102.1,85.2,100.8,44.4,41.6,25.1,56.4,17.8,22.4,76.9,104.3,65.0,172.3
1,186.8,77.2,27,22.15,2.002,0.25584,0.17471,0.19323,0.19015,0.32387,0.37294,0.59867,0.1485,0.12602,0.15558,0.04017,0.06883,103.3,99.4,102.3,48.2,45.2,27.9,61.0,19.2,25.0,83.2,112.7,70.2,186.8
1,181.9,70.6,66,21.33,1.888,0.26885,0.18914,0.20057,0.20582,0.34202,0.39385,0.63223,0.16077,0.1308,0.1684,0.04319,0.07223,105.5,97.3,104.4,47.7,44.8,27.6,60.7,19.1,25.4,82.8,112.2,69.9,181.9
1,172.9,102.9,56,34.42,2.223,0.27385,0.20078,0.22223,0.21693,0.33501,0.38577,0.61926,0.17066,0.14493,0.17749,0.04897,0.07437,107.8,103.7,105.8,46.8,44.3,32.2,57.2,18.4,27.7,78.0,105.8,65.9,172.9
1,172.9,91.3,64,30.56,2.094,0.27078,0.18919,0.20983,0.20476,0.3354,0.38622,0.61999,0.16081,0.13684,0.16753,0.04502,0.07329,102.6,99.0,101.0,46.8,44.2,30.3,57.9,18.5,25.7,79.0,107.1,66.7,172.9
1,173.1,100.0,18,33.38,2.193,0.27186,0.20542,0.21489,0.22206,0.33365,0.3842,0.61674,0.1746,0.14014,0.18168,0.04791,0.07376,109.4,99.5,107.5,46.1,43.6,30.8,56.5,18.1,26.9,77.1,104.5,65.1,173.1
1,191.1,76.1,44,20.83,2.009,0.27233,0.18781,0.19619,0.20459,0.34577,0.39816,0.63916,0.15964,0.12795,0.16739,0.04231,0.07321,110.5,100.4,109.5,51.0,47.9,27.6,64.8,20.4,26.2,88.3,119.8,74.6,191.1
1,178.4,80.5,44,25.3,1.997,0.26087,0.19881,0.19555,0.21589,0.32788,0.37756,0.60608,0.16898,0.12753,0.17664,0.0443,0.07033,112.0,95.8,110.5,46.8,44.0,28.1,58.8,18.6,26.3,80.2,108.7,67.7,178.4
1,178.7,65.8,28,20.61,1.808,0.26299,0.17814,0.19768,0.19385,0.33583,0.38672,0.62078,0.15142,0.12892,0.1586,0.0413,0.07058,99.7,96.2,98.6,46.8,43.9,27.4,59.8,18.8,24.3,81.5,110.5,68.9,178.7
1,183.2,75.7,66,22.55,1.963,0.2692,0.19416,0.18991,0.21121,0.34081,0.39245,0.62999,0.16504,0.12385,0.17281,0.04214,0.07242,110.8,94.2,109.6,48.9,45.9,26.8,61.9,19.5,25.3,84.4,114.4,71.3,183.2
1,177.3,68.5,22,21.81,1.837,0.26523,0.18447,0.19621,0.20059,0.33751,0.38864,0.62387,0.1568,0.12796,0.16412,0.04211,0.07126,102.7,95.0,101.5,47.0,44.1,27.4,59.8,18.8,24.7,81.6,110.6,68.9,177.3
1,173.6,90.8,24,30.14,2.092,0.26249,0.18647,0.20697,0.20189,0.32545,0.37476,0.60158,0.1585,0.13498,0.16518,0.0447,0.07102,103.8,100.2,102.2,46.5,43.9,30.5,57.7,18.4,26.2,78.7,106.6,66.4,173.6
1,174.0,71.4,36,23.58,1.858,0.26106,0.18636,0.19232,0.20241,0.33069,0.38079,0.61127,0.15841,0.12543,0.16561,0.04187,0.07023,103.3,92.7,102.0,46.1,43.3,27.3,58.4,18.4,24.4,79.6,107.9,67.2,174.0
1,175.0,89.9,46,29.38,2.091,0.26935,0.19271,0.18272,0.20878,0.33454,0.38522,0.61839,0.1638,0.11916,0.17082,0.04049,0.07285,108.1,89.2,106.5,48.1,45.4,27.0,59.7,19.0,23.9,81.5,110.4,68.8,175.0
1,175.2,84.1,32,27.4,2.024,0.26869,0.19214,0.20731,0.20835,0.33585,0.38674,0.62082,0.16332,0.1352,0.17047,0.04511,0.07254,105.0,98.5,103.5,46.7,44.0,29.5,58.4,18.6,25.9,79.7,108.0,67.3,175.2
1,181.0,115.8,52,35.36,2.412,0.26326,0.20175,0.21303,0.21839,0.31941,0.3678,0.59042,0.17149,0.13893,0.17868,0.04828,0.07165,116.8,107.2,114.9,48.5,46.1,32.9,58.8,19.0,29.4,80.2,108.8,67.8,181.0
1,175.9,62.0,64,20.05,1.741,0.26139,0.17688,0.17913,0.19249,0.33481,0.38554,0.61889,0.15035,0.11682,0.15749,0.03725,0.07009,97.5,85.8,96.4,45.8,42.9,24.6,58.7,18.4,21.6,80.1,108.5,67.6,175.9
1,181.0,99.0,54,30.23,2.231,0.2745,0.19633,0.19932,0.21289,0.33882,0.39015,0.62629,0.16688,0.12999,0.17419,0.04335,0.07437,108.7,95.9,107.1,48.4,45.7,28.7,59.7,19.1,25.3,81.4,110.3,68.7,181.0
1,174.9,90.9,29,29.72,2.102,0.25893,0.20261,0.20792,0.21946,0.32124,0.36991,0.5938,0.17222,0.1356,0.17956,0.04632,0.07005,109.0,97.3,107.3,44.3,41.9,29.5,55.0,17.5,26.2,75.0,101.7,63.3,174.9
1,176.1,67.1,47,21.63,1.811,0.25423,0.17579,0.18061,0.19116,0.32387,0.37294,0.59867,0.14942,0.11779,0.1564,0.03818,0.06828,100.0,89.3,98.9,46.0,43.2,25.8,58.6,18.4,22.9,80.0,108.4,67.5,176.1
1,160.5,75.0,37,29.11,1.829,0.25891,0.18612,0.18489,0.20104,0.32443,0.37358,0.5997,0.1582,0.12058,0.16449,0.03958,0.06986,95.7,82.7,94.0,42.4,39.9,26.1,53.1,16.8,21.4,72.4,98.1,61.1,160.5
1,182.4,87.5,54,26.32,2.106,0.26696,0.18956,0.18374,0.2059,0.3337,0.38426,0.61684,0.16113,0.11983,0.16846,0.04036,0.07208,109.9,92.6,108.5,49.3,46.4,27.0,61.6,19.6,24.6,84.0,113.8,70.9,182.4
1,178.1,76.7,20,24.19,1.948,0.2531,0.18438,0.19203,0.20031,0.31935,0.36774,0.59031,0.15672,0.12524,0.16389,0.0416,0.06816,105.0,95.1,103.7,45.9,43.1,27.8,57.9,18.3,24.9,78.9,107.0,66.7,178.1
1,183.0,74.1,26,22.12,1.94,0.24614,0.17158,0.18971,0.18667,0.31212,0.35941,0.57695,0.14584,0.12373,0.15273,0.03936,0.06619,101.1,97.2,100.0,46.2,43.4,27.6,58.6,18.5,24.4,79.9,108.3,67.4,183.0
1,153.8,53.1,58,22.47,1.507,0.2581,0.1866,0.18419,0.2023,0.33106,0.38122,0.61196,0.15861,0.12012,0.16551,0.03952,0.06919,90.2,77.4,88.9,39.7,37.1,24.4,50.9,16.0,20.1,69.4,94.1,58.6,153.8
1,191.2,124.4,56,34.04,2.57,0.27751,0.20695,0.23006,0.22468,0.33603,0.38694,0.62114,0.17591,0.15004,0.18383,0.0525,0.07556,123.0,118.9,121.4,52.5,49.9,35.5,63.6,20.5,32.8,86.7,117.5,73.2,191.2
1,174.5,76.2,43,25.03,1.921,0.26608,0.18835,0.19495,0.20444,0.33535,0.38616,0.61989,0.1601,0.12714,0.16727,0.04176,0.07167,101.8,91.6,100.4,45.8,43.0,27.2,57.7,18.2,23.8,78.7,106.6,66.4,174.5
1,183.8,95.1,19,28.14,2.203,0.26408,0.19438,0.20021,0.21105,0.32779,0.37745,0.60591,0.16522,0.13057,0.17268,0.04453,0.07144,113.1,101.3,111.6,48.9,46.2,29.8,60.7,19.3,27.3,82.7,112.2,69.9,183.8
1,167.7,62.5,40,22.23,1.706,0.25208,0.18211,0.17762,0.19779,0.32163,0.37036,0.59453,0.1548,0.11584,0.16182,0.03772,0.06767,96.3,81.7,95.1,42.4,39.8,24.4,54.2,17.0,21.0,73.9,100.1,62.4,167.7
1,180.1,72.2,40,22.27,1.901,0.26071,0.18882,0.17696,0.20535,0.33084,0.38097,0.61155,0.1605,0.11541,0.16801,0.03852,0.0701,106.3,86.6,105.1,46.7,43.8,24.8,59.3,18.7,22.8,80.8,109.6,68.2,180.1
1,167.6,82.7,38,29.44,1.962,0.2624,0.19485,0.21582,0.21076,0.32717,0.37674,0.60476,0.16563,0.14076,0.17244,0.04734,0.07089,102.8,99.0,101.0,44.0,41.5,30.6,54.9,17.5,26.3,74.9,101.5,63.2,167.6
1,170.8,59.6,33,20.44,1.682,0.26618,0.18552,0.19229,0.20176,0.34118,0.39287,0.63066,0.15769,0.1254,0.16507,0.04111,0.07137,98.4,88.7,97.2,44.9,42.0,25.9,57.6,18.1,22.9,78.5,106.4,66.3,170.8
1,189.9,84.8,26,23.52,2.114,0.26602,0.19596,0.18309,0.21327,0.33465,0.38535,0.6186,0.16656,0.1194,0.17449,0.04099,0.0717,116.1,94.3,114.9,50.2,47.2,26.6,63.1,20.0,25.6,86.1,116.7,72.7,189.9
1,174.1,76.2,30,25.16,1.92,0.25897,0.19083,0.19317,0.2071,0.32631,0.37575,0.60318,0.1622,0.12598,0.16945,0.04239,0.06976,104.9,92.4,103.5,45.3,42.6,27.4,57.1,18.1,24.5,77.9,105.6,65.8,174.1
1,177.1,79.8,45,25.45,1.982,0.26403,0.18182,0.18823,0.19739,0.33187,0.38215,0.61346,0.15454,0.12276,0.1615,0.04056,0.07118,104.1,93.7,102.7,48.1,45.3,27.6,60.5,19.1,24.4,82.5,111.8,69.6,177.1
1,182.0,80.7,44,24.36,2.02,0.26663,0.18489,0.19514,0.20096,0.33561,0.38645,0.62036,0.15715,0.12727,0.16442,0.04117,0.07185,103.4,94.9,102.2,47.5,44.6,27.4,59.7,18.9,24.2,81.5,110.4,68.8,182.0
1,179.2,85.3,68,26.56,2.061,0.264,0.19744,0.19216,0.21432,0.33025,0.38028,0.61046,0.16782,0.12532,0.17535,0.04338,0.07126,112.3,95.1,110.8,47.8,45.0,28.0,59.8,19.0,26.0,81.5,110.5,68.9,179.2
1,176.6,86.6,69,27.77,2.062,0.26506,0.19099,0.2037,0.20713,0.33066,0.38076,0.61122,0.16234,0.13285,0.16947,0.0442,0.0716,105.4,97.8,103.9,46.6,43.9,29.2,58.1,18.5,25.7,79.2,107.4,66.9,176.6
1,178.2,88.8,34,27.94,2.096,0.26568,0.18374,0.20094,0.19931,0.33097,0.38112,0.61179,0.15618,0.13105,0.16307,0.04349,0.0718,105.9,100.7,104.5,48.8,46.0,30.0,60.7,19.3,26.4,82.8,112.3,69.9,178.2
1,193.5,80.9,55,21.59,2.085,0.2613,0.17498,0.19186,0.19062,0.33052,0.3806,0.61096,0.14874,0.12512,0.15597,0.03982,0.07032,106.4,101.4,105.4,50.6,47.5,27.9,64.0,20.2,25.5,87.2,118.3,73.7,193.5
1,175.1,73.5,53,23.98,1.891,0.262,0.18753,0.18999,0.20367,0.33127,0.38146,0.61234,0.1594,0.1239,0.16664,0.04105,0.07051,103.0,90.7,101.7,45.8,43.0,26.7,57.9,18.3,23.7,79.0,107.0,66.7,175.1
1,177.0,93.8,18,29.94,2.148,0.26635,0.19599,0.20377,0.21237,0.32981,0.37978,0.60965,0.16659,0.13289,0.17376,0.04497,0.07209,108.7,98.3,107.1,47.0,44.4,29.7,58.2,18.6,26.3,79.4,107.7,67.1,177.0
1,183.4,96.3,35,28.62,2.214,0.27937,0.19349,0.22022,0.21003,0.34627,0.39874,0.64008,0.16446,0.14362,0.17184,0.04701,0.0756,106.6,105.6,105.2,49.0,46.3,31.1,60.8,19.4,27.3,82.8,112.3,70.0,183.4
1,183.8,68.8,68,20.37,1.874,0.26242,0.18197,0.18574,0.19813,0.33472,0.38543,0.61872,0.15468,0.12114,0.1621,0.03993,0.07045,106.1,94.1,105.0,48.7,45.6,26.4,62.1,19.5,24.5,84.7,114.8,71.5,183.8
1,184.4,89.7,26,26.38,2.144,0.27211,0.19012,0.20116,0.20657,0.33971,0.39119,0.62796,0.1616,0.13119,0.16901,0.04356,0.07349,108.8,100.1,107.5,49.6,46.7,29.1,61.9,19.7,26.2,84.4,114.4,71.3,184.4
1,180.3,60.5,30,18.6,1.74,0.25893,0.19391,0.18052,0.21122,0.33278,0.3832,0.61513,0.16482,0.11773,0.17282,0.04035,0.06937,109.0,88.2,107.9,46.3,43.3,24.7,59.5,18.6,23.9,81.2,110.0,68.5,180.3
1,166.9,70.2,57,25.2,1.805,0.26717,0.18075,0.1923,0.19594,0.33776,0.38893,0.62434,0.15364,0.12541,0.16032,0.04052,0.07191,95.8,88.6,94.4,45.1,42.3,26.9,57.0,18.0,22.6,77.7,105.3,65.6,166.9
1,187.8,117.3,62,33.27,2.473,0.2793,0.20184,0.21347,0.219,0.33982,0.39131,0.62815,0.17157,0.13922,0.17918,0.0478,0.07596,117.6,108.2,116.0,51.8,49.2,32.4,63.0,20.3,29.3,86.0,116.5,72.6,187.8
1,166.9,60.5,32,21.71,1.674,0.25523,0.17552,0.18939,0.19066,0.3263,0.37574,0.60316,0.14919,0.12352,0.156,0.03908,0.06848,92.3,86.6,91.1,42.7,40.0,25.9,54.6,17.1,21.6,74.4,100.9,62.9,166.9
1,177.8,69.8,60,22.08,1.856,0.25578,0.19246,0.18116,0.20927,0.3251,0.37436,0.60095,0.16359,0.11815,0.17122,0.03976,0.06874,106.1,86.8,104.9,44.9,42.1,25.1,57.0,18.0,23.1,77.8,105.4,65.7,177.8
1,169.8,81.0,61,28.07,1.954,0.26934,0.19391,0.20117,0.20999,0.33689,0.38793,0.62273,0.16482,0.1312,0.17181,0.04319,0.07271,100.5,90.7,98.9,44.4,41.9,27.7,55.6,17.6,23.6,75.8,102.7,64.0,169.8
1,175.0,60.8,63,19.86,1.72,0.26009,0.17568,0.18609,0.19118,0.33348,0.38401,0.61643,0.14933,0.12137,0.15642,0.03851,0.06973,96.4,88.8,95.3,45.4,42.5,25.5,58.2,18.3,22.2,79.4,107.6,67.1,175.0
1,178.0,72.1,21,22.76,1.888,0.26225,0.18712,0.17914,0.20341,0.33253,0.38292,0.61468,0.15905,0.11683,0.16642,0.03894,0.07053,105.1,87.5,103.8,46.9,44.0,25.3,59.4,18.7,23.0,81.0,109.9,68.4,178.0
1,177.9,86.6,50,27.37,2.069,0.27582,0.18596,0.18937,0.20174,0.34432,0.39649,0.63646,0.15806,0.1235,0.16506,0.04006,0.07449,102.3,90.6,100.9,48.3,45.5,26.9,60.3,19.2,23.2,82.2,111.5,69.4,177.9
1,178.7,72.6,41,22.76,1.899,0.25996,0.19149,0.19301,0.20818,0.32954,0.37947,0.60915,0.16277,0.12587,0.17033,0.04191,0.06992,105.3,92.3,104.0,45.5,42.7,26.7,57.7,18.2,24.3,78.6,106.6,66.4,178.7
1,187.6,85.0,53,24.16,2.105,0.2569,0.19516,0.17813,0.2123,0.32277,0.37167,0.59663,0.16589,0.11617,0.1737,0.04028,0.06926,116.6,92.5,115.3,48.8,46.0,26.3,61.4,19.4,25.3,83.7,113.4,70.7,187.6
1,178.9,89.6,68,27.98,2.11,0.25703,0.19403,0.18887,0.21049,0.32004,0.36853,0.59159,0.16493,0.12317,0.17222,0.04185,0.06947,109.8,92.9,108.3,46.3,43.7,27.6,57.6,18.3,24.9,78.6,106.6,66.4,178.9
1,173.7,80.4,58,26.66,1.97,0.2587,0.1947,0.20438,0.21114,0.32442,0.37357,0.59968,0.1655,0.13329,0.17275,0.04485,0.06978,105.2,96.0,103.7,44.5,41.9,28.8,55.8,17.7,25.5,76.1,103.1,64.2,173.7
1,182.7,87.0,27,26.05,2.101,0.25997,0.19441,0.195,0.2112,0.32521,0.37449,0.60115,0.16525,0.12717,0.1728,0.04336,0.07017,111.8,97.5,110.4,47.6,44.8,28.4,59.5,18.9,26.3,81.2,110.1,68.6,182.7
1,184.4,80.9,53,23.79,2.036,0.26008,0.1934,0.19912,0.21032,0.32766,0.37731,0.60568,0.16439,0.12986,0.17208,0.04474,0.07007,113.7,101.8,112.4,48.7,45.8,29.1,61.3,19.4,27.7,83.6,113.3,70.6,184.4
1,166.3,73.2,37,26.46,1.838,0.2682,0.19587,0.18642,0.21216,0.33781,0.38899,0.62443,0.16649,0.12158,0.17358,0.04102,0.07226,101.5,84.0,99.9,44.2,41.6,25.7,55.7,17.6,22.4,76.0,103.0,64.2,166.3
1,180.0,79.6,58,24.57,1.995,0.25973,0.19146,0.19421,0.20803,0.327,0.37655,0.60446,0.16274,0.12666,0.1702,0.04238,0.06998,107.2,94.5,105.9,46.3,43.5,27.5,58.3,18.4,25.0,79.5,107.7,67.1,180.0
1,180.8,87.6,62,26.81,2.097,0.25865,0.19483,0.20046,0.21153,0.32303,0.37197,0.59712,0.16561,0.13074,0.17307,0.04464,0.06985,111.2,99.5,109.8,47.0,44.3,29.3,58.7,18.6,26.8,80.0,108.5,67.6,180.8
1,173.3,69.7,61,23.23,1.832,0.2511,0.17922,0.17987,0.19467,0.31855,0.36681,0.58883,0.15234,0.11731,0.15927,0.0376,0.06752,97.5,85.1,96.2,43.5,40.8,25.1,55.1,17.4,21.5,75.2,101.9,63.5,173.3
1,185.8,84.1,28,24.35,2.083,0.26147,0.19046,0.19999,0.20712,0.32855,0.37833,0.60732,0.16189,0.13043,0.16947,0.04421,0.07049,112.2,102.4,110.9,49.0,46.1,29.3,61.6,19.5,27.4,84.0,113.8,70.9,185.8
1,174.4,65.6,29,21.57,1.783,0.25083,0.17328,0.18569,0.18839,0.31983,0.36828,0.59119,0.14729,0.1211,0.15414,0.03847,0.06735,96.5,89.9,95.4,44.5,41.7,26.2,56.7,17.8,22.6,77.3,104.8,65.3,174.4
1,176.4,77.5,35,24.9,1.949,0.26866,0.18354,0.17922,0.19929,0.33843,0.38971,0.62559,0.15601,0.11688,0.16305,0.03832,0.07238,102.5,87.0,101.2,47.8,44.9,25.6,60.2,19.0,22.5,82.0,111.2,69.3,176.4
1,174.2,67.3,47,22.16,1.804,0.26172,0.16581,0.18623,0.18022,0.33307,0.38354,0.61568,0.14094,0.12146,0.14745,0.03679,0.07031,90.6,88.5,89.6,45.5,42.7,25.8,58.0,18.2,21.2,79.0,107.1,66.7,174.2
1,175.6,65.3,61,21.18,1.785,0.25201,0.17937,0.18306,0.19508,0.32159,0.37032,0.59446,0.15247,0.11939,0.15961,0.03916,0.06765,101.2,89.8,100.1,45.3,42.4,25.9,57.8,18.2,23.3,78.8,106.8,66.5,175.6
1,167.3,72.8,65,26.02,1.839,0.25676,0.18225,0.18776,0.19749,0.3237,0.37274,0.59835,0.15491,0.12245,0.16158,0.03964,0.06916,96.4,86.3,95.0,43.2,40.6,26.3,54.5,17.2,22.1,74.3,100.7,62.8,167.3
1,164.7,70.1,54,25.84,1.791,0.2538,0.19277,0.1814,0.20882,0.32056,0.36913,0.59254,0.16386,0.11831,0.17085,0.03967,0.06833,99.6,81.5,98.1,41.7,39.2,25.0,52.7,16.7,21.6,71.9,97.5,60.7,164.7
1,187.5,98.9,37,28.15,2.269,0.26374,0.19976,0.20887,0.21704,0.32672,0.37623,0.60394,0.1698,0.13622,0.17758,0.04662,0.07138,115.6,105.1,114.2,48.6,45.9,30.6,60.2,19.2,28.4,82.0,111.2,69.3,187.5
1,169.1,67.1,42,23.46,1.776,0.25541,0.18891,0.20388,0.20506,0.32437,0.37351,0.59959,0.16057,0.13297,0.16777,0.04445,0.06865,100.9,94.7,99.5,43.4,40.7,28.3,55.1,17.4,25.0,75.2,101.9,63.5,169.1
1,168.1,75.2,29,26.61,1.873,0.25386,0.17852,0.18841,0.19341,0.31931,0.36769,0.59023,0.15174,0.12288,0.15824,0.0395,0.06842,96.0,88.2,94.6,43.5,40.9,26.9,54.7,17.3,22.4,74.6,101.1,63.0,168.1
1,159.3,69.0,38,27.18,1.748,0.25562,0.19249,0.20591,0.20814,0.32239,0.37124,0.59593,0.16361,0.13429,0.17029,0.04485,0.06885,96.7,89.9,95.0,40.9,38.4,28.3,51.5,16.3,23.7,70.3,95.3,59.3,159.3
1,170.7,78.0,42,26.75,1.923,0.26257,0.19894,0.18843,0.21562,0.32966,0.37961,0.60938,0.1691,0.12289,0.17642,0.04253,0.0708,107.6,88.6,106.0,45.2,42.6,26.8,56.8,18.0,24.2,77.4,104.9,65.4,170.7
1,165.6,60.6,28,22.11,1.67,0.26312,0.18675,0.18758,0.20279,0.33616,0.38709,0.62138,0.15874,0.12234,0.16592,0.04022,0.07061,96.3,84.2,95.1,43.2,40.5,25.3,55.2,17.3,21.8,75.3,102.0,63.6,165.6
1,187.8,90.3,26,25.6,2.17,0.26029,0.19356,0.20212,0.21047,0.32532,0.37461,0.60134,0.16453,0.13182,0.17221,0.04503,0.07028,114.8,104.2,113.5,49.1,46.3,29.9,61.4,19.5,28.1,83.7,113.5,70.7,187.8
1,183.1,88.6,67,26.43,2.123,0.26326,0.18368,0.18985,0.19952,0.32884,0.37866,0.60785,0.15613,0.12381,0.16325,0.04166,0.07109,110.1,99.0,108.7,50.2,47.4,28.9,62.8,19.9,26.3,85.6,116.0,72.3,183.1
1,170.3,72.7,42,25.06,1.855,0.26618,0.19337,0.20025,0.20975,0.33611,0.38703,0.62129,0.16436,0.1306,0.17162,0.04239,0.07166,98.0,88.3,96.7,43.0,40.4,26.5,54.2,17.1,22.6,74.0,100.3,62.5,170.3
1,192.4,67.7,52,18.3,1.903,0.25846,0.1837,0.18654,0.20028,0.33109,0.38125,0.61201,0.15615,0.12165,0.16386,0.04023,0.06931,110.8,97.8,109.8,49.6,46.4,26.3,63.6,19.9,25.5,86.7,117.5,73.2,192.4
1,182.9,85.7,69,25.64,2.087,0.26264,0.18092,0.2112,0.19658,0.329,0.37884,0.60815,0.15378,0.13774,0.16084,0.04448,0.07087,103.8,105.4,102.5,48.0,45.2,30.6,60.1,19.1,26.9,81.9,111.1,69.2,182.9
1,173.1,104.5,49,34.88,2.241,0.26103,0.19413,0.21238,0.20972,0.31882,0.36713,0.58933,0.16501,0.13851,0.17159,0.04682,0.07091,108.0,102.8,106.1,46.2,43.9,32.0,56.5,18.1,27.4,77.0,104.4,65.0,173.1
1,156.8,58.3,66,23.71,1.593,0.24938,0.16846,0.17832,0.18253,0.31825,0.36647,0.58827,0.14319,0.11629,0.14934,0.03589,0.06694,84.8,78.1,83.6,40.0,37.5,24.4,51.0,16.0,19.0,69.6,94.3,58.7,156.8
1,192.7,83.3,31,22.44,2.112,0.26122,0.18169,0.18898,0.19787,0.3295,0.37942,0.60907,0.15443,0.12325,0.16189,0.04033,0.07035,110.1,99.6,109.0,50.4,47.4,27.6,63.6,20.1,25.7,86.7,117.5,73.2,192.7
1,165.1,72.1,18,26.47,1.819,0.26198,0.19186,0.21468,0.20776,0.33017,0.38019,0.61031,0.16308,0.14001,0.16999,0.04659,0.07057,99.0,96.3,97.5,43.0,40.5,29.6,54.2,17.2,25.3,74.0,100.2,62.4,165.1
1,163.2,69.8,34,26.23,1.779,0.26208,0.19142,0.19618,0.20725,0.33086,0.38099,0.61159,0.1627,0.12794,0.16957,0.04231,0.07057,97.1,86.5,95.6,42.3,39.8,26.7,53.4,16.9,22.6,72.8,98.7,61.5,163.2
1,183.2,100.4,42,29.93,2.26,0.26139,0.19691,0.20188,0.21364,0.32257,0.37145,0.59627,0.16737,0.13166,0.1748,0.04482,0.07082,112.9,100.7,111.4,47.7,45.1,29.9,58.9,18.8,27.0,80.3,108.8,67.8,183.2
1,193.8,77.8,25,20.72,2.047,0.24719,0.18095,0.17513,0.19717,0.31364,0.36116,0.57976,0.15381,0.11422,0.16132,0.03781,0.06646,112.2,94.4,111.1,48.8,45.8,25.8,61.9,19.5,24.7,84.4,114.4,71.3,193.8
1,185.9,96.5,22,27.93,2.232,0.25449,0.17555,0.18027,0.19069,0.31577,0.36361,0.5837,0.14922,0.11757,0.15602,0.03817,0.06885,106.5,95.1,105.2,49.2,46.4,27.8,61.0,19.4,24.4,83.2,112.7,70.2,185.9
1,179.7,88.3,22,27.35,2.1,0.26205,0.18886,0.2019,0.20496,0.32685,0.37638,0.60418,0.16053,0.13168,0.16769,0.04377,0.07079,106.8,99.3,105.4,47.2,44.5,29.4,58.8,18.7,26.1,80.2,108.8,67.7,179.7
1,180.0,79.3,58,24.5,1.992,0.25892,0.18169,0.1963,0.19741,0.32607,0.37547,0.60273,0.15444,0.12802,0.16152,0.04177,0.06976,103.6,97.3,102.3,47.0,44.2,28.3,59.2,18.7,25.1,80.7,109.3,68.1,180.0
1,181.9,87.1,52,26.33,2.098,0.25839,0.18284,0.19065,0.19858,0.32305,0.37199,0.59715,0.15541,0.12434,0.16247,0.04101,0.06976,106.5,96.6,105.2,47.9,45.1,28.2,59.9,19.0,25.1,81.7,110.7,69.0,181.9
1,181.2,95.9,36,29.21,2.197,0.26695,0.20036,0.20633,0.21735,0.33061,0.3807,0.61112,0.1703,0.13456,0.17783,0.0461,0.07225,112.7,100.9,111.1,47.8,45.1,30.0,59.2,18.9,27.3,80.7,109.4,68.1,181.2
1,177.6,90.0,40,28.53,2.107,0.25796,0.18326,0.18755,0.19871,0.32083,0.36944,0.59305,0.15577,0.12231,0.16258,0.04031,0.06974,104.7,93.2,103.2,46.9,44.3,27.9,58.4,18.6,24.2,79.6,107.9,67.2,177.6
1,176.3,65.5,26,21.08,1.791,0.25652,0.17957,0.18697,0.19532,0.32737,0.37697,0.60514,0.15263,0.12194,0.1598,0.03908,0.06886,98.5,89.2,97.4,44.8,42.0,25.7,57.2,18.0,22.6,78.0,105.7,65.8,176.3
1,175.0,86.7,47,28.3,2.053,0.26707,0.17602,0.19996,0.19079,0.33287,0.3833,0.6153,0.14962,0.13041,0.1561,0.04163,0.07216,98.9,97.7,97.4,47.8,45.0,29.4,59.5,18.9,24.6,81.2,110.0,68.5,175.0
1,169.8,71.5,67,24.79,1.837,0.25739,0.18441,0.1876,0.20004,0.32537,0.37467,0.60145,0.15674,0.12235,0.16367,0.03985,0.06928,98.2,86.9,96.8,43.6,41.0,26.1,55.2,17.4,22.3,75.2,101.9,63.5,169.8
1,173.4,76.1,33,25.3,1.914,0.26364,0.18349,0.20921,0.1991,0.33214,0.38246,0.61396,0.15596,0.13644,0.1629,0.04392,0.07102,98.6,97.7,97.2,45.1,42.4,29.1,56.8,18.0,24.8,77.4,105.0,65.4,173.4
1,162.8,67.1,50,25.3,1.742,0.25552,0.1847,0.18363,0.20008,0.32357,0.3726,0.59812,0.157,0.11976,0.16371,0.03909,0.06874,94.9,82.1,93.5,41.8,39.3,25.3,52.9,16.7,21.2,72.2,97.9,61.0,162.8
1,174.8,74.7,19,24.47,1.905,0.26404,0.18532,0.19875,0.20121,0.33335,0.38386,0.6162,0.15752,0.12962,0.16463,0.04178,0.07109,99.2,92.5,97.9,45.0,42.3,27.3,56.8,18.0,23.5,77.5,105.0,65.4,174.8
1,168.1,84.6,31,29.93,1.987,0.27291,0.19905,0.21535,0.21527,0.33966,0.39112,0.62786,0.16919,0.14044,0.17613,0.0469,0.07377,102.2,96.1,100.5,44.6,42.1,29.7,55.5,17.7,25.3,75.7,102.6,63.9,168.1
1,167.2,69.1,63,24.72,1.792,0.26106,0.18497,0.19069,0.20058,0.3305,0.38057,0.61092,0.15723,0.12436,0.16411,0.04051,0.07024,96.8,86.8,95.5,43.5,40.9,26.3,55.1,17.4,22.3,75.1,101.8,63.4,167.2
1,176.8,66.2,18,21.16,1.803,0.25841,0.19206,0.18466,0.2089,0.32962,0.37957,0.6093,0.16325,0.12043,0.17092,0.04069,0.06938,105.8,88.5,104.7,45.3,42.5,25.5,57.8,18.2,23.6,78.9,106.9,66.6,176.8
1,185.9,81.6,43,23.59,2.053,0.26459,0.19238,0.18391,0.20927,0.33335,0.38386,0.61619,0.16353,0.11994,0.17122,0.04027,0.07128,110.6,92.0,109.4,48.4,45.5,26.2,61.0,19.3,24.4,83.2,112.8,70.3,185.9
1,182.4,85.5,42,25.71,2.081,0.26177,0.18027,0.20847,0.19585,0.32791,0.37759,0.60613,0.15323,0.13596,0.16024,0.04356,0.07063,102.5,103.0,101.2,47.4,44.6,30.0,59.3,18.8,26.1,80.9,109.7,68.3,182.4
1,163.7,80.7,33,30.1,1.915,0.26851,0.18617,0.20175,0.20113,0.33483,0.38557,0.61893,0.15825,0.13157,0.16456,0.0424,0.07254,95.1,89.6,93.4,43.7,41.2,28.1,54.5,17.3,22.8,74.3,100.7,62.7,163.7
1,168.1,77.4,32,27.4,1.901,0.27168,0.18801,0.19944,0.2036,0.34086,0.39251,0.63008,0.15981,0.13007,0.16658,0.04302,0.07328,100.1,92.3,98.5,46.0,43.3,28.2,57.7,18.3,24.1,78.7,106.7,66.5,168.1
1,182.6,73.4,43,22.03,1.93,0.24909,0.17398,0.18787,0.18928,0.31602,0.3639,0.58416,0.14788,0.12252,0.15487,0.0394,0.06698,102.4,96.1,101.3,46.7,43.8,27.3,59.2,18.7,24.4,80.7,109.4,68.2,182.6
1,168.1,102.7,64,36.33,2.19,0.26699,0.1804,0.20696,0.19448,0.32566,0.37501,0.60199,0.15334,0.13497,0.15912,0.04303,0.07256,97.3,97.1,95.4,45.8,43.5,30.8,55.9,18.0,24.4,76.3,103.4,64.4,168.1
1,173.8,78.7,61,26.04,1.949,0.27226,0.20285,0.20039,0.22005,0.3421,0.39393,0.63237,0.17242,0.13069,0.18004,0.04456,0.0734,106.9,91.9,105.5,45.7,43.0,27.4,57.4,18.2,24.7,78.3,106.1,66.1,173.8
1,179.6,97.8,33,30.3,2.209,0.2721,0.20097,0.21811,0.21785,0.33603,0.38694,0.62115,0.17082,0.14225,0.17824,0.04895,0.0737,112.9,106.5,111.2,48.6,46.0,32.0,60.1,19.2,28.9,81.9,111.0,69.2,179.6
1,168.2,69.2,31,24.46,1.799,0.26324,0.18713,0.18109,0.20298,0.33337,0.38388,0.61622,0.15906,0.1181,0.16607,0.03906,0.07082,99.3,83.5,97.9,44.5,41.7,25.2,56.3,17.8,21.8,76.8,104.1,64.8,168.2
1,176.3,84.3,46,27.11,2.031,0.27,0.19036,0.21892,0.20649,0.33763,0.38879,0.62411,0.16181,0.14277,0.16894,0.04697,0.07289,103.5,103.5,102.0,46.7,44.0,30.8,58.4,18.5,26.9,79.7,108.0,67.3,176.3
1,165.5,77.7,41,28.39,1.891,0.26032,0.19041,0.19034,0.20599,0.32603,0.37543,0.60266,0.16185,0.12413,0.16853,0.04139,0.07025,100.1,87.0,98.5,43.6,41.0,26.9,54.6,17.3,22.9,74.4,100.9,62.8,165.5
1,171.0,87.8,64,30.05,2.043,0.26568,0.1912,0.19551,0.2069,0.32999,0.37999,0.60999,0.16252,0.1275,0.16929,0.04202,0.07185,101.8,90.5,100.2,45.0,42.5,27.8,55.9,17.8,23.6,76.3,103.4,64.4,171.0
1,177.9,92.8,32,29.33,2.142,0.26232,0.19536,0.20474,0.21178,0.32533,0.37462,0.60136,0.16606,0.13352,0.17327,0.04519,0.07097,109.1,99.4,107.5,46.6,44.0,29.8,57.8,18.4,26.6,78.8,106.9,66.6,177.9
1,163.6,76.3,36,28.53,1.862,0.26463,0.18599,0.21728,0.20111,0.33163,0.38188,0.61302,0.15809,0.14171,0.16455,0.04576,0.0714,94.9,96.4,93.3,43.0,40.5,30.0,53.9,17.1,24.6,73.5,99.6,62.0,163.6
1,178.8,76.3,25,23.87,1.947,0.25334,0.1933,0.17565,0.21005,0.3199,0.36837,0.59133,0.16431,0.11455,0.17186,0.03909,0.06821,109.1,86.2,107.8,45.5,42.8,25.1,57.5,18.2,23.2,78.4,106.3,66.2,178.8
1,175.4,70.6,51,22.97,1.855,0.25333,0.1727,0.18461,0.18766,0.32136,0.37005,0.59403,0.1468,0.1204,0.15354,0.03802,0.06812,96.5,89.7,95.4,45.1,42.3,26.2,57.2,18.0,22.4,78.0,105.7,65.8,175.4
1,179.6,84.9,19,26.31,2.058,0.26614,0.19427,0.19819,0.21091,0.33314,0.38362,0.61581,0.16513,0.12925,0.17257,0.0443,0.07183,111.0,98.5,109.6,48.4,45.6,29.0,60.6,19.2,26.6,82.6,112.0,69.8,179.6
1,177.2,90.4,44,28.79,2.109,0.2629,0.19093,0.19991,0.207,0.32676,0.37627,0.60402,0.16229,0.13038,0.16936,0.04384,0.07109,107.5,97.9,106.0,47.1,44.5,29.4,58.6,18.7,26.0,79.9,108.3,67.5,177.2
1,185.7,83.5,27,24.21,2.076,0.26715,0.18475,0.19633,0.20092,0.33588,0.38677,0.62086,0.15703,0.12804,0.16439,0.04216,0.07201,107.8,99.6,106.6,49.6,46.7,28.5,62.4,19.8,25.9,85.1,115.3,71.8,185.7
1,176.4,91.4,52,29.36,2.117,0.26733,0.19013,0.19271,0.20605,0.33177,0.38204,0.61327,0.16161,0.12568,0.16858,0.04242,0.07232,107.9,95.1,106.3,48.3,45.6,28.7,59.9,19.1,25.3,81.7,110.8,69.0,176.4
1,172.3,92.4,40,31.12,2.102,0.26089,0.19605,0.19743,0.21211,0.32268,0.37157,0.59647,0.16665,0.12876,0.17354,0.04401,0.07064,108.1,94.7,106.4,45.8,43.3,29.1,56.7,18.1,25.6,77.3,104.7,65.2,172.3
1,176.4,67.9,66,21.81,1.824,0.26085,0.19019,0.18524,0.2068,0.33204,0.38235,0.61377,0.16166,0.12081,0.1692,0.04064,0.07007,105.2,89.1,104.0,45.9,43.1,25.8,58.5,18.4,23.7,79.7,108.1,67.3,176.4
1,179.6,71.2,25,22.08,1.884,0.25776,0.18459,0.17839,0.20075,0.32738,0.37698,0.60516,0.1569,0.11634,0.16425,0.03838,0.06928,104.3,87.7,103.2,46.4,43.5,25.2,58.9,18.6,22.8,80.3,108.9,67.8,179.6
1,175.9,75.8,45,24.51,1.924,0.25803,0.18183,0.19218,0.19745,0.32556,0.37489,0.6018,0.15456,0.12534,0.16155,0.04051,0.06949,100.2,92.1,98.9,45.3,42.5,27.1,57.1,18.0,23.5,77.9,105.5,65.7,175.9
1,175.8,81.0,40,26.21,1.989,0.25785,0.18903,0.19266,0.2051,0.32349,0.37251,0.59797,0.16067,0.12565,0.16781,0.04177,0.06955,104.5,92.6,103.1,45.4,42.7,27.5,56.9,18.0,24.3,77.6,105.2,65.5,175.8
1,170.2,67.0,21,23.13,1.781,0.27405,0.2006,0.19112,0.21782,0.34824,0.40101,0.64372,0.17051,0.12464,0.17822,0.04231,0.07365,103.4,85.6,102.0,45.0,42.2,25.5,57.1,18.0,23.0,77.9,105.6,65.8,170.2
1,170.5,89.1,31,30.66,2.055,0.26776,0.20269,0.20769,0.21925,0.33201,0.38231,0.61371,0.17229,0.13545,0.17938,0.04671,0.07245,108.4,96.6,106.6,45.6,43.0,29.7,56.5,18.0,26.3,77.1,104.5,65.1,170.5
1,165.0,72.6,59,26.67,1.824,0.27013,0.19158,0.17929,0.20744,0.34024,0.39179,0.62893,0.16284,0.11693,0.16972,0.03916,0.07278,99.9,81.3,98.3,44.8,42.2,25.0,56.5,17.9,21.5,77.0,104.4,65.0,165.0
1,188.6,89.6,46,25.18,2.166,0.26928,0.19434,0.19476,0.21138,0.33693,0.38798,0.6228,0.16519,0.12702,0.17294,0.04336,0.07268,115.0,100.2,113.7,50.7,47.8,28.6,63.5,20.1,27.0,86.5,117.3,73.1,188.6
1,166.2,55.7,18,20.18,1.604,0.25688,0.18488,0.19998,0.20102,0.33015,0.38017,0.61028,0.15715,0.13042,0.16447,0.04251,0.06882,95.1,89.4,94.0,42.0,39.3,26.6,54.0,16.9,23.0,73.7,99.9,62.2,166.2
1,170.3,59.6,21,20.55,1.679,0.26163,0.18561,0.17385,0.20183,0.3353,0.3861,0.61979,0.15777,0.11338,0.16513,0.03755,0.07015,99.4,80.9,98.2,44.6,41.7,23.7,57.1,17.9,21.2,77.9,105.6,65.8,170.3
1,170.1,75.5,49,26.11,1.889,0.26328,0.18699,0.20644,0.20271,0.33136,0.38156,0.61251,0.15894,0.13463,0.16586,0.04393,0.07095,98.9,95.0,97.5,44.3,41.7,28.7,55.8,17.7,24.5,76.1,103.1,64.2,170.1
1,182.2,60.3,50,18.18,1.748,0.26436,0.17143,0.1802,0.18679,0.34004,0.39156,0.62856,0.14572,0.11752,0.15283,0.03664,0.07081,97.6,89.2,96.6,47.9,44.8,24.7,61.6,19.3,21.9,84.0,113.9,70.9,182.2
1,173.3,87.5,66,29.13,2.052,0.26152,0.1923,0.19616,0.20828,0.32537,0.37466,0.60144,0.16345,0.12793,0.17041,0.04288,0.0707,105.1,93.3,103.5,45.5,43.0,28.3,56.6,18.0,24.7,77.2,104.7,65.2,173.3
1,184.9,83.5,43,24.44,2.071,0.25749,0.18343,0.18381,0.19944,0.32359,0.37262,0.59815,0.15591,0.11988,0.16318,0.03919,0.06942,106.3,92.7,105.1,47.5,44.7,26.6,59.7,18.9,23.9,81.4,110.4,68.8,184.9
1,170.4,118.3,34,40.71,2.366,0.27681,0.20748,0.23402,0.22341,0.33254,0.38292,0.61469,0.17636,0.15262,0.18279,0.05156,0.07553,108.5,106.4,106.2,46.1,43.9,34.1,55.4,17.9,28.4,75.5,102.3,63.7,170.4
1,177.6,111.6,56,35.38,2.346,0.26835,0.19937,0.23062,0.21561,0.32627,0.37571,0.60311,0.16947,0.1504,0.17641,0.05095,0.07299,110.8,111.5,109.0,47.5,45.1,34.4,57.7,18.6,29.8,78.7,106.7,66.5,177.6
1,169.2,69.8,40,24.36,1.811,0.25244,0.19579,0.18449,0.21242,0.31966,0.36809,0.59088,0.16642,0.12032,0.1738,0.04158,0.06791,105.7,86.6,104.2,43.4,40.7,26.0,54.9,17.3,23.6,74.9,101.5,63.2,169.2
1,191.6,90.4,49,24.63,2.194,0.25933,0.18904,0.19406,0.20573,0.32466,0.37385,0.60012,0.16068,0.12656,0.16832,0.04261,0.06999,114.3,102.1,113.1,49.9,47.0,28.8,62.5,19.8,27.1,85.2,115.5,72.0,191.6
1,166.6,80.6,69,29.06,1.932,0.26021,0.18727,0.20165,0.20256,0.32501,0.37425,0.60077,0.15918,0.13151,0.16573,0.04395,0.07027,101.2,94.8,99.5,44.8,42.2,29.3,55.9,17.8,25.0,76.3,103.4,64.4,166.6
1,177.8,102.2,32,32.31,2.247,0.27896,0.19156,0.21352,0.20741,0.34256,0.39446,0.63321,0.16283,0.13925,0.1697,0.0462,0.07568,106.8,103.5,105.1,49.5,46.9,31.5,60.8,19.5,27.1,82.9,112.4,70.0,177.8
1,180.3,63.6,30,19.58,1.785,0.25572,0.17292,0.17353,0.18828,0.32754,0.37717,0.60546,0.14698,0.11317,0.15404,0.03508,0.06858,96.0,83.8,95.1,45.2,42.3,23.6,57.9,18.2,20.5,79.0,107.0,66.7,180.3
1,178.6,61.1,19,19.15,1.741,0.25829,0.17072,0.17737,0.1859,0.33153,0.38176,0.61283,0.14512,0.11568,0.1521,0.03661,0.06922,97.8,88.3,96.8,47.1,44.0,24.9,60.4,18.9,22.1,82.4,111.7,69.6,178.6
1,174.1,69.1,36,22.8,1.828,0.25794,0.19178,0.19954,0.20838,0.32758,0.37721,0.60553,0.16302,0.13013,0.17049,0.04392,0.06934,104.7,94.7,103.4,44.8,42.0,27.8,56.9,17.9,25.2,77.6,105.2,65.5,174.1
1,174.5,83.2,41,27.31,2.008,0.2696,0.19501,0.20069,0.21144,0.33721,0.3883,0.62332,0.16576,0.13088,0.173,0.0439,0.07277,105.4,94.3,103.9,46.4,43.7,28.3,58.0,18.4,25.0,79.1,107.2,66.8,174.5
1,175.8,83.4,62,26.96,2.018,0.25916,0.19656,0.17877,0.2132,0.32431,0.37344,0.59947,0.16707,0.11659,0.17444,0.03934,0.06995,106.8,84.5,105.3,44.8,42.2,25.2,56.1,17.8,22.5,76.5,103.7,64.6,175.8
1,174.4,89.4,41,29.38,2.081,0.27356,0.20141,0.20982,0.21817,0.33986,0.39135,0.62823,0.1712,0.13684,0.17851,0.04664,0.07398,108.3,98.1,106.6,46.8,44.2,29.7,58.2,18.5,26.4,79.3,107.5,67.0,174.4
1,182.7,69.8,28,20.91,1.882,0.24174,0.17368,0.17852,0.18904,0.30789,0.35454,0.56913,0.14763,0.11643,0.15467,0.03753,0.06493,102.6,91.7,101.5,45.4,42.6,25.9,57.9,18.2,23.3,78.9,107.0,66.7,182.7
1,192.1,65.2,39,17.68,1.866,0.26055,0.18701,0.1675,0.20392,0.33459,0.38528,0.61848,0.15896,0.10924,0.16684,0.03651,0.06982,112.0,87.2,111.0,49.7,46.5,23.4,63.8,20.0,23.0,87.0,117.9,73.4,192.1
1,171.3,83.5,32,28.47,1.994,0.25974,0.18349,0.18229,0.19873,0.32421,0.37333,0.59929,0.15597,0.11888,0.1626,0.03904,0.07015,101.0,87.3,99.5,45.5,42.9,26.6,56.8,18.1,22.6,77.5,105.0,65.4,171.3
1,165.2,60.3,27,22.1,1.664,0.25537,0.18581,0.18868,0.20176,0.3263,0.37574,0.60316,0.15794,0.12305,0.16508,0.04103,0.06853,97.9,86.5,96.7,42.8,40.1,26.0,54.7,17.2,22.8,74.6,101.2,63.0,165.2
1,174.8,56.5,58,18.49,1.657,0.25551,0.18167,0.17502,0.19783,0.32915,0.37903,0.60844,0.15442,0.11414,0.16186,0.03698,0.06841,98.6,82.6,97.6,44.1,41.2,23.5,56.8,17.8,21.1,77.5,105.1,65.5,174.8
1,194.8,97.1,44,25.58,2.293,0.26847,0.18142,0.19181,0.19749,0.33442,0.38509,0.61817,0.15421,0.1251,0.16158,0.04068,0.07255,110.8,101.9,109.6,52.2,49.2,28.7,65.0,20.7,26.2,88.6,120.2,74.9,194.8
1,169.5,81.0,26,28.19,1.952,0.26885,0.18836,0.20076,0.20395,0.3362,0.38714,0.62147,0.16011,0.13093,0.16687,0.04274,0.07258,99.2,91.9,97.7,45.1,42.5,28.1,56.4,17.9,23.7,76.9,104.2,64.9,169.5
1,187.8,86.7,69,24.57,2.126,0.25832,0.17586,0.18702,0.19128,0.32403,0.37313,0.59897,0.14948,0.12197,0.1565,0.03916,0.06967,105.2,97.3,104.0,49.2,46.3,27.7,61.7,19.6,24.7,84.2,114.1,71.1,187.8
1,188.1,82.7,45,23.37,2.078,0.27136,0.19737,0.19695,0.21477,0.34183,0.39362,0.63186,0.16776,0.12845,0.17572,0.04381,0.07311,114.1,99.0,112.9,49.9,47.0,28.0,62.9,19.9,26.7,85.8,116.3,72.4,188.1
1,171.3,71.7,18,24.44,1.848,0.26313,0.18719,0.19126,0.20315,0.33277,0.38319,0.61512,0.15911,0.12474,0.16621,0.04089,0.07081,99.7,88.6,98.4,44.6,41.9,26.4,56.4,17.8,22.9,77.0,104.3,65.0,171.3
1,179.8,76.5,34,23.67,1.955,0.26757,0.17559,0.18416,0.19084,0.33794,0.38914,0.62467,0.14925,0.12011,0.15614,0.03765,0.07203,97.9,89.3,96.7,47.5,44.6,25.8,60.0,18.9,22.1,81.8,110.8,69.0,179.8
1,187.7,72.0,48,20.45,1.938,0.25435,0.18101,0.17832,0.19715,0.32384,0.3729,0.59861,0.15386,0.11629,0.1613,0.03841,0.06832,108.5,92.9,107.4,48.5,45.5,25.8,61.8,19.4,24.2,84.3,114.2,71.2,187.7
1,172.7,67.0,61,22.48,1.793,0.26511,0.18295,0.19337,0.19878,0.33725,0.38835,0.62341,0.15551,0.12611,0.16264,0.04059,0.07123,97.5,89.6,96.3,45.0,42.2,26.3,57.2,18.0,22.8,78.0,105.8,65.9,172.7
1,174.0,81.9,27,27.06,1.99,0.26531,0.18048,0.19676,0.19569,0.33221,0.38255,0.61409,0.1534,0.12832,0.16011,0.04126,0.07159,99.1,94.0,97.7,46.4,43.7,28.2,58.1,18.4,23.9,79.2,107.3,66.9,174.0
1,171.1,76.9,54,26.27,1.912,0.258,0.19574,0.19251,0.21221,0.32437,0.37352,0.5996,0.16638,0.12555,0.17363,0.04301,0.06955,106.2,90.8,104.7,44.6,41.9,27.4,56.0,17.7,24.6,76.4,103.6,64.5,171.1
1,167.9,72.3,46,25.67,1.837,0.25749,0.18898,0.20977,0.20484,0.32488,0.3741,0.60053,0.16063,0.13681,0.1676,0.04501,0.06934,98.7,95.3,97.3,42.8,40.3,28.9,54.0,17.1,24.8,73.7,99.9,62.2,167.9
1,170.6,62.8,35,21.56,1.725,0.26209,0.18102,0.19127,0.19674,0.33472,0.38544,0.61873,0.15387,0.12474,0.16097,0.04013,0.07034,96.2,88.4,95.0,44.3,41.5,26.0,56.6,17.8,22.4,77.2,104.7,65.2,170.6
1,166.3,67.4,64,24.36,1.764,0.26306,0.17992,0.19358,0.19512,0.33356,0.3841,0.61658,0.15293,0.12625,0.15964,0.04079,0.07074,95.2,89.1,93.9,44.3,41.6,27.0,56.2,17.7,22.7,76.6,103.9,64.7,166.3
1,175.8,55.8,55,18.06,1.65,0.26534,0.17376,0.18154,0.18928,0.34221,0.39406,0.63258,0.1477,0.1184,0.15486,0.03655,0.07101,93.1,84.6,92.2,45.2,42.3,23.9,58.3,18.2,20.6,79.6,107.9,67.2,175.8
1,169.7,74.1,56,25.71,1.869,0.27065,0.18458,0.20038,0.20013,0.34114,0.39283,0.63059,0.15689,0.13068,0.16374,0.04174,0.07291,95.8,90.4,94.4,44.7,42.0,27.3,56.4,17.8,22.8,76.9,104.2,64.9,169.7
1,177.3,97.4,66,31.01,2.19,0.26968,0.20577,0.20538,0.22288,0.33271,0.38313,0.61502,0.17491,0.13394,0.18236,0.04661,0.07307,113.6,98.6,111.8,47.4,44.8,29.9,58.4,18.7,27.1,79.7,108.0,67.3,177.3
1,163.8,53.9,23,20.06,1.565,0.26191,0.17645,0.18632,0.19182,0.33704,0.38811,0.62301,0.14998,0.12151,0.15694,0.03843,0.07014,90.2,82.9,89.2,42.6,39.9,24.8,54.9,17.2,20.7,74.8,101.4,63.2,163.8
1,178.0,72.6,57,22.92,1.895,0.26071,0.18529,0.18891,0.2014,0.3304,0.38046,0.61074,0.15749,0.1232,0.16478,0.04047,0.07012,103.1,91.4,101.9,46.2,43.4,26.5,58.5,18.5,23.7,79.8,108.2,67.4,178.0
1,181.8,86.9,29,26.29,2.094,0.25542,0.17424,0.19447,0.18924,0.3194,0.3678,0.59041,0.1481,0.12683,0.15483,0.04052,0.06895,101.9,98.9,100.6,47.5,44.8,28.9,59.4,18.9,24.9,81.0,109.9,68.4,181.8
1,160.5,77.8,31,30.2,1.863,0.27054,0.1845,0.20293,0.19916,0.33787,0.38906,0.62454,0.15683,0.13234,0.16295,0.04241,0.07306,92.9,88.9,91.2,43.4,40.9,28.1,54.2,17.2,22.5,73.8,100.1,62.4,160.5
1,178.3,74.4,61,23.4,1.92,0.25848,0.1887,0.19012,0.20507,0.32699,0.37653,0.60443,0.16039,0.12399,0.16779,0.04137,0.06956,105.5,92.5,104.3,46.0,43.2,26.8,58.2,18.4,24.4,79.4,107.6,67.0,178.3
1,184.7,77.0,27,22.56,1.987,0.26318,0.18526,0.20978,0.20156,0.33297,0.38342,0.61549,0.15747,0.13681,0.16492,0.04554,0.07082,108.4,106.8,107.3,49.0,46.1,30.3,62.0,19.6,28.1,84.6,114.7,71.4,184.7
1,166.4,51.6,37,18.63,1.544,0.25994,0.18455,0.17133,0.20085,0.33573,0.3866,0.6206,0.15686,0.11174,0.16433,0.03709,0.06954,96.9,78.3,95.9,43.5,40.6,23.0,56.1,17.5,20.5,76.5,103.8,64.6,166.4
1,188.0,89.9,32,25.42,2.167,0.25736,0.1904,0.18455,0.20705,0.32182,0.37058,0.59488,0.16184,0.12036,0.16941,0.04159,0.06948,116.6,98.3,115.3,50.2,47.3,28.1,62.8,19.9,26.8,85.6,116.0,72.3,188.0
1,178.6,108.5,48,34.0,2.32,0.25927,0.1965,0.2166,0.21267,0.31646,0.36441,0.58497,0.16702,0.14126,0.174,0.0482,0.07045,112.1,107.5,110.3,47.1,44.7,32.9,57.5,18.5,29.0,78.4,106.2,66.2,178.6
1,170.2,75.6,24,26.09,1.891,0.26598,0.19295,0.19233,0.20918,0.33474,0.38546,0.61877,0.16401,0.12543,0.17115,0.04179,0.07167,101.8,88.2,100.3,44.7,42.0,26.6,56.2,17.8,23.2,76.6,103.9,64.7,170.2
1,175.1,76.5,58,24.94,1.928,0.26755,0.18984,0.1955,0.20609,0.3372,0.38829,0.62331,0.16137,0.1275,0.16862,0.04179,0.07207,101.8,91.1,100.4,45.7,42.9,27.0,57.5,18.2,23.6,78.5,106.4,66.3,175.1
1,179.7,84.8,27,26.27,2.057,0.25729,0.19847,0.18561,0.21548,0.3221,0.37091,0.5954,0.1687,0.12105,0.1763,0.04222,0.06944,113.6,92.4,112.2,46.9,44.2,27.2,58.7,18.6,25.4,80.1,108.5,67.6,179.7
1,176.1,77.5,27,24.99,1.946,0.26347,0.19403,0.19745,0.21065,0.33185,0.38213,0.61342,0.16492,0.12877,0.17235,0.04365,0.07098,107.0,94.7,105.6,46.3,43.5,27.9,58.3,18.4,25.3,79.5,107.7,67.1,176.1
1,179.5,71.4,65,22.15,1.887,0.26823,0.18731,0.1943,0.2037,0.3406,0.3922,0.62959,0.15921,0.12672,0.16666,0.04169,0.07211,103.9,93.8,102.8,47.4,44.5,26.9,60.2,19.0,24.3,82.0,111.2,69.3,179.5
1,168.6,80.5,56,28.32,1.942,0.25941,0.19028,0.19493,0.20598,0.32442,0.37358,0.59969,0.16174,0.12713,0.16853,0.04235,0.07003,101.6,90.5,100.0,44.1,41.5,27.7,55.1,17.5,23.8,75.2,101.9,63.5,168.6
1,176.8,80.9,45,25.89,1.993,0.26464,0.1987,0.20294,0.21566,0.3322,0.38254,0.61408,0.16889,0.13235,0.17645,0.04535,0.07137,109.2,97.0,107.8,46.3,43.6,28.7,58.1,18.4,26.2,79.3,107.5,66.9,176.8
1,164.9,68.2,47,25.09,1.768,0.2593,0.18839,0.17667,0.20418,0.32824,0.37798,0.60675,0.16013,0.11522,0.16705,0.0381,0.06976,97.6,79.6,96.2,42.8,40.2,24.3,54.2,17.1,20.8,73.8,100.1,62.4,164.9
1,174.7,66.0,54,21.62,1.789,0.26964,0.19366,0.18315,0.21056,0.34371,0.39579,0.63534,0.16462,0.11945,0.17228,0.04025,0.07241,104.4,85.9,103.2,46.3,43.4,25.0,59.0,18.5,22.8,80.4,109.0,67.9,174.7
1,168.7,86.6,20,30.43,2.015,0.25922,0.17752,0.19846,0.19196,0.32199,0.37077,0.59519,0.15089,0.12943,0.15706,0.04119,0.07011,95.9,93.3,94.3,44.6,42.1,28.8,55.4,17.6,23.4,75.5,102.4,63.8,168.7
1,170.0,79.9,67,27.65,1.942,0.25274,0.18935,0.18539,0.2051,0.31652,0.36448,0.58508,0.16095,0.12091,0.16781,0.04048,0.0682,102.8,87.5,101.2,43.7,41.1,26.6,54.7,17.4,23.1,74.6,101.1,63.0,170.0
1,184.8,78.6,60,23.04,2.009,0.25412,0.18343,0.17789,0.19954,0.32096,0.36959,0.59328,0.15591,0.11601,0.16326,0.03793,0.06841,106.0,89.4,104.9,46.8,43.9,25.4,59.1,18.7,23.1,80.5,109.2,68.0,184.8
1,183.7,98.1,32,29.09,2.238,0.26904,0.20526,0.20201,0.22279,0.33287,0.38331,0.61531,0.17447,0.13174,0.18228,0.04636,0.07284,118.3,101.2,116.7,49.3,46.6,29.9,61.1,19.5,28.1,83.3,112.9,70.3,183.7
1,180.1,75.3,38,23.23,1.941,0.25673,0.19348,0.19505,0.21033,0.3247,0.3739,0.60021,0.16446,0.12721,0.17209,0.04337,0.06909,109.5,96.0,108.3,46.3,43.5,27.7,58.5,18.5,25.8,79.8,108.2,67.4,180.1
1,167.3,62.3,69,22.26,1.702,0.26434,0.1833,0.1963,0.19906,0.3373,0.38841,0.6235,0.15581,0.12802,0.16287,0.04148,0.07096,95.5,89.0,94.3,43.8,41.1,26.6,55.9,17.6,22.8,76.3,103.4,64.4,167.3
1,173.1,66.9,54,22.33,1.794,0.2489,0.18833,0.17985,0.20465,0.31673,0.36472,0.58547,0.16008,0.11729,0.16744,0.03956,0.06687,103.9,86.3,102.6,43.7,41.0,25.3,55.6,17.5,23.0,75.8,102.8,64.0,173.1
1,184.6,65.4,29,19.19,1.831,0.2497,0.18525,0.18301,0.2018,0.31974,0.36818,0.59103,0.15746,0.11935,0.16511,0.04033,0.06696,109.7,94.2,108.6,47.1,44.1,26.1,60.3,18.9,25.1,82.2,111.4,69.4,184.6
1,176.6,83.7,21,26.86,2.027,0.25477,0.18896,0.201,0.20499,0.31881,0.36711,0.58931,0.16061,0.13109,0.16772,0.04375,0.06876,105.6,97.7,104.2,45.3,42.7,29.1,56.7,18.0,25.7,77.3,104.8,65.3,176.6
1,192.9,70.8,64,19.02,1.947,0.25907,0.19268,0.19045,0.21003,0.33093,0.38107,0.61172,0.16378,0.12421,0.17184,0.04286,0.06953,117.4,100.9,116.4,50.3,47.1,27.3,64.2,20.2,27.5,87.6,118.7,73.9,192.9
1,178.4,66.3,26,20.82,1.813,0.26081,0.18019,0.18074,0.19606,0.33286,0.38329,0.61529,0.15316,0.11787,0.16041,0.03832,0.07001,101.5,88.5,100.3,46.7,43.8,25.3,59.7,18.7,22.7,81.3,110.3,68.7,178.4
1,176.9,57.4,56,18.33,1.68,0.26286,0.17937,0.16847,0.19537,0.33856,0.38986,0.62582,0.15246,0.10987,0.15985,0.03509,0.07038,97.8,79.9,96.9,45.6,42.7,22.6,58.8,18.4,20.1,80.2,108.7,67.7,176.9
1,173.2,74.1,59,24.71,1.888,0.25867,0.19317,0.19462,0.20966,0.32656,0.37604,0.60365,0.1642,0.12693,0.17154,0.04258,0.06965,103.9,91.0,102.5,44.3,41.6,27.0,55.9,17.7,24.1,76.2,103.3,64.4,173.2
1,176.5,76.2,45,24.47,1.933,0.25975,0.18584,0.18572,0.20183,0.32768,0.37733,0.60571,0.15796,0.12112,0.16513,0.03965,0.06995,102.2,88.8,100.9,45.5,42.8,26.1,57.4,18.1,23.0,78.2,106.1,66.1,176.5
1,174.4,72.4,40,23.83,1.873,0.26287,0.18611,0.18524,0.20212,0.33265,0.38305,0.6149,0.1582,0.12081,0.16537,0.03974,0.07073,101.6,87.9,100.3,45.7,42.9,25.9,57.8,18.2,22.8,78.8,106.9,66.6,174.4
1,180.8,70.0,62,21.4,1.875,0.24896,0.18886,0.18247,0.20549,0.31678,0.36478,0.58557,0.16053,0.119,0.16813,0.04016,0.06689,108.0,90.7,106.8,45.3,42.5,25.8,57.7,18.1,24.2,78.6,106.6,66.4,180.8
1,182.7,70.1,57,20.99,1.885,0.25462,0.17981,0.18047,0.19571,0.3242,0.37332,0.59928,0.15284,0.1177,0.16013,0.03849,0.06839,104.5,91.2,103.4,47.1,44.2,25.8,60.0,18.9,23.6,81.8,110.9,69.1,182.7
1,169.6,77.2,61,26.83,1.907,0.26587,0.17583,0.19344,0.19053,0.33391,0.3845,0.61722,0.14946,0.12616,0.15589,0.04011,0.07169,95.4,91.3,94.0,45.9,43.2,27.7,57.7,18.3,22.9,78.6,106.6,66.4,169.6
1,165.5,63.1,39,23.04,1.704,0.25545,0.1825,0.18976,0.19805,0.32539,0.37469,0.60147,0.15512,0.12376,0.16204,0.04046,0.06861,95.9,86.7,94.6,42.7,40.1,26.2,54.4,17.1,22.4,74.2,100.6,62.7,165.5
1,161.7,68.6,41,26.24,1.756,0.25328,0.18235,0.18985,0.19738,0.31997,0.36845,0.59146,0.155,0.12382,0.16149,0.03978,0.06818,92.7,83.9,91.2,41.0,38.5,26.1,51.8,16.4,21.3,70.6,95.7,59.6,161.7
1,179.3,70.5,68,21.92,1.873,0.25205,0.18443,0.18645,0.20059,0.32034,0.36888,0.59215,0.15677,0.1216,0.16412,0.04058,0.06774,105.7,92.9,104.5,46.0,43.1,26.7,58.5,18.4,24.5,79.7,108.1,67.3,179.3
1,167.2,71.9,43,25.72,1.828,0.25886,0.19096,0.19345,0.20696,0.32667,0.37616,0.60384,0.16232,0.12616,0.16933,0.04203,0.06971,100.1,88.1,98.6,43.2,40.6,26.8,54.5,17.2,23.2,74.3,100.7,62.7,167.2
1,159.4,77.3,47,30.43,1.85,0.27475,0.19974,0.20845,0.21552,0.34312,0.39511,0.63426,0.16978,0.13595,0.17634,0.04625,0.0742,100.3,91.0,98.4,43.9,41.4,29.0,54.8,17.4,24.4,74.8,101.4,63.1,159.4
1,178.4,87.0,50,27.33,2.076,0.27156,0.19504,0.19629,0.21162,0.33896,0.39032,0.62656,0.16578,0.12802,0.17314,0.04368,0.07335,110.0,96.2,108.5,48.7,46.0,28.6,60.8,19.3,25.9,83.0,112.5,70.1,178.4
1,194.2,88.7,33,23.53,2.188,0.27133,0.19737,0.19632,0.21493,0.34066,0.39227,0.6297,0.16777,0.12804,0.17585,0.0439,0.07317,118.4,102.4,117.2,51.8,48.7,28.5,65.0,20.6,27.7,88.7,120.2,74.9,194.2
1,175.5,80.1,39,26.01,1.976,0.25138,0.17788,0.18528,0.19302,0.31564,0.36346,0.58345,0.1512,0.12084,0.15792,0.03948,0.06779,101.8,92.2,100.4,45.8,43.1,27.4,57.5,18.2,23.8,78.4,106.3,66.2,175.5
1,181.8,79.8,66,24.14,2.007,0.26669,0.19014,0.19005,0.20668,0.33598,0.38689,0.62105,0.16162,0.12394,0.1691,0.04182,0.07185,109.2,94.9,107.9,48.8,45.9,27.4,61.4,19.4,25.3,83.8,113.6,70.7,181.8
1,176.1,77.7,67,25.06,1.95,0.24709,0.19122,0.18062,0.2076,0.31114,0.35828,0.57513,0.16254,0.1178,0.16986,0.04066,0.06657,109.7,90.1,108.2,45.1,42.4,26.6,56.8,18.0,24.5,77.5,105.0,65.4,176.1
1,174.8,72.8,60,23.84,1.88,0.2674,0.18192,0.18416,0.19758,0.33831,0.38957,0.62536,0.15463,0.1201,0.16166,0.03884,0.07195,99.5,87.6,98.3,46.6,43.7,25.8,58.9,18.6,22.4,80.3,108.9,67.8,174.8
1,182.4,81.2,35,24.42,2.029,0.27019,0.19964,0.20144,0.217,0.33997,0.39148,0.62842,0.16969,0.13137,0.17754,0.04537,0.07282,113.1,99.2,111.8,48.7,45.8,28.7,61.3,19.4,27.1,83.6,113.3,70.6,182.4
1,173.3,77.6,24,25.84,1.933,0.25629,0.181,0.18225,0.19635,0.32233,0.37117,0.59583,0.15385,0.11886,0.16065,0.03881,0.06908,100.6,88.1,99.2,45.3,42.7,26.3,57.0,18.1,22.7,77.8,105.4,65.7,173.3
1,177.5,67.9,67,21.56,1.83,0.26018,0.17421,0.17988,0.18947,0.33133,0.38153,0.61245,0.14808,0.11731,0.15502,0.03751,0.06988,99.0,88.9,97.8,47.0,44.1,25.6,59.9,18.8,22.4,81.7,110.7,69.0,177.5
1,177.9,68.0,43,21.49,1.834,0.25026,0.17901,0.18814,0.19471,0.31872,0.36701,0.58914,0.15216,0.1227,0.1593,0.04029,0.06722,102.7,93.8,101.5,45.7,42.8,27.0,58.2,18.3,24.3,79.3,107.6,67.0,177.9
1,170.5,59.1,25,20.32,1.673,0.25105,0.18323,0.17903,0.19927,0.32196,0.37074,0.59513,0.15574,0.11676,0.16304,0.03825,0.0673,98.0,83.3,96.9,42.8,40.0,24.4,54.8,17.2,21.5,74.8,101.4,63.1,170.5
1,182.9,65.9,23,19.69,1.83,0.26171,0.18405,0.18745,0.20043,0.33473,0.38545,0.61875,0.15644,0.12225,0.16399,0.04055,0.07021,106.3,94.2,105.3,48.1,45.1,26.3,61.6,19.3,24.7,83.9,113.8,70.9,182.9
1,174.2,63.3,47,20.85,1.75,0.25664,0.1746,0.17825,0.1899,0.32806,0.37777,0.60641,0.14841,0.11625,0.15537,0.03683,0.06886,95.9,85.2,94.9,44.9,42.0,24.7,57.4,18.0,21.3,78.3,106.1,66.1,174.2
1,169.8,73.9,56,25.63,1.868,0.26346,0.18831,0.18408,0.20418,0.33213,0.38245,0.61393,0.16006,0.12005,0.16706,0.03988,0.07096,101.0,85.9,99.6,45.0,42.3,25.9,56.7,17.9,22.5,77.3,104.8,65.3,169.8
1,179.5,70.6,40,21.89,1.876,0.26518,0.17655,0.1723,0.19203,0.33702,0.38809,0.62298,0.15007,0.11237,0.15711,0.0362,0.07127,101.0,85.8,99.9,48.3,45.3,24.6,61.4,19.3,21.8,83.7,113.5,70.7,179.5
1,168.8,77.0,49,27.03,1.9,0.26341,0.18341,0.20993,0.19868,0.33075,0.38087,0.6114,0.1559,0.13691,0.16256,0.04372,0.07103,95.6,95.2,94.2,43.7,41.1,29.0,54.9,17.4,24.0,74.8,101.5,63.2,168.8
1,175.7,77.7,39,25.16,1.947,0.26242,0.18277,0.18538,0.19841,0.3304,0.38046,0.61074,0.15535,0.1209,0.16233,0.03915,0.07071,100.5,88.6,99.2,45.9,43.2,26.2,57.8,18.3,22.7,78.8,106.9,66.6,175.7
1,175.4,57.3,59,18.63,1.671,0.25969,0.17032,0.1806,0.18547,0.33431,0.38496,0.61797,0.14477,0.11778,0.15175,0.03714,0.06954,95.6,88.1,94.6,46.4,43.4,25.1,59.7,18.7,21.9,81.4,110.4,68.8,175.4
1,183.6,93.1,60,27.61,2.18,0.26608,0.19338,0.19075,0.20999,0.3309,0.38104,0.61166,0.16437,0.1244,0.17181,0.04241,0.07194,112.8,96.7,111.3,49.4,46.6,28.4,61.4,19.6,26.0,83.7,113.5,70.7,183.6
1,179.1,90.6,62,28.26,2.123,0.25817,0.1966,0.20909,0.21326,0.32113,0.36978,0.59359,0.16711,0.13636,0.17449,0.04697,0.0698,112.1,103.6,110.5,46.8,44.2,30.8,58.3,18.5,28.2,79.4,107.7,67.1,179.1
1,175.3,66.3,26,21.56,1.796,0.25931,0.17741,0.20577,0.1929,0.33052,0.3806,0.61097,0.1508,0.1342,0.15783,0.04219,0.06963,95.7,96.5,94.6,44.5,41.7,28.0,56.7,17.8,24.0,77.4,104.9,65.3,175.3
1,181.6,87.9,48,26.66,2.106,0.26421,0.19464,0.18676,0.21136,0.33,0.38,0.61,0.16545,0.1218,0.17293,0.04111,0.07135,109.9,91.7,108.5,47.5,44.8,26.9,59.3,18.8,24.4,80.9,109.6,68.3,181.6
1,185.9,76.1,24,22.01,1.982,0.25613,0.17728,0.17981,0.19295,0.32451,0.37368,0.59985,0.15069,0.11727,0.15787,0.03761,0.06889,103.7,91.5,102.7,47.7,44.8,25.8,60.4,19.1,23.2,82.4,111.7,69.6,185.9
1,179.7,82.0,26,25.4,2.023,0.27083,0.19677,0.206,0.21371,0.34006,0.39158,0.62859,0.16725,0.13435,0.17485,0.04529,0.07303,108.3,98.6,106.9,47.4,44.7,28.8,59.6,18.9,26.2,81.2,110.1,68.6,179.7
1,175.6,63.8,30,20.7,1.764,0.26421,0.18102,0.19111,0.19692,0.33772,0.38889,0.62426,0.15387,0.12464,0.16111,0.03983,0.07089,97.7,89.7,96.6,45.4,42.5,25.8,58.0,18.2,22.6,79.1,107.3,66.8,175.6
1,165.7,52.5,20,19.13,1.554,0.25638,0.17059,0.1827,0.18559,0.33069,0.3808,0.61128,0.145,0.11915,0.15185,0.03707,0.06862,89.1,83.0,88.1,42.6,39.8,24.6,55.0,17.2,20.4,75.0,101.6,63.3,165.7
1,167.5,66.3,52,23.63,1.757,0.25385,0.18683,0.18279,0.20274,0.32245,0.37131,0.59605,0.15881,0.11921,0.16588,0.03952,0.06823,98.9,84.2,97.6,42.8,40.1,25.3,54.3,17.1,22.0,74.1,100.5,62.6,167.5
1,173.2,73.7,50,24.57,1.883,0.25949,0.18166,0.20565,0.19719,0.32774,0.3774,0.60582,0.15441,0.13412,0.16133,0.04353,0.06986,99.4,97.8,98.1,45.2,42.5,29.0,57.1,18.0,25.1,77.8,105.5,65.7,173.2
1,170.9,68.9,38,23.58,1.809,0.24589,0.17973,0.18702,0.19512,0.31191,0.35917,0.57656,0.15277,0.12197,0.15965,0.03957,0.06612,97.9,88.6,96.6,42.6,40.0,26.3,54.1,17.1,22.7,73.8,100.0,62.3,170.9
1,174.1,63.5,48,20.96,1.753,0.26573,0.17304,0.17916,0.18819,0.33957,0.39101,0.62768,0.14708,0.11684,0.15397,0.03593,0.0713,92.2,83.0,91.2,45.1,42.2,24.1,57.6,18.1,20.2,78.6,106.5,66.3,174.1
1,175.9,73.0,69,23.57,1.888,0.26283,0.18727,0.1851,0.20345,0.33266,0.38306,0.61492,0.15918,0.12072,0.16646,0.04051,0.07072,105.1,90.3,103.8,46.9,44.1,26.4,59.4,18.8,23.9,81.0,109.8,68.4,175.9
1,179.5,83.9,51,26.06,2.046,0.25921,0.19646,0.18929,0.21331,0.32477,0.37398,0.60034,0.16699,0.12345,0.17453,0.04189,0.06994,109.3,91.6,107.9,45.9,43.3,26.9,57.5,18.3,24.5,78.5,106.4,66.3,179.5
1,175.0,76.1,49,24.86,1.923,0.26702,0.18863,0.20697,0.20477,0.33664,0.38765,0.62228,0.16034,0.13498,0.16754,0.04454,0.07192,102.6,97.9,101.3,46.2,43.5,29.0,58.3,18.4,25.5,79.5,107.8,67.1,175.0
1,179.1,82.6,52,25.72,2.027,0.25864,0.17923,0.18943,0.19462,0.32448,0.37364,0.59979,0.15235,0.12354,0.15923,0.03971,0.06976,101.3,93.1,100.0,46.5,43.8,27.3,58.4,18.5,23.6,79.6,107.9,67.2,179.1
1,176.0,70.1,32,22.63,1.851,0.27126,0.19532,0.19664,0.21228,0.3444,0.39658,0.63662,0.16602,0.12824,0.17368,0.04312,0.07292,105.1,92.0,103.9,46.5,43.6,26.8,59.0,18.6,24.4,80.5,109.1,67.9,176.0
1,160.7,77.0,49,29.84,1.854,0.25862,0.18307,0.19214,0.19767,0.32331,0.37229,0.59762,0.15561,0.12531,0.16173,0.04071,0.06982,94.6,86.4,92.9,42.6,40.1,27.3,53.2,16.9,22.1,72.5,98.3,61.3,160.7
1,168.5,59.5,23,20.98,1.669,0.25945,0.17721,0.17779,0.19261,0.33227,0.38262,0.6142,0.15063,0.11595,0.15759,0.03699,0.06958,93.9,81.9,92.8,43.8,41.0,24.2,56.0,17.6,20.6,76.4,103.6,64.5,168.5
1,174.4,81.9,62,26.93,1.992,0.26189,0.20133,0.18075,0.21833,0.328,0.3777,0.60631,0.17113,0.11788,0.17863,0.04118,0.07067,111.1,86.8,109.6,46.0,43.3,26.0,57.6,18.3,23.9,78.6,106.5,66.4,174.4
1,166.4,82.8,38,29.88,1.956,0.27582,0.19114,0.20978,0.20664,0.34365,0.39572,0.63523,0.16247,0.13681,0.16907,0.04478,0.07453,98.5,94.0,96.8,45.3,42.7,29.2,56.4,17.9,24.3,76.9,104.2,64.9,166.4
1,180.0,87.2,50,26.9,2.088,0.26746,0.19593,0.20976,0.21268,0.33406,0.38467,0.6175,0.16654,0.1368,0.17401,0.04652,0.07222,110.2,102.6,108.8,47.9,45.1,30.2,59.8,19.0,27.5,81.6,110.6,68.9,180.0
1,187.0,84.9,49,24.28,2.1,0.25228,0.18605,0.18188,0.20237,0.31691,0.36493,0.58581,0.15814,0.11862,0.16557,0.04005,0.06802,112.2,95.4,110.9,48.4,45.6,27.2,60.8,19.3,25.4,83.0,112.4,70.1,187.0
1,184.6,78.8,69,23.12,2.011,0.26673,0.19131,0.18218,0.2081,0.3368,0.38783,0.62257,0.16261,0.11881,0.17026,0.03966,0.07181,108.9,90.2,107.7,48.4,45.4,25.7,61.1,19.3,23.8,83.3,112.9,70.3,184.6
1,173.9,88.4,36,29.24,2.067,0.26538,0.19606,0.21029,0.21237,0.32995,0.37994,0.60991,0.16665,0.13714,0.17376,0.04623,0.07175,106.3,99.2,104.7,45.8,43.2,30.1,57.0,18.1,26.4,77.7,105.3,65.6,173.9
1,186.7,70.5,50,20.22,1.911,0.25568,0.18063,0.1695,0.19673,0.32593,0.37531,0.60248,0.15354,0.11054,0.16096,0.03644,0.06866,107.6,87.8,106.5,48.5,45.4,24.4,61.8,19.4,22.8,84.3,114.2,71.2,186.7
1,176.6,67.5,45,21.64,1.82,0.25559,0.18262,0.19364,0.19859,0.32551,0.37483,0.60171,0.15523,0.12629,0.16248,0.04142,0.06865,101.9,93.9,100.7,45.4,42.5,27.1,57.8,18.2,24.3,78.8,106.8,66.6,176.6
1,173.0,70.5,48,23.58,1.841,0.25186,0.18054,0.17886,0.19606,0.31919,0.36755,0.59001,0.15346,0.11665,0.16041,0.03816,0.06774,100.1,86.2,98.8,44.4,41.7,25.5,56.3,17.8,22.3,76.8,104.1,64.8,173.0
1,170.9,88.0,38,30.13,2.044,0.26612,0.20201,0.1941,0.21859,0.33047,0.38054,0.61086,0.17171,0.12659,0.17885,0.04376,0.07198,108.7,90.9,107.0,45.6,43.0,27.9,56.6,18.0,24.8,77.2,104.7,65.2,170.9
1,173.2,79.5,51,26.5,1.956,0.26384,0.18177,0.1983,0.19712,0.33111,0.38128,0.61206,0.15451,0.12933,0.16128,0.04161,0.07115,98.7,93.6,97.3,45.6,42.9,28.1,57.2,18.1,23.8,78.0,105.8,65.9,173.2
1,172.6,64.5,32,21.65,1.758,0.26286,0.1861,0.17625,0.20229,0.33533,0.38614,0.61985,0.15819,0.11495,0.16551,0.0382,0.07057,101.4,83.5,100.2,45.6,42.7,24.4,58.2,18.3,21.9,79.3,107.5,67.0,172.6
1,176.8,74.7,31,23.89,1.915,0.2572,0.18881,0.18412,0.20511,0.32505,0.3743,0.60085,0.16049,0.12008,0.16782,0.04027,0.06923,105.6,89.5,104.3,45.8,43.0,26.2,57.9,18.3,23.7,78.9,106.9,66.6,176.8
1,176.7,71.3,36,22.82,1.87,0.24381,0.18321,0.18637,0.19912,0.30926,0.35612,0.57166,0.15573,0.12155,0.16292,0.04047,0.06556,104.2,92.2,103.0,44.2,41.4,26.8,56.0,17.7,24.2,76.4,103.5,64.5,176.7
1,175.5,69.3,60,22.5,1.838,0.25916,0.19032,0.17,0.20685,0.32926,0.37914,0.60862,0.16177,0.11087,0.16924,0.03716,0.06966,104.4,81.1,103.2,45.3,42.5,23.6,57.5,18.1,21.5,78.4,106.3,66.2,175.5
1,178.8,92.6,32,28.99,2.145,0.24983,0.18748,0.20993,0.2033,0.31005,0.35703,0.57312,0.15936,0.13691,0.16634,0.04603,0.06758,108.4,105.6,106.9,46.0,43.4,31.6,57.1,18.2,28.0,77.8,105.5,65.7,178.8
1,184.4,69.3,23,20.37,1.884,0.26106,0.17126,0.18464,0.18647,0.3329,0.38334,0.61536,0.14557,0.12042,0.15257,0.03761,0.07009,99.2,93.0,98.2,48.1,45.1,26.0,61.4,19.3,22.9,83.7,113.4,70.7,184.4
1,182.6,106.3,69,31.86,2.322,0.25306,0.19299,0.19411,0.20922,0.31034,0.35737,0.57367,0.16404,0.12659,0.17118,0.04326,0.06868,113.8,99.5,112.2,47.5,45.0,29.9,58.2,18.7,26.8,79.4,107.7,67.1,182.6
1,164.4,76.6,26,28.34,1.87,0.25828,0.18434,0.19013,0.19938,0.32372,0.37277,0.59839,0.15669,0.124,0.16313,0.04,0.06968,95.1,85.3,93.5,42.4,39.9,26.5,53.2,16.9,21.7,72.5,98.3,61.2,164.4
1,156.3,72.1,54,29.48,1.769,0.26111,0.18573,0.20658,0.20039,0.32758,0.37721,0.60552,0.15787,0.13473,0.16396,0.04338,0.07043,91.2,88.2,89.5,40.8,38.4,28.3,51.2,16.2,22.4,69.8,94.7,59.0,156.3
1,182.5,77.8,37,23.35,1.986,0.27101,0.17981,0.19649,0.19552,0.34225,0.3941,0.63264,0.15283,0.12815,0.15997,0.04117,0.07296,102.5,97.4,101.3,49.2,46.2,27.9,62.1,19.6,24.7,84.7,114.8,71.5,182.5
1,165.2,66.8,51,24.47,1.751,0.25793,0.18414,0.20274,0.19965,0.3271,0.37666,0.60463,0.15652,0.13222,0.16335,0.04261,0.06936,94.4,90.4,93.0,42.1,39.5,27.5,53.4,16.8,23.0,72.8,98.6,61.4,165.2
1,173.8,61.0,55,20.19,1.716,0.26166,0.17905,0.17957,0.1948,0.33527,0.38607,0.61974,0.15219,0.11711,0.15938,0.0373,0.07016,96.3,83.9,95.2,44.8,41.9,24.3,57.4,18.0,21.1,78.2,106.1,66.1,173.8
1,166.7,64.3,43,23.13,1.726,0.25596,0.1656,0.18461,0.17973,0.32577,0.37512,0.60217,0.14076,0.1204,0.14706,0.03696,0.06876,88.9,86.2,87.7,43.7,41.0,25.9,55.7,17.5,20.9,75.9,102.9,64.1,166.7
1,162.0,70.7,35,26.95,1.784,0.26936,0.19118,0.19758,0.20686,0.3395,0.39094,0.62756,0.16251,0.12886,0.16925,0.04283,0.07256,97.4,87.5,95.8,43.7,41.1,27.2,55.0,17.4,23.0,75.1,101.7,63.4,162.0
1,179.6,98.0,45,30.4,2.211,0.27964,0.21525,0.2184,0.23332,0.34524,0.39755,0.63818,0.18296,0.14243,0.1909,0.05057,0.07575,117.9,104.0,116.2,48.7,46.1,31.2,60.2,19.2,29.1,82.1,111.2,69.3,179.6
1,181.2,69.6,68,21.2,1.872,0.26535,0.18578,0.19422,0.20215,0.33782,0.38901,0.62446,0.15791,0.12666,0.1654,0.04196,0.07128,105.6,96.0,104.4,48.0,45.0,27.2,61.1,19.2,25.1,83.3,112.9,70.4,181.2
1,171.2,69.4,26,23.69,1.817,0.26148,0.18088,0.18143,0.19637,0.33152,0.38175,0.61281,0.15375,0.11832,0.16067,0.03851,0.07032,98.5,85.9,97.2,45.3,42.5,25.5,57.5,18.1,22.1,78.4,106.2,66.2,171.2
1,156.1,59.6,49,24.47,1.607,0.25252,0.18234,0.18659,0.19743,0.32163,0.37037,0.59454,0.15499,0.12169,0.16153,0.03917,0.06782,89.5,79.6,88.1,39.5,37.0,25.1,50.3,15.8,20.2,68.5,92.9,57.9,156.1
1,171.4,59.6,23,20.3,1.685,0.25776,0.17602,0.1761,0.19145,0.33046,0.38053,0.61085,0.14962,0.11485,0.15664,0.03666,0.0691,95.3,82.9,94.3,44.4,41.6,24.2,57.0,17.9,20.9,77.7,105.3,65.6,171.4
1,178.4,87.1,31,27.35,2.078,0.26414,0.18818,0.1951,0.20418,0.32968,0.37963,0.60941,0.15995,0.12724,0.16705,0.04266,0.07134,107.4,96.8,105.9,48.0,45.2,28.7,59.9,19.0,25.6,81.7,110.7,69.0,178.4
1,164.4,60.7,45,22.45,1.665,0.25682,0.18353,0.19261,0.19922,0.32791,0.37759,0.60613,0.156,0.12562,0.163,0.04055,0.06893,93.6,85.4,92.3,41.7,39.0,25.8,53.2,16.7,21.8,72.6,98.4,61.3,164.4
1,176.9,76.0,41,24.31,1.933,0.26073,0.18305,0.18062,0.19882,0.32903,0.37889,0.60821,0.15559,0.11779,0.16267,0.03813,0.07021,100.8,86.5,99.6,45.7,43.0,25.4,57.7,18.2,22.1,78.7,106.6,66.4,176.9
1,175.4,71.9,30,23.39,1.872,0.25119,0.18997,0.19378,0.20638,0.3182,0.36641,0.58819,0.16147,0.12638,0.16885,0.04304,0.06757,106.8,94.7,105.5,45.0,42.2,27.8,56.9,18.0,25.5,77.7,105.3,65.6,175.4
1,179.8,71.9,60,22.23,1.895,0.26364,0.17507,0.17881,0.1904,0.33463,0.38533,0.61856,0.14881,0.11662,0.15578,0.03695,0.07088,99.1,88.0,97.9,47.5,44.6,25.2,60.3,19.0,22.0,82.2,111.4,69.4,179.8
1,176.4,77.8,29,25.0,1.952,0.25946,0.18954,0.18922,0.20579,0.32674,0.37625,0.60398,0.1611,0.1234,0.16837,0.04146,0.06991,105.9,92.0,104.6,46.2,43.4,27.1,58.1,18.4,24.4,79.3,107.5,66.9,176.4
1,168.2,68.6,68,24.23,1.79,0.25249,0.1796,0.19438,0.19484,0.32001,0.36849,0.59153,0.15266,0.12677,0.15941,0.04131,0.06791,97.2,91.5,95.9,43.5,40.9,27.6,55.2,17.4,23.5,75.2,101.9,63.5,168.2
1,184.5,80.6,36,23.67,2.032,0.24971,0.19292,0.19027,0.2098,0.31472,0.3624,0.58175,0.16398,0.12409,0.17166,0.04291,0.06726,114.2,98.0,112.9,47.1,44.3,28.0,59.3,18.8,26.7,80.9,109.6,68.3,184.5
1,174.3,68.2,38,22.44,1.817,0.25428,0.18129,0.1859,0.19702,0.3233,0.37228,0.59761,0.1541,0.12124,0.1612,0.03988,0.06833,101.2,90.2,100.0,45.2,42.4,26.4,57.4,18.1,23.4,78.3,106.2,66.1,174.3
1,175.3,80.7,44,26.26,1.982,0.2598,0.18662,0.18642,0.20247,0.32597,0.37536,0.60255,0.15862,0.12158,0.16565,0.04003,0.07007,102.9,89.3,101.5,45.6,42.9,26.6,57.2,18.1,23.2,78.0,105.7,65.9,175.3
1,168.5,91.1,36,32.07,2.065,0.26648,0.19331,0.19734,0.20886,0.32933,0.37923,0.60876,0.16432,0.1287,0.17088,0.04298,0.07217,103.0,91.5,101.2,45.2,42.7,28.5,55.9,17.8,24.1,76.2,103.3,64.3,168.5
1,172.2,75.8,41,25.56,1.904,0.25233,0.18475,0.19796,0.2004,0.31782,0.36597,0.58748,0.15704,0.12911,0.16397,0.04262,0.06798,101.4,94.5,100.0,44.1,41.5,28.3,55.5,17.6,24.6,75.7,102.6,63.9,172.2
1,168.9,82.9,43,29.06,1.972,0.26392,0.18411,0.19482,0.19923,0.32923,0.37911,0.60857,0.15649,0.12705,0.16301,0.04121,0.07129,98.2,90.4,96.7,44.8,42.3,27.8,55.9,17.8,23.1,76.3,103.4,64.4,168.9
1,174.2,61.7,62,20.32,1.727,0.2583,0.17758,0.18053,0.19319,0.33077,0.38089,0.61142,0.15094,0.11773,0.15807,0.03738,0.06927,96.1,85.0,95.1,44.5,41.7,24.5,57.0,17.9,21.3,77.7,105.3,65.6,174.2
1,188.3,90.9,45,25.63,2.181,0.25891,0.18096,0.20596,0.19679,0.32348,0.37249,0.59794,0.15382,0.13432,0.16101,0.04337,0.06991,106.5,105.4,105.3,48.5,45.7,30.2,60.6,19.2,26.9,82.6,112.0,69.8,188.3
1,165.2,57.9,63,21.23,1.631,0.25447,0.17738,0.17737,0.19271,0.32607,0.37547,0.60273,0.15077,0.11568,0.15768,0.03642,0.06823,90.7,78.9,89.6,41.4,38.8,23.6,53.1,16.6,19.6,72.4,98.1,61.1,165.2
1,163.4,53.5,35,20.05,1.559,0.24949,0.17766,0.18075,0.19313,0.32113,0.36978,0.5936,0.15101,0.11788,0.15802,0.03777,0.06681,91.5,81.0,90.4,40.9,38.2,24.3,52.7,16.5,20.5,71.8,97.3,60.6,163.4
1,186.5,77.9,61,22.4,2.01,0.26606,0.19097,0.19424,0.20783,0.33654,0.38753,0.62208,0.16233,0.12668,0.17005,0.04213,0.0716,109.3,96.7,108.1,48.5,45.5,27.2,61.3,19.4,25.4,83.6,113.3,70.6,186.5
1,173.9,90.5,53,29.93,2.091,0.26806,0.18348,0.20488,0.19869,0.33253,0.38291,0.61467,0.15596,0.13362,0.16256,0.04297,0.07252,99.7,96.8,98.2,46.4,43.8,29.5,57.5,18.3,24.6,78.5,106.4,66.3,173.9
1,170.5,83.9,59,28.86,1.993,0.26408,0.1896,0.19502,0.20527,0.32935,0.37925,0.60879,0.16116,0.12719,0.16794,0.04224,0.07134,102.3,91.5,100.7,45.4,42.8,28.0,56.6,18.0,24.0,77.1,104.6,65.1,170.5
1,183.3,87.2,46,25.96,2.107,0.26578,0.19328,0.19261,0.20999,0.33249,0.38287,0.61461,0.16429,0.12562,0.17181,0.04256,0.07174,111.1,96.3,109.8,48.6,45.8,28.0,60.9,19.3,25.8,83.0,112.5,70.1,183.3
1,171.0,58.1,34,19.89,1.661,0.24836,0.17443,0.16951,0.18976,0.31891,0.36723,0.5895,0.14827,0.11055,0.15526,0.03543,0.06655,95.5,80.7,94.4,43.3,40.5,23.5,55.6,17.4,20.4,75.8,102.7,64.0,171.0
1,189.2,87.0,21,24.3,2.138,0.26732,0.18382,0.19718,0.2,0.33544,0.38626,0.62005,0.15625,0.1286,0.16363,0.04239,0.0721,109.8,102.4,108.6,50.8,47.8,29.0,63.8,20.2,26.6,86.9,117.9,73.4,189.2
1,180.6,85.4,61,26.19,2.07,0.263,0.18853,0.19282,0.20473,0.32919,0.37907,0.6085,0.16025,0.12575,0.1675,0.04161,0.07098,106.3,94.5,104.9,47.2,44.5,27.7,59.1,18.7,24.7,80.5,109.2,68.0,180.6
1,171.8,75.9,62,25.7,1.903,0.26686,0.18602,0.20316,0.20176,0.33603,0.38694,0.62114,0.15811,0.13249,0.16507,0.04317,0.0719,99.5,94.5,98.1,45.4,42.7,28.3,57.2,18.1,24.3,78.0,105.8,65.9,171.8
1,191.7,69.7,46,18.98,1.927,0.25576,0.17567,0.1796,0.19148,0.32689,0.37642,0.60426,0.14932,0.11713,0.15666,0.03762,0.06863,106.4,94.6,105.5,49.3,46.2,25.6,63.0,19.8,24.0,86.0,116.5,72.6,191.7
1,171.0,64.0,21,21.9,1.743,0.27135,0.19004,0.18449,0.2065,0.34611,0.39855,0.63979,0.16153,0.12032,0.16896,0.0392,0.07285,98.0,82.8,96.9,44.6,41.8,24.4,56.8,17.9,21.3,77.5,105.1,65.5,171.0
1,181.1,81.3,27,24.79,2.022,0.26064,0.20008,0.1914,0.21741,0.32774,0.37739,0.60582,0.17007,0.12482,0.17788,0.04358,0.07026,114.1,94.9,112.7,47.3,44.5,27.6,59.5,18.8,26.2,81.1,110.0,68.5,181.1
1,177.7,85.7,42,27.12,2.057,0.25948,0.18163,0.19018,0.19707,0.32422,0.37335,0.59932,0.15439,0.12403,0.16124,0.04076,0.07006,104.0,94.7,102.6,47.3,44.6,28.1,59.1,18.8,24.6,80.6,109.3,68.1,177.7
1,185.3,61.8,48,18.0,1.783,0.26131,0.17929,0.18951,0.19541,0.33596,0.38686,0.62101,0.1524,0.12359,0.15988,0.03957,0.07,102.5,94.2,101.5,47.5,44.5,25.8,61.1,19.1,23.8,83.4,113.0,70.4,185.3
1,187.2,85.6,20,24.43,2.11,0.26958,0.18952,0.19309,0.20614,0.33843,0.3897,0.62557,0.16109,0.12593,0.16866,0.04199,0.0727,110.5,97.9,109.2,50.0,47.1,27.9,62.8,19.9,25.8,85.6,116.1,72.3,187.2
1,175.7,79.0,64,25.57,1.963,0.25907,0.18463,0.19289,0.20039,0.32572,0.37508,0.6021,0.15694,0.1258,0.16396,0.04103,0.06983,101.6,92.3,100.2,45.4,42.7,27.3,57.0,18.1,23.8,77.8,105.4,65.7,175.7
1,169.8,82.0,19,28.43,1.967,0.25302,0.19595,0.2093,0.21216,0.3161,0.36399,0.5843,0.16656,0.1365,0.17359,0.04645,0.06832,105.3,97.8,103.6,43.3,40.8,29.9,54.1,17.2,26.3,73.7,99.9,62.3,169.8
1,178.9,88.9,42,27.77,2.102,0.26122,0.17919,0.20537,0.19441,0.32549,0.3748,0.60165,0.15231,0.13394,0.15906,0.0426,0.07059,100.1,99.8,98.8,46.5,43.8,29.6,57.9,18.4,25.1,79.0,107.0,66.7,178.9
1,170.4,79.3,66,27.31,1.938,0.27543,0.19101,0.21534,0.20695,0.34524,0.39755,0.63817,0.16236,0.14044,0.16932,0.04598,0.07431,99.8,97.9,98.3,45.8,43.2,29.7,57.4,18.2,25.3,78.3,106.2,66.1,170.4
1,190.6,80.6,23,22.2,2.066,0.26114,0.19027,0.19986,0.20718,0.32997,0.37997,0.60995,0.16173,0.13034,0.16951,0.04399,0.07029,113.6,103.8,112.4,49.6,46.6,28.9,62.7,19.8,27.6,85.5,115.9,72.2,190.6
1,176.5,58.6,43,18.8,1.695,0.2514,0.17235,0.16896,0.18767,0.32332,0.37231,0.59765,0.1465,0.11019,0.15355,0.03519,0.06734,97.7,83.3,96.7,45.4,42.4,23.6,58.4,18.3,21.0,79.6,107.9,67.2,176.5
1,172.8,70.4,25,23.6,1.838,0.24169,0.17055,0.18656,0.1852,0.30631,0.35272,0.56621,0.14497,0.12167,0.15153,0.0391,0.06501,97.6,92.9,96.4,44.0,41.3,27.5,55.8,17.6,23.6,76.1,103.2,64.3,172.8
1,176.9,91.0,52,29.09,2.115,0.26761,0.19706,0.21623,0.2136,0.33234,0.38269,0.61432,0.1675,0.14102,0.17476,0.04786,0.07238,108.9,103.9,107.3,47.1,44.4,31.2,58.4,18.6,27.8,79.7,108.0,67.3,176.9
1,165.4,84.4,44,30.85,1.969,0.25623,0.196,0.21317,0.21174,0.31847,0.36672,0.58869,0.1666,0.13902,0.17324,0.04719,0.06929,103.4,97.8,101.5,43.0,40.6,30.6,53.5,17.0,26.2,72.9,98.8,61.6,165.4
1,168.2,78.8,42,27.84,1.919,0.25842,0.19077,0.20533,0.20655,0.32373,0.37279,0.59842,0.16216,0.13391,0.169,0.04452,0.06973,101.0,94.5,99.4,43.5,41.0,28.9,54.5,17.3,24.8,74.4,100.8,62.8,168.2
1,184.5,90.9,35,26.69,2.158,0.25931,0.1843,0.20407,0.20023,0.32337,0.37237,0.59775,0.15665,0.13309,0.16382,0.04396,0.07005,108.1,104.1,106.8,48.4,45.7,30.3,60.4,19.2,27.1,82.4,111.6,69.5,184.5
1,170.6,77.1,18,26.49,1.911,0.26143,0.18837,0.19041,0.20419,0.32854,0.37832,0.6073,0.16012,0.12418,0.16706,0.04143,0.07048,102.3,89.9,100.8,45.2,42.5,27.2,56.8,18.0,23.7,77.4,105.0,65.4,170.6
1,167.6,64.7,65,23.03,1.736,0.25915,0.17845,0.17858,0.19371,0.32981,0.37978,0.60965,0.15168,0.11646,0.15849,0.03749,0.06962,95.1,82.7,93.8,44.0,41.2,24.8,55.9,17.6,21.0,76.3,103.4,64.4,167.6
1,179.5,79.1,56,24.54,1.986,0.26238,0.18922,0.1882,0.20558,0.33044,0.38051,0.61082,0.16084,0.12274,0.1682,0.04133,0.07069,107.8,93.2,106.5,47.6,44.8,27.2,59.9,19.0,24.8,81.7,110.8,69.0,179.5
1,184.4,109.3,20,32.15,2.366,0.26412,0.2109,0.1997,0.22872,0.32324,0.37221,0.5975,0.17927,0.13024,0.18714,0.04611,0.07171,120.8,99.4,119.1,48.1,45.6,29.8,58.9,18.9,27.8,80.3,108.9,67.8,184.4
1,180.9,71.1,21,21.73,1.89,0.26185,0.17005,0.19838,0.185,0.3328,0.38322,0.61517,0.14454,0.12938,0.15136,0.03985,0.07037,95.8,97.2,94.8,47.0,44.1,27.7,59.7,18.8,23.6,81.4,110.3,68.7,180.9
1,183.0,106.8,58,31.89,2.329,0.26325,0.19593,0.20437,0.21244,0.32275,0.37165,0.59659,0.16654,0.13328,0.17381,0.04575,0.07145,114.7,104.0,113.1,49.1,46.5,31.2,60.1,19.3,28.2,82.0,111.2,69.3,183.0
1,169.8,68.8,54,23.85,1.801,0.24822,0.17189,0.19578,0.18655,0.31475,0.36243,0.5818,0.1461,0.12768,0.15264,0.04007,0.06675,93.2,92.3,92.0,42.8,40.2,27.6,54.3,17.1,22.9,74.1,100.4,62.6,169.8
1,164.8,83.0,68,30.53,1.949,0.26676,0.20843,0.19413,0.22518,0.33198,0.38228,0.61367,0.17717,0.12661,0.18424,0.04431,0.07211,107.3,86.9,105.4,43.7,41.3,27.2,54.4,17.3,24.0,74.2,100.6,62.7,164.8
1,186.8,70.7,32,20.27,1.915,0.2617,0.1818,0.19546,0.198,0.33353,0.38407,0.61653,0.15453,0.12747,0.162,0.04122,0.07028,105.0,98.2,104.0,48.1,45.1,27.2,61.3,19.3,25.1,83.6,113.4,70.6,186.8
1,173.1,81.9,25,27.33,1.984,0.27049,0.19729,0.19686,0.21386,0.33856,0.38986,0.62583,0.1677,0.12839,0.17497,0.04337,0.073,105.6,91.7,104.1,46.1,43.4,27.6,57.7,18.3,24.4,78.7,106.7,66.4,173.1
1,173.6,67.5,55,22.41,1.805,0.25597,0.17984,0.17449,0.19543,0.32556,0.37489,0.6018,0.15286,0.1138,0.1599,0.03708,0.06878,99.6,84.0,98.4,45.1,42.3,24.6,57.4,18.1,21.6,78.3,106.1,66.1,173.6
1,185.5,69.6,67,20.24,1.894,0.25972,0.17955,0.19902,0.19553,0.33122,0.3814,0.61225,0.15262,0.1298,0.15998,0.04159,0.06973,103.1,99.4,102.1,47.5,44.5,27.7,60.5,19.0,25.1,82.5,111.9,69.7,185.5
1,179.7,83.5,36,25.86,2.041,0.26096,0.17888,0.19912,0.19425,0.32715,0.37672,0.60474,0.15205,0.12986,0.15893,0.04238,0.0704,103.7,100.4,102.4,48.2,45.4,29.5,60.4,19.2,25.9,82.3,111.6,69.5,179.7
1,178.9,93.2,64,29.12,2.152,0.25346,0.20243,0.20428,0.2195,0.31438,0.36201,0.58113,0.17206,0.13323,0.17959,0.04645,0.06857,114.1,100.2,112.5,45.5,43.0,29.9,56.4,18.0,27.6,76.9,104.3,65.0,178.9
1,191.7,81.1,43,22.05,2.078,0.26271,0.19179,0.19122,0.20887,0.33198,0.38228,0.61367,0.16302,0.12471,0.17089,0.04223,0.07071,114.7,99.4,113.5,50.0,47.0,27.6,63.2,20.0,26.6,86.2,116.8,72.8,191.7
1,170.7,58.2,56,19.99,1.661,0.24026,0.18326,0.17815,0.19935,0.30844,0.35517,0.57014,0.15577,0.11618,0.1631,0.03909,0.06439,101.4,85.7,100.3,42.3,39.6,25.0,54.3,17.0,22.8,74.1,100.4,62.6,170.7
1,182.5,82.2,27,24.69,2.041,0.26582,0.19391,0.20144,0.21075,0.33415,0.38478,0.61767,0.16482,0.13137,0.17243,0.04373,0.07166,107.8,97.3,106.5,47.0,44.2,28.1,59.1,18.7,25.6,80.6,109.3,68.1,182.5
1,175.9,76.5,55,24.7,1.933,0.26974,0.19195,0.19004,0.20842,0.3401,0.39163,0.62867,0.16316,0.12394,0.17053,0.04118,0.07265,104.0,89.6,102.7,46.5,43.7,26.4,58.7,18.5,23.5,80.0,108.4,67.6,175.9
1,177.5,85.6,31,27.17,2.055,0.25989,0.19091,0.19704,0.20712,0.32471,0.37391,0.60022,0.16228,0.1285,0.16947,0.04267,0.07017,105.4,94.6,104.0,45.7,43.1,28.1,57.1,18.1,24.8,77.8,105.5,65.7,177.5
1,187.0,100.9,66,28.86,2.289,0.25562,0.19052,0.21732,0.20693,0.31596,0.36384,0.58405,0.16194,0.14173,0.16931,0.04792,0.06922,113.5,112.6,112.1,48.5,45.8,33.0,59.9,19.1,30.1,81.7,110.8,69.0,187.0
1,179.3,79.8,58,24.81,1.993,0.27445,0.18129,0.21385,0.19694,0.34537,0.3977,0.63841,0.1541,0.13947,0.16113,0.04516,0.07396,102.2,104.9,101.0,49.3,46.3,30.6,62.0,19.6,26.8,84.5,114.6,71.4,179.3
1,179.5,106.6,36,33.06,2.305,0.26546,0.20283,0.2283,0.21964,0.32483,0.37405,0.60045,0.1724,0.14889,0.17971,0.05104,0.07208,113.1,110.7,111.3,47.1,44.6,33.7,57.6,18.5,30.0,78.6,106.5,66.4,179.5
1,183.5,87.2,47,25.88,2.109,0.26787,0.18212,0.19718,0.19788,0.33515,0.38593,0.61952,0.1548,0.1286,0.1619,0.04229,0.0723,106.8,100.6,105.5,50.0,47.1,29.2,62.6,19.9,26.1,85.3,115.7,72.0,183.5
1,172.8,70.9,22,23.76,1.845,0.25892,0.18659,0.18656,0.20261,0.32797,0.37767,0.60625,0.1586,0.12167,0.16577,0.04027,0.06965,101.5,88.3,100.2,44.9,42.1,26.1,56.8,17.9,23.1,77.5,105.0,65.4,172.8
1,169.2,56.3,48,19.65,1.626,0.2574,0.18139,0.17631,0.19732,0.331,0.38115,0.61184,0.15418,0.11498,0.16145,0.03704,0.06895,95.1,80.4,94.1,43.0,40.2,23.5,55.3,17.3,20.4,75.3,102.1,63.6,169.2
1,167.7,67.6,24,24.06,1.775,0.25722,0.18166,0.17957,0.19708,0.32626,0.37569,0.60308,0.15441,0.11711,0.16125,0.03845,0.06917,97.9,84.1,96.5,44.1,41.4,25.4,56.0,17.6,21.8,76.3,103.4,64.4,167.7
1,160.8,61.5,36,23.8,1.657,0.26738,0.19284,0.18396,0.20904,0.34051,0.3921,0.62943,0.16391,0.11997,0.17103,0.04028,0.07182,96.9,80.4,95.5,42.8,40.1,24.8,54.5,17.1,21.3,74.3,100.7,62.7,160.8
1,190.9,105.4,48,28.91,2.364,0.25458,0.19047,0.21733,0.20704,0.31395,0.36152,0.58033,0.1619,0.14174,0.16939,0.04842,0.06898,117.3,116.4,115.9,49.9,47.2,33.8,61.6,19.7,31.4,83.9,113.8,70.9,190.9
1,167.2,75.0,69,26.83,1.867,0.25607,0.18974,0.20647,0.20551,0.32201,0.3708,0.59523,0.16128,0.13465,0.16815,0.04509,0.06902,101.1,95.7,99.6,43.4,40.9,29.3,54.6,17.3,25.3,74.5,101.0,62.9,167.2
1,173.8,63.4,56,20.97,1.749,0.26061,0.19034,0.18759,0.20699,0.33305,0.38351,0.61564,0.16179,0.12234,0.16936,0.04154,0.06993,104.7,89.8,103.6,45.7,42.8,26.1,58.3,18.3,24.1,79.6,107.8,67.2,173.8
1,173.4,77.2,41,25.68,1.929,0.26581,0.19648,0.1881,0.21316,0.33446,0.38513,0.61824,0.16701,0.12267,0.17441,0.04171,0.07164,106.2,88.4,104.8,45.7,43.0,26.4,57.6,18.2,23.7,78.5,106.4,66.3,173.4
1,177.8,87.5,51,27.68,2.079,0.2676,0.19597,0.20459,0.21257,0.33373,0.38429,0.61689,0.16657,0.13343,0.17392,0.04579,0.07229,110.6,100.4,109.1,48.1,45.3,29.9,60.0,19.1,27.2,81.8,110.9,69.1,177.8
1,181.6,103.8,40,31.48,2.289,0.27186,0.19652,0.20763,0.21303,0.33403,0.38464,0.61744,0.16704,0.13541,0.1743,0.04592,0.07374,111.9,102.8,110.3,49.3,46.7,30.9,60.6,19.4,27.5,82.6,111.9,69.7,181.6
1,182.0,94.7,65,28.59,2.187,0.27279,0.19293,0.18332,0.20937,0.33841,0.38968,0.62554,0.16399,0.11955,0.1713,0.04058,0.0738,111.4,92.1,109.9,50.2,47.4,27.3,62.2,19.8,24.7,84.8,115.0,71.6,182.0
1,171.1,82.2,62,28.05,1.976,0.26284,0.18172,0.19964,0.19684,0.32854,0.37832,0.60731,0.15446,0.1302,0.16105,0.04203,0.07096,98.5,94.1,97.0,45.3,42.7,28.6,56.7,18.0,24.0,77.3,104.8,65.3,171.1
1,174.2,76.7,57,25.25,1.926,0.2681,0.1935,0.19032,0.20999,0.33768,0.38885,0.6242,0.16447,0.12412,0.17181,0.04144,0.07223,104.0,88.9,102.6,45.9,43.1,26.4,57.8,18.3,23.4,78.8,106.8,66.5,174.2
1,177.6,83.7,23,26.53,2.032,0.26068,0.18791,0.18731,0.20393,0.32639,0.37585,0.60333,0.15973,0.12216,0.16685,0.04095,0.07035,106.7,92.5,105.3,47.1,44.4,27.4,59.0,18.7,24.5,80.4,109.0,67.9,177.6
1,173.6,91.0,55,30.19,2.095,0.26847,0.19673,0.20462,0.21299,0.33281,0.38323,0.61519,0.16722,0.13344,0.17427,0.04487,0.07265,106.1,96.0,104.4,46.1,43.5,29.2,57.1,18.2,25.5,77.9,105.6,65.8,173.6
1,187.6,72.1,58,20.49,1.938,0.26361,0.1876,0.18142,0.20432,0.33559,0.38644,0.62034,0.15946,0.11832,0.16717,0.03966,0.07081,110.5,93.0,109.4,49.4,46.4,25.8,62.9,19.8,24.6,85.8,116.3,72.5,187.6
1,179.2,76.3,53,23.75,1.948,0.26025,0.17743,0.18904,0.19283,0.3287,0.37851,0.6076,0.15082,0.12329,0.15777,0.03957,0.07006,100.7,93.3,99.5,47.0,44.2,27.1,59.4,18.8,23.7,81.0,109.8,68.4,179.2
1,181.0,73.0,44,22.29,1.916,0.25945,0.18927,0.18394,0.20586,0.32908,0.37894,0.6083,0.16088,0.11996,0.16843,0.04086,0.06977,109.6,92.6,108.4,47.8,44.9,26.5,60.7,19.1,24.9,82.7,112.2,69.9,181.0
1,180.5,86.3,28,26.49,2.08,0.26427,0.1919,0.17956,0.20836,0.33045,0.38052,0.61084,0.16311,0.1171,0.17047,0.03992,0.07134,110.7,90.1,109.3,48.5,45.7,26.5,60.7,19.3,24.2,82.7,112.2,69.9,180.5
1,184.3,102.2,22,30.1,2.288,0.26704,0.19381,0.21686,0.21032,0.32914,0.37901,0.60841,0.16474,0.14143,0.17208,0.04812,0.07237,113.5,110.4,111.9,49.8,47.1,32.8,61.3,19.6,29.7,83.6,113.4,70.6,184.3
1,176.9,71.6,34,22.88,1.875,0.26226,0.18278,0.18067,0.19865,0.33256,0.38295,0.61473,0.15536,0.11783,0.16253,0.0385,0.07053,101.8,87.5,100.6,46.5,43.6,25.4,58.9,18.6,22.6,80.4,109.0,67.9,176.9
1,165.8,48.1,69,17.49,1.488,0.25161,0.17851,0.16906,0.19442,0.32626,0.37569,0.60308,0.15174,0.11026,0.15907,0.03534,0.06724,92.1,75.9,91.2,41.3,38.6,22.2,53.6,16.7,19.2,73.1,99.1,61.7,165.8
1,178.5,75.0,24,23.53,1.928,0.25696,0.19283,0.18695,0.20957,0.3249,0.37412,0.60057,0.16391,0.12193,0.17146,0.04154,0.06916,108.6,91.6,107.3,46.1,43.3,26.6,58.3,18.4,24.6,79.4,107.7,67.1,178.5
1,170.6,83.6,44,28.7,1.99,0.26801,0.19149,0.19873,0.20734,0.33439,0.38506,0.61812,0.16277,0.12961,0.16964,0.04325,0.07239,103.0,93.0,101.4,45.9,43.3,28.4,57.3,18.2,24.5,78.1,105.8,65.9,170.6
1,171.5,79.8,64,27.13,1.95,0.27042,0.19001,0.2082,0.20593,0.33897,0.39033,0.62658,0.16151,0.13578,0.16849,0.04515,0.07295,102.5,97.7,101.0,46.4,43.7,29.5,58.2,18.5,25.6,79.4,107.6,67.0,171.5
1,179.9,86.4,32,26.69,2.078,0.25557,0.19177,0.2014,0.20818,0.31946,0.36786,0.59052,0.16301,0.13135,0.17033,0.04393,0.069,107.6,98.3,106.2,45.7,43.0,28.9,57.1,18.1,25.9,77.8,105.5,65.7,179.9
1,184.8,81.9,63,24.0,2.051,0.2617,0.19893,0.19898,0.21633,0.32941,0.37932,0.60891,0.16909,0.12977,0.177,0.04483,0.07052,114.4,99.5,113.1,47.9,45.1,28.5,60.3,19.1,27.1,82.2,111.4,69.4,184.8
1,175.7,63.7,30,20.66,1.764,0.25289,0.17477,0.18135,0.19012,0.32329,0.37227,0.59759,0.14855,0.11827,0.15555,0.03802,0.06785,98.5,88.9,97.4,45.4,42.5,25.6,58.0,18.2,22.6,79.1,107.2,66.8,175.7
1,177.8,85.5,28,27.04,2.055,0.2583,0.18948,0.19916,0.2056,0.32283,0.37174,0.59674,0.16106,0.12989,0.16822,0.04335,0.06974,106.3,97.2,104.9,46.1,43.5,28.8,57.6,18.3,25.6,78.6,106.6,66.4,177.8
1,188.3,78.3,62,22.08,2.023,0.26122,0.19625,0.19483,0.21365,0.33055,0.38063,0.61101,0.16682,0.12706,0.1748,0.04337,0.07029,114.0,98.4,112.8,48.3,45.4,27.5,61.1,19.3,26.5,83.3,113.0,70.4,188.3
1,177.3,109.2,43,34.73,2.319,0.26796,0.19887,0.195,0.2151,0.32656,0.37604,0.60364,0.16904,0.12718,0.17599,0.04376,0.07284,113.0,96.4,111.1,48.5,46.0,29.7,59.1,19.0,26.2,80.5,109.2,68.0,177.3
1,195.0,103.7,39,27.26,2.37,0.27532,0.20085,0.2008,0.21855,0.34082,0.39246,0.62999,0.17072,0.13095,0.17882,0.04576,0.07453,122.9,106.9,121.6,53.6,50.7,30.5,66.4,21.2,29.5,90.5,122.7,76.4,195.0
1,179.7,74.1,45,22.94,1.924,0.24939,0.17906,0.1975,0.19467,0.31578,0.36362,0.58371,0.1522,0.12881,0.15928,0.0415,0.06709,101.4,97.2,100.2,44.9,42.2,28.0,56.9,18.0,24.7,77.6,105.2,65.5,179.7
1,162.3,60.1,41,22.83,1.647,0.25546,0.17893,0.21279,0.19413,0.32608,0.37549,0.60275,0.15209,0.13878,0.15883,0.04458,0.06857,92.0,95.2,90.8,41.8,39.2,29.1,53.4,16.8,24.1,72.8,98.7,61.5,162.3
1,181.2,81.0,46,24.68,2.019,0.2711,0.20048,0.18858,0.21785,0.341,0.39267,0.63034,0.17041,0.12299,0.17824,0.04218,0.07307,111.4,91.1,110.1,48.0,45.1,26.4,60.3,19.1,24.7,82.3,111.5,69.5,181.2
1,178.4,76.8,26,24.14,1.951,0.26576,0.18249,0.19503,0.19827,0.33533,0.38614,0.61986,0.15512,0.1272,0.16222,0.04136,0.07157,102.2,95.0,100.9,47.4,44.5,27.7,59.8,18.9,24.4,81.5,110.5,68.8,178.4
1,185.2,101.5,59,29.59,2.285,0.27521,0.19932,0.20561,0.21636,0.33963,0.39109,0.62781,0.16942,0.13409,0.17703,0.04551,0.07456,113.4,101.7,111.9,49.8,47.1,30.0,61.5,19.7,27.2,83.9,113.7,70.8,185.2
1,180.5,83.9,21,25.74,2.051,0.27253,0.19044,0.21186,0.20684,0.34165,0.39342,0.63154,0.16188,0.13817,0.16923,0.04631,0.07352,108.0,104.5,106.6,49.2,46.3,30.6,61.7,19.6,27.6,84.1,114.0,71.0,180.5
1,174.5,68.3,66,22.43,1.819,0.26151,0.17874,0.17806,0.19425,0.33247,0.38284,0.61457,0.15193,0.11613,0.15893,0.03705,0.07027,97.3,84.3,96.1,45.3,42.5,24.6,57.6,18.1,21.2,78.6,106.5,66.3,174.5
1,166.3,91.9,63,33.23,2.061,0.27228,0.19319,0.21279,0.20849,0.33573,0.38659,0.62059,0.16421,0.13878,0.17058,0.04619,0.07378,101.8,97.5,99.9,45.7,43.2,30.7,56.3,18.0,25.6,76.8,104.1,64.9,166.3
1,173.9,76.3,35,25.21,1.92,0.25635,0.18605,0.18075,0.20191,0.32297,0.3719,0.597,0.15815,0.11788,0.1652,0.039,0.06906,102.5,86.6,101.2,45.0,42.3,25.7,56.7,17.9,22.6,77.3,104.7,65.2,173.9
1,169.1,80.3,60,28.09,1.943,0.26568,0.19183,0.19725,0.2077,0.33241,0.38278,0.61446,0.16305,0.12864,0.16994,0.0427,0.07171,101.3,90.6,99.7,44.7,42.1,27.7,55.9,17.7,23.7,76.2,103.3,64.3,169.1
1,171.1,66.9,33,22.85,1.784,0.25488,0.19128,0.18817,0.20775,0.32406,0.37316,0.59902,0.16259,0.12272,0.16998,0.04116,0.06849,102.2,87.4,100.9,43.3,40.7,25.9,55.1,17.4,23.1,75.1,101.9,63.5,171.1
1,179.9,85.5,50,26.43,2.068,0.27094,0.20048,0.20753,0.21766,0.33896,0.39032,0.62656,0.17041,0.13535,0.17808,0.04673,0.07313,112.3,101.1,110.8,48.3,45.5,29.7,60.4,19.2,27.6,82.4,111.7,69.6,179.9
1,188.0,92.7,46,26.22,2.2,0.26551,0.18721,0.19109,0.20354,0.33107,0.38123,0.61197,0.15913,0.12463,0.16653,0.0412,0.07173,110.0,97.6,108.7,49.6,46.8,28.1,61.9,19.7,25.5,84.4,114.4,71.3,188.0
1,178.5,60.0,56,18.85,1.725,0.25347,0.17516,0.18067,0.19076,0.3257,0.37505,0.60205,0.14889,0.11783,0.15608,0.03806,0.06791,100.2,89.9,99.2,46.2,43.2,25.3,59.3,18.6,22.9,80.9,109.6,68.3,178.5
1,166.5,93.9,27,33.86,2.084,0.26329,0.19985,0.20848,0.21562,0.32397,0.37305,0.59884,0.16987,0.13596,0.17641,0.04641,0.07139,105.8,96.0,103.8,44.4,42.0,30.3,54.6,17.5,25.9,74.5,100.9,62.9,166.5
1,178.8,97.1,26,30.37,2.197,0.27374,0.20722,0.21094,0.22459,0.33813,0.38936,0.62502,0.17614,0.13757,0.18376,0.04809,0.07414,115.0,101.8,113.3,48.3,45.7,30.6,59.7,19.1,28.1,81.4,110.4,68.8,178.8
1,184.5,80.2,48,23.58,2.028,0.25608,0.18475,0.19317,0.20093,0.32285,0.37177,0.59679,0.15704,0.12598,0.1644,0.04244,0.06898,110.3,100.3,109.1,48.7,45.8,28.6,61.4,19.4,26.7,83.7,113.4,70.7,184.5
1,170.9,62.0,45,21.21,1.715,0.25411,0.18296,0.17486,0.19889,0.32485,0.37408,0.60049,0.15552,0.11404,0.16273,0.03715,0.06818,97.8,81.3,96.7,43.2,40.5,23.9,55.3,17.4,20.9,75.4,102.2,63.7,170.9
1,174.5,80.3,20,26.37,1.973,0.25764,0.19229,0.20192,0.20859,0.32327,0.37225,0.59757,0.16345,0.13168,0.17066,0.04433,0.06949,105.6,96.4,104.1,45.0,42.4,28.8,56.5,17.9,25.6,77.1,104.4,65.1,174.5
1,175.6,78.2,31,25.36,1.953,0.26546,0.19375,0.19185,0.2103,0.33402,0.38463,0.61743,0.16469,0.12512,0.17207,0.04202,0.07154,105.5,90.9,104.1,46.0,43.3,26.9,57.9,18.3,24.1,79.0,107.1,66.7,175.6
1,169.6,75.9,42,26.4,1.892,0.26751,0.18391,0.20471,0.19933,0.33644,0.38742,0.62191,0.15633,0.13351,0.16309,0.04312,0.0721,97.4,94.3,96.0,45.1,42.4,28.6,56.7,18.0,24.0,77.3,104.8,65.3,169.6
1,180.4,83.8,32,25.76,2.049,0.27032,0.18817,0.19645,0.20436,0.33889,0.39023,0.62643,0.15994,0.12812,0.16721,0.04287,0.07292,107.7,97.8,106.3,49.2,46.4,28.6,61.7,19.6,25.8,84.2,114.1,71.1,180.4
1,174.6,82.3,19,27.0,1.998,0.26235,0.19601,0.19363,0.21256,0.32847,0.37823,0.60717,0.16661,0.12628,0.17391,0.04335,0.0708,108.7,93.3,107.1,46.3,43.6,27.9,58.0,18.4,25.3,79.0,107.1,66.7,174.6
1,178.6,99.2,41,31.1,2.219,0.27103,0.19401,0.20115,0.21021,0.33401,0.38462,0.61741,0.16491,0.13118,0.17199,0.04433,0.07346,109.7,98.9,108.1,48.8,46.2,29.9,60.1,19.2,26.4,82.0,111.2,69.3,178.6
1,168.8,77.7,31,27.25,1.909,0.25674,0.1915,0.20488,0.20743,0.32213,0.37094,0.59546,0.16278,0.13362,0.16972,0.04429,0.06924,100.7,93.7,99.2,43.0,40.5,28.6,53.9,17.1,24.5,73.5,99.7,62.1,168.8
1,172.2,63.4,65,21.38,1.742,0.25953,0.17351,0.18676,0.18862,0.33143,0.38165,0.61264,0.14748,0.1218,0.15433,0.03927,0.06966,97.2,91.0,96.1,46.3,43.4,26.6,59.1,18.6,23.2,80.6,109.3,68.1,172.2
1,180.9,100.5,24,30.7,2.247,0.27166,0.18342,0.20335,0.19886,0.33479,0.38551,0.61885,0.15591,0.13262,0.1627,0.04288,0.07363,104.0,100.3,102.5,49.0,46.4,30.1,60.4,19.3,25.6,82.4,111.7,69.6,180.9
1,172.7,95.5,53,32.01,2.14,0.26384,0.19441,0.19618,0.21027,0.32531,0.37459,0.60132,0.16525,0.12795,0.17204,0.04323,0.0715,106.9,93.8,105.1,46.2,43.7,28.9,56.9,18.2,25.0,77.6,105.2,65.6,172.7
1,188.5,142.6,67,40.16,2.732,0.27772,0.21561,0.23831,0.23357,0.32985,0.37983,0.60973,0.18326,0.15542,0.1911,0.0555,0.076,127.3,122.3,125.4,52.2,49.9,37.7,62.0,20.2,34.5,84.5,114.6,71.4,188.5
1,172.5,62.9,41,21.15,1.736,0.25383,0.17887,0.17392,0.19448,0.32436,0.37351,0.59957,0.15204,0.11343,0.15912,0.03631,0.06811,96.4,81.5,95.3,43.6,40.8,23.8,55.7,17.5,20.6,75.9,102.9,64.1,172.5
1,177.2,81.5,44,25.96,2.003,0.25223,0.17763,0.18073,0.1928,0.31649,0.36444,0.58502,0.15098,0.11787,0.15775,0.03816,0.06803,101.4,89.7,100.1,45.8,43.1,26.5,57.5,18.2,22.9,78.4,106.3,66.2,177.2
1,182.5,61.0,54,18.31,1.758,0.26561,0.1726,0.17092,0.18806,0.34144,0.39318,0.63115,0.14671,0.11147,0.15387,0.03519,0.07115,99.3,85.5,98.4,48.6,45.5,23.7,62.5,19.6,21.3,85.3,115.6,72.0,182.5
1,164.9,73.9,55,27.19,1.84,0.25783,0.19306,0.19281,0.20897,0.32423,0.37335,0.59933,0.1641,0.12575,0.17097,0.04204,0.06949,99.8,86.6,98.2,42.4,39.9,26.7,53.3,16.9,22.9,72.7,98.6,61.4,164.9
1,162.3,60.7,47,23.05,1.654,0.25382,0.19291,0.17616,0.20927,0.32377,0.37283,0.59849,0.16397,0.11489,0.17122,0.0388,0.06815,98.2,78.0,96.9,41.1,38.6,23.8,52.5,16.5,20.8,71.6,97.0,60.4,162.3
1,164.1,89.9,44,33.4,2.024,0.26316,0.20487,0.19264,0.22094,0.32477,0.37398,0.60033,0.17414,0.12564,0.18077,0.0433,0.0713,105.8,86.5,103.7,43.3,40.9,27.4,53.4,17.1,23.5,72.8,98.7,61.5,164.1
1,185.0,76.2,56,22.28,1.979,0.2497,0.17371,0.17689,0.18903,0.31619,0.3641,0.58448,0.14766,0.11536,0.15466,0.03687,0.06718,102.8,91.1,101.7,47.0,44.2,25.8,59.6,18.8,23.0,81.2,110.1,68.6,185.0
1,171.4,57.0,32,19.43,1.648,0.25261,0.17965,0.18123,0.19549,0.32481,0.37402,0.60041,0.1527,0.11819,0.15994,0.03872,0.06767,98.3,86.2,97.2,44.0,41.1,25.0,56.6,17.7,22.3,77.1,104.6,65.1,171.4
1,194.7,88.4,43,23.32,2.186,0.26287,0.18007,0.17957,0.1961,0.33022,0.38025,0.6104,0.15306,0.11711,0.16045,0.03861,0.07088,112.5,97.5,111.3,52.3,49.2,27.1,65.6,20.8,25.4,89.5,121.3,75.6,194.7
1,171.3,54.6,18,18.61,1.612,0.25491,0.17514,0.17675,0.19068,0.32868,0.37848,0.60756,0.14887,0.11527,0.15601,0.03637,0.06823,93.5,82.0,92.5,43.3,40.5,23.7,55.8,17.5,20.4,76.1,103.2,64.3,171.3
1,176.9,87.6,21,28.01,2.075,0.25706,0.18877,0.2154,0.2047,0.32038,0.36892,0.59222,0.16045,0.14048,0.16748,0.04656,0.06946,105.1,104.3,103.6,45.5,43.0,31.2,56.8,18.1,27.3,77.4,104.9,65.4,176.9
1,187.1,64.3,46,18.36,1.827,0.25847,0.18223,0.17956,0.1986,0.33167,0.38192,0.61308,0.15489,0.11711,0.16249,0.03853,0.06928,107.2,91.8,106.2,48.4,45.3,25.1,62.1,19.5,23.9,84.7,114.8,71.5,187.1
1,190.5,91.3,18,25.14,2.198,0.25691,0.19026,0.19418,0.207,0.3212,0.36987,0.59373,0.16172,0.12664,0.16936,0.04346,0.06936,116.9,103.7,115.6,50.2,47.3,29.5,62.8,19.9,28.1,85.6,116.1,72.3,190.5
1,191.0,66.8,60,18.33,1.883,0.26253,0.17844,0.17376,0.19453,0.33645,0.38743,0.62192,0.15168,0.11332,0.15916,0.0367,0.07039,107.1,90.7,106.1,50.2,46.9,24.5,64.3,20.2,23.2,87.7,118.8,74.0,191.0
1,184.6,81.3,67,23.85,2.041,0.2621,0.18808,0.21095,0.20454,0.33011,0.38012,0.6102,0.15987,0.13758,0.16735,0.04559,0.07062,108.0,105.4,106.8,47.9,45.1,30.1,60.4,19.1,27.6,82.3,111.6,69.5,184.6
1,183.2,107.5,63,32.02,2.338,0.26053,0.19634,0.20063,0.21288,0.31921,0.36758,0.59006,0.16689,0.13084,0.17417,0.04528,0.07072,116.2,103.2,114.5,49.1,46.5,31.0,60.1,19.3,28.2,82.0,111.2,69.2,183.2
1,179.9,85.5,39,26.42,2.068,0.26087,0.19159,0.19386,0.20801,0.32637,0.37582,0.60329,0.16285,0.12643,0.17019,0.04275,0.07041,109.2,96.1,107.8,47.3,44.6,28.2,59.2,18.8,25.6,80.7,109.4,68.2,179.9
1,181.3,72.3,28,21.99,1.908,0.25426,0.18536,0.19258,0.20164,0.3228,0.37171,0.59669,0.15756,0.12559,0.16498,0.0423,0.06835,108.1,97.7,106.9,47.2,44.3,27.9,59.9,18.9,26.0,81.7,110.8,69.0,181.3
1,171.4,73.2,27,24.91,1.866,0.25766,0.17782,0.18933,0.19293,0.32535,0.37464,0.6014,0.15115,0.12348,0.15785,0.03941,0.06937,96.3,89.2,95.0,44.4,41.8,26.7,56.1,17.7,22.5,76.5,103.7,64.6,171.4
1,169.4,72.0,34,25.1,1.84,0.25486,0.18364,0.18968,0.19916,0.32193,0.37071,0.59508,0.15609,0.12371,0.16295,0.04061,0.06861,99.0,89.0,97.7,43.8,41.1,26.8,55.3,17.5,23.1,75.4,102.2,63.6,169.4
1,175.5,82.7,53,26.87,2.008,0.25527,0.18474,0.19615,0.20038,0.3196,0.36803,0.59078,0.15703,0.12792,0.16395,0.04157,0.06889,101.3,93.5,99.8,44.5,42.0,27.9,55.8,17.7,24.0,76.0,103.1,64.2,175.5
1,174.2,61.9,64,20.39,1.731,0.25549,0.18004,0.18075,0.19586,0.3271,0.37666,0.60463,0.15303,0.11788,0.16025,0.03807,0.06852,98.3,85.8,97.2,44.4,41.6,24.8,56.8,17.8,21.9,77.5,105.1,65.5,174.2
1,172.1,81.0,43,27.35,1.968,0.27249,0.19224,0.20441,0.20834,0.3412,0.3929,0.63071,0.1634,0.13331,0.17046,0.04404,0.07353,102.0,94.3,100.5,46.0,43.3,28.5,57.6,18.3,24.6,78.6,106.5,66.3,172.1
1,180.7,55.5,65,17.0,1.67,0.25949,0.17525,0.17951,0.19104,0.33534,0.38615,0.61987,0.14896,0.11707,0.1563,0.03738,0.06941,99.6,88.7,98.7,46.9,43.8,24.5,60.7,18.9,22.4,82.7,112.1,69.8,180.7
1,182.7,76.0,38,22.77,1.963,0.25965,0.18126,0.18549,0.19715,0.32855,0.37833,0.60732,0.15407,0.12097,0.16131,0.03916,0.06987,103.5,92.1,102.3,47.2,44.3,26.3,59.7,18.8,23.5,81.4,110.4,68.8,182.7
1,176.2,72.2,30,23.26,1.879,0.26502,0.17476,0.18187,0.18989,0.33574,0.38661,0.62062,0.14855,0.11861,0.15536,0.03761,0.07129,97.5,88.3,96.3,47.1,44.2,25.8,59.6,18.8,22.1,81.3,110.3,68.7,176.2
1,186.6,95.8,26,27.52,2.228,0.26113,0.17773,0.19312,0.1931,0.32435,0.3735,0.59956,0.15107,0.12595,0.15799,0.04066,0.07062,105.9,100.1,104.6,49.5,46.8,29.1,61.5,19.6,25.5,83.9,113.7,70.9,186.6
1,166.9,70.0,28,25.11,1.801,0.25716,0.18723,0.18296,0.20298,0.32519,0.37446,0.60111,0.15915,0.11932,0.16608,0.03893,0.06921,97.0,82.4,95.6,42.4,39.8,25.0,53.6,16.9,21.2,73.1,99.1,61.7,166.9
1,174.0,61.4,28,20.27,1.723,0.25377,0.18064,0.17359,0.19652,0.32504,0.37429,0.60084,0.15354,0.11321,0.16079,0.03622,0.06805,97.0,81.0,95.9,43.4,40.6,23.4,55.5,17.4,20.5,75.7,102.7,64.0,174.0
1,170.1,62.5,23,21.59,1.718,0.26746,0.17922,0.18836,0.19477,0.34162,0.39338,0.63148,0.15234,0.12284,0.15936,0.03916,0.07178,94.8,86.6,93.6,45.0,42.2,25.6,57.5,18.1,21.8,78.4,106.3,66.2,170.1
1,161.5,67.3,18,25.79,1.737,0.25939,0.19341,0.19934,0.20941,0.32818,0.37791,0.60664,0.1644,0.13,0.17133,0.04362,0.0698,97.9,87.8,96.4,41.8,39.3,27.2,52.9,16.7,23.3,72.1,97.8,60.9,161.5
1,174.9,75.6,23,24.73,1.917,0.25154,0.179,0.19607,0.19433,0.31728,0.36536,0.58649,0.15215,0.12787,0.15899,0.04135,0.06774,99.8,95.1,98.5,44.6,42.0,28.1,56.3,17.8,24.3,76.8,104.1,64.8,174.9
1,174.6,69.9,30,22.95,1.842,0.25253,0.19483,0.17315,0.21168,0.32048,0.36904,0.59241,0.1656,0.11292,0.17319,0.03814,0.0679,105.1,81.2,103.8,43.3,40.7,23.8,55.0,17.3,21.6,75.0,101.7,63.3,174.6
1,186.9,81.3,39,23.29,2.054,0.26194,0.19703,0.19125,0.21437,0.33023,0.38027,0.61043,0.16748,0.12473,0.1754,0.0429,0.07055,114.7,96.8,113.4,48.5,45.6,27.4,61.2,19.3,26.3,83.4,113.1,70.4,186.9
1,180.2,90.2,48,27.78,2.126,0.2753,0.18629,0.19741,0.20216,0.34278,0.39471,0.63362,0.15835,0.12874,0.1654,0.04142,0.07441,102.4,94.3,101.0,48.2,45.4,27.9,60.0,19.1,24.0,81.8,110.8,69.0,180.2
1,167.8,65.2,39,23.16,1.744,0.25138,0.18028,0.18506,0.19569,0.31976,0.36821,0.59107,0.15324,0.12069,0.16011,0.03932,0.06754,96.7,86.3,95.4,42.9,40.3,25.9,54.6,17.2,22.2,74.5,100.9,62.9,167.8
1,189.4,88.6,54,24.7,2.159,0.26118,0.18906,0.19454,0.20568,0.32723,0.37681,0.60488,0.1607,0.12687,0.16828,0.04213,0.07047,111.1,99.4,109.8,48.8,46.0,28.2,61.2,19.4,26.1,83.4,113.1,70.5,189.4
1,184.7,118.2,64,34.66,2.462,0.27123,0.18729,0.22434,0.20297,0.32906,0.37892,0.60827,0.1592,0.14631,0.16607,0.04768,0.07382,107.8,112.2,106.2,49.7,47.2,34.0,60.3,19.4,28.9,82.2,111.4,69.4,184.7
1,179.9,65.4,44,20.22,1.808,0.26324,0.17172,0.18191,0.18692,0.33647,0.38745,0.62196,0.14597,0.11864,0.15293,0.03724,0.07063,97.5,89.8,96.5,47.6,44.6,25.5,60.8,19.1,22.3,83.0,112.4,70.0,179.9
1,173.8,57.3,67,18.96,1.663,0.25443,0.18551,0.16878,0.20195,0.32737,0.37697,0.60514,0.15768,0.11008,0.16523,0.03599,0.06814,99.3,78.5,98.2,43.3,40.5,22.5,55.8,17.5,20.3,76.0,103.1,64.2,173.8
1,168.3,79.7,69,28.15,1.931,0.26188,0.20307,0.192,0.21984,0.32773,0.37739,0.60581,0.17261,0.12522,0.17987,0.04333,0.07068,106.7,87.7,105.0,43.8,41.3,26.9,54.8,17.4,24.0,74.8,101.3,63.1,168.3
1,172.7,67.4,31,22.61,1.799,0.26207,0.18524,0.18442,0.20126,0.33324,0.38373,0.61599,0.15745,0.12028,0.16466,0.04003,0.07042,101.9,88.3,100.7,45.9,43.1,26.0,58.4,18.4,23.2,79.6,107.9,67.2,172.7
1,183.7,80.5,64,23.86,2.026,0.26403,0.1881,0.1925,0.20454,0.33267,0.38307,0.61494,0.15989,0.12554,0.16735,0.04194,0.07113,108.7,96.8,107.5,48.6,45.7,27.7,61.2,19.4,25.5,83.5,113.1,70.5,183.7
1,189.6,80.1,22,22.26,2.053,0.25831,0.18234,0.17644,0.19852,0.32647,0.37593,0.60347,0.15499,0.11507,0.16243,0.03809,0.06953,110.2,92.7,109.1,49.7,46.7,25.9,62.8,19.8,24.2,85.6,116.1,72.3,189.6
1,187.1,84.2,53,24.07,2.092,0.25729,0.19561,0.1802,0.21278,0.32343,0.37244,0.59786,0.16627,0.11752,0.17409,0.04062,0.06936,115.8,92.7,114.5,48.5,45.6,26.4,60.9,19.3,25.3,83.1,112.6,70.2,187.1
1,171.8,93.9,49,31.81,2.117,0.27032,0.21129,0.21025,0.22849,0.33369,0.38425,0.61682,0.17959,0.13712,0.18695,0.04833,0.07323,112.9,97.7,111.0,46.0,43.5,30.1,56.7,18.1,27.2,77.4,104.9,65.3,171.8
1,167.1,78.8,51,28.23,1.913,0.26462,0.18964,0.19006,0.20523,0.33129,0.38149,0.61239,0.16119,0.12395,0.16792,0.04049,0.07141,98.1,85.5,96.5,43.6,41.0,26.3,54.6,17.3,22.0,74.4,100.8,62.8,167.1
1,176.6,88.8,24,28.48,2.087,0.26145,0.18146,0.18837,0.19672,0.3254,0.37471,0.6015,0.15424,0.12285,0.16096,0.0394,0.07067,100.3,90.6,98.9,46.0,43.4,27.2,57.3,18.2,22.9,78.1,105.8,65.9,176.6
1,162.2,53.3,59,20.24,1.549,0.24806,0.16479,0.17444,0.1791,0.31924,0.36761,0.59011,0.14007,0.11376,0.14654,0.03455,0.06643,84.9,78.2,83.9,40.7,38.0,23.6,52.4,16.4,18.7,71.4,96.8,60.3,162.2
1,177.9,66.7,65,21.06,1.815,0.2643,0.1897,0.18197,0.20637,0.33709,0.38817,0.62311,0.16124,0.11868,0.16884,0.03981,0.07096,105.4,87.9,104.3,46.8,43.8,25.2,59.6,18.7,23.3,81.3,110.2,68.7,177.9
1,174.4,51.7,27,17.0,1.583,0.25728,0.17646,0.17034,0.19231,0.33318,0.38366,0.61587,0.14999,0.11109,0.15735,0.03531,0.06878,95.6,80.3,94.8,44.4,41.4,22.7,57.5,17.9,20.1,78.4,106.3,66.2,174.4
1,172.0,65.6,67,22.17,1.77,0.25298,0.17775,0.1753,0.19314,0.32225,0.37108,0.59568,0.15108,0.11433,0.15803,0.03734,0.06795,99.0,84.9,97.8,44.8,42.0,25.0,57.1,18.0,21.9,77.9,105.6,65.8,172.0
1,163.5,77.3,34,28.89,1.874,0.26489,0.18057,0.19954,0.1952,0.33158,0.38182,0.61292,0.15348,0.13014,0.15971,0.04126,0.07149,92.6,89.0,91.0,43.2,40.7,27.8,54.1,17.2,22.3,73.8,100.1,62.3,163.5
1,179.4,87.0,47,27.05,2.082,0.26582,0.18591,0.19227,0.20177,0.33196,0.38226,0.61362,0.15802,0.12539,0.16509,0.04126,0.07179,105.1,94.5,103.6,47.8,45.1,27.9,59.7,19.0,24.5,81.4,110.4,68.8,179.4
1,171.5,71.2,38,24.21,1.842,0.26314,0.18609,0.19365,0.20198,0.33302,0.38347,0.61557,0.15818,0.12629,0.16526,0.04112,0.0708,98.9,89.4,97.5,44.5,41.8,26.6,56.3,17.8,23.0,76.8,104.1,64.8,171.5
1,166.7,69.3,30,24.94,1.792,0.25978,0.1876,0.18919,0.20339,0.32871,0.37852,0.60762,0.15946,0.12338,0.16641,0.04053,0.0699,97.7,85.7,96.3,43.1,40.4,26.0,54.5,17.2,22.2,74.3,100.7,62.7,166.7
1,154.0,53.5,18,22.57,1.513,0.25502,0.179,0.18565,0.19405,0.32698,0.37652,0.60441,0.15215,0.12108,0.15877,0.03833,0.06837,86.0,77.5,84.7,39.0,36.5,24.4,50.0,15.7,19.4,68.2,92.4,57.6,154.0
1,175.3,79.3,18,25.81,1.965,0.25335,0.18097,0.2002,0.19638,0.31835,0.36658,0.58846,0.15383,0.13056,0.16068,0.04226,0.0683,100.4,96.6,99.0,44.7,42.1,28.7,56.2,17.8,24.7,76.7,103.9,64.7,175.3
1,188.8,100.1,64,28.08,2.291,0.26053,0.18956,0.2099,0.206,0.3226,0.37148,0.59633,0.16112,0.13689,0.16855,0.04574,0.07052,112.4,108.3,111.1,49.2,46.5,31.4,60.9,19.4,28.6,83.0,112.6,70.1,188.8
1,188.0,69.4,50,19.64,1.903,0.2602,0.18992,0.19537,0.20691,0.33223,0.38256,0.61411,0.16143,0.12742,0.16929,0.04272,0.06984,110.6,98.9,109.5,48.2,45.2,27.2,61.6,19.3,26.2,84.0,113.8,70.9,188.0
1,172.1,77.5,55,26.18,1.925,0.25386,0.18932,0.20128,0.2053,0.31911,0.36746,0.58987,0.16092,0.13127,0.16797,0.04363,0.06843,102.4,94.7,101.0,43.7,41.1,28.4,55.0,17.4,24.8,74.9,101.6,63.3,172.1
1,171.0,84.2,42,28.79,1.999,0.25797,0.19581,0.20301,0.21202,0.32172,0.37046,0.59469,0.16644,0.1324,0.17347,0.04471,0.06969,104.9,94.6,103.3,44.0,41.5,28.8,54.9,17.4,25.2,74.8,101.4,63.2,171.0
1,179.0,75.4,43,23.52,1.936,0.26035,0.17617,0.18277,0.19147,0.32912,0.37898,0.60837,0.14975,0.1192,0.15666,0.03848,0.07007,101.4,91.5,100.2,47.7,44.8,26.5,60.3,19.0,23.3,82.2,111.5,69.4,179.0
1,168.0,78.5,30,27.8,1.914,0.26426,0.17277,0.19441,0.18706,0.33114,0.38131,0.61211,0.14685,0.12679,0.15305,0.03921,0.0713,91.3,89.3,89.8,44.4,41.9,27.4,55.7,17.7,21.8,75.9,102.9,64.1,168.0
1,177.8,120.6,45,38.18,2.441,0.26326,0.19789,0.20922,0.2138,0.31715,0.3652,0.58624,0.16821,0.13645,0.17493,0.04684,0.07178,114.0,104.8,111.9,48.3,45.9,32.7,58.1,18.8,28.4,79.3,107.5,66.9,177.8
1,181.2,80.9,50,24.64,2.019,0.27212,0.18113,0.19197,0.19683,0.34232,0.39419,0.63278,0.15396,0.1252,0.16104,0.04076,0.07334,103.9,95.8,102.7,49.7,46.8,27.8,62.5,19.8,24.6,85.3,115.6,72.0,181.2
1,184.7,90.6,54,26.55,2.156,0.25604,0.19315,0.20433,0.20986,0.31943,0.36782,0.59045,0.16418,0.13326,0.17171,0.04512,0.06916,112.0,103.0,110.6,47.2,44.6,29.9,58.9,18.7,27.5,80.4,109.0,67.9,184.7
1,174.7,68.4,58,22.41,1.822,0.26769,0.2033,0.18363,0.22095,0.34031,0.39187,0.62906,0.17281,0.11976,0.18078,0.04204,0.07193,110.3,86.7,109.0,46.2,43.4,25.3,58.8,18.5,24.0,80.2,108.7,67.7,174.7
1,174.0,77.8,47,25.72,1.939,0.25786,0.18882,0.19112,0.20486,0.32433,0.37347,0.59952,0.1605,0.12464,0.16762,0.04186,0.0695,104.8,92.2,103.3,45.5,42.8,27.5,57.3,18.1,24.4,78.1,105.9,66.0,174.0
1,168.9,76.5,66,26.82,1.895,0.26827,0.2051,0.19144,0.22222,0.33706,0.38813,0.62305,0.17434,0.12485,0.18182,0.04371,0.07233,108.2,87.8,106.6,45.1,42.4,26.7,56.6,17.9,24.3,77.2,104.7,65.2,168.9
1,169.3,73.9,65,25.77,1.864,0.26816,0.1944,0.19933,0.21076,0.338,0.38922,0.6248,0.16524,0.13,0.17244,0.0433,0.07224,101.2,90.2,99.7,44.4,41.8,27.3,56.0,17.7,23.7,76.4,103.5,64.5,169.3
1,173.8,64.9,25,21.48,1.77,0.24659,0.17628,0.17889,0.19166,0.31459,0.36226,0.58152,0.14984,0.11666,0.15681,0.03735,0.0662,97.2,85.8,96.1,43.3,40.6,25.0,55.2,17.4,21.7,75.3,102.0,63.6,173.8
1,178.3,82.0,66,25.81,2.015,0.2574,0.18623,0.18529,0.20218,0.32296,0.37189,0.59698,0.15829,0.12084,0.16542,0.04049,0.06942,106.8,92.4,105.4,47.0,44.2,27.2,58.9,18.7,24.4,80.4,108.9,67.9,178.3
1,182.4,103.6,64,31.17,2.291,0.27139,0.20911,0.20391,0.22674,0.33366,0.38421,0.61676,0.17774,0.13299,0.18552,0.04709,0.0736,119.3,101.1,117.6,49.3,46.6,30.3,60.6,19.4,28.3,82.6,112.0,69.8,182.4
1,169.5,76.9,18,26.77,1.903,0.24668,0.19532,0.19607,0.21164,0.30989,0.35684,0.57283,0.16602,0.12787,0.17316,0.04394,0.06651,105.9,92.4,104.3,42.6,40.1,28.1,53.5,16.9,25.1,72.9,98.8,61.6,169.5
1,186.7,100.8,29,28.91,2.286,0.27396,0.18931,0.20124,0.2056,0.33862,0.38992,0.62593,0.16091,0.13125,0.16822,0.0441,0.07419,112.4,103.9,111.0,51.8,49.0,30.5,64.0,20.4,27.6,87.3,118.3,73.7,186.7
1,173.5,72.7,22,24.15,1.871,0.26621,0.18935,0.19,0.20558,0.33665,0.38766,0.6223,0.16095,0.12391,0.1682,0.04093,0.07164,101.8,88.8,100.5,45.5,42.8,26.3,57.6,18.2,23.2,78.5,106.5,66.3,173.5
1,175.3,86.1,41,28.01,2.048,0.27566,0.1884,0.20759,0.20425,0.34385,0.39595,0.6356,0.16014,0.13538,0.16711,0.04383,0.07447,100.9,96.7,99.5,47.0,44.3,29.0,58.6,18.6,24.7,80.0,108.4,67.5,175.3
1,169.9,75.3,23,26.1,1.886,0.25222,0.18937,0.18819,0.20528,0.31747,0.36557,0.58684,0.16096,0.12273,0.16796,0.04119,0.06796,102.6,88.7,101.1,43.5,40.9,26.8,54.8,17.3,23.5,74.7,101.2,63.1,169.9
1,157.3,53.7,42,21.7,1.532,0.25774,0.18546,0.18796,0.20126,0.33086,0.38099,0.61158,0.15764,0.12258,0.16467,0.04063,0.06907,92.7,81.7,91.4,41.0,38.4,25.3,52.6,16.5,21.4,71.8,97.3,60.6,157.3
1,182.1,87.1,18,26.25,2.099,0.26788,0.18902,0.1884,0.2053,0.33497,0.38572,0.61918,0.16066,0.12287,0.16798,0.04115,0.07232,108.9,94.4,107.5,49.1,46.3,27.6,61.4,19.5,24.9,83.7,113.5,70.7,182.1
1,181.0,70.7,42,21.57,1.885,0.2587,0.17754,0.18341,0.19316,0.32895,0.37879,0.60806,0.15091,0.11962,0.15804,0.03855,0.06951,101.8,91.5,100.7,47.2,44.3,26.0,60.0,18.9,23.3,81.9,111.0,69.1,181.0
1,173.4,68.4,18,22.76,1.815,0.26722,0.19062,0.1821,0.2071,0.33951,0.39095,0.62757,0.16203,0.11876,0.16945,0.0391,0.07182,100.9,83.8,99.7,45.0,42.2,24.6,57.2,18.0,21.8,78.0,105.7,65.9,173.4
1,176.0,79.8,49,25.75,1.975,0.25591,0.18902,0.1906,0.20515,0.32152,0.37024,0.59433,0.16067,0.1243,0.16785,0.04159,0.069,105.4,92.4,103.9,45.4,42.7,27.4,57.0,18.1,24.4,77.8,105.4,65.7,176.0
1,179.4,84.2,59,26.17,2.048,0.2608,0.18878,0.18226,0.20496,0.32666,0.37616,0.60383,0.16046,0.11887,0.16769,0.0397,0.07037,107.0,89.8,105.6,47.1,44.3,26.4,58.9,18.7,23.7,80.4,108.9,67.9,179.4
1,163.8,56.2,59,20.94,1.599,0.26068,0.18442,0.19143,0.20037,0.33454,0.38523,0.61839,0.15676,0.12484,0.16394,0.04024,0.06987,92.6,83.6,91.5,41.7,39.0,25.2,53.5,16.8,21.3,72.9,98.9,61.6,163.8
1,171.5,86.3,20,29.31,2.027,0.2705,0.19332,0.20988,0.20929,0.33666,0.38767,0.62232,0.16432,0.13688,0.17124,0.04556,0.07312,103.3,97.5,101.7,46.0,43.4,29.8,57.3,18.2,25.6,78.1,105.8,65.9,171.5
1,181.5,89.8,66,27.27,2.127,0.26409,0.20012,0.20883,0.21726,0.32919,0.37907,0.6085,0.1701,0.13619,0.17776,0.04672,0.07136,112.4,102.0,111.0,47.2,44.5,30.0,58.9,18.7,27.6,80.3,108.8,67.8,181.5
1,166.1,62.1,36,22.52,1.693,0.25807,0.18323,0.18315,0.19892,0.32919,0.37907,0.6085,0.15574,0.11944,0.16275,0.03932,0.06928,96.9,84.2,95.7,43.5,40.7,25.3,55.4,17.4,21.9,75.6,102.5,63.8,166.1
1,177.7,62.8,60,19.87,1.76,0.25132,0.17291,0.174,0.1882,0.32188,0.37065,0.59499,0.14697,0.11348,0.15399,0.03588,0.0674,97.3,85.1,96.3,45.0,42.1,24.2,57.7,18.1,21.3,78.6,106.6,66.4,177.7
1,165.3,66.9,46,24.49,1.753,0.25484,0.17608,0.18076,0.19092,0.32315,0.37211,0.59734,0.14967,0.11789,0.15621,0.03753,0.06853,92.9,82.9,91.6,42.8,40.2,25.2,54.3,17.1,20.8,74.0,100.3,62.5,165.3
1,179.0,75.0,67,23.41,1.931,0.26734,0.18595,0.20419,0.20211,0.33808,0.38931,0.62494,0.15806,0.13317,0.16536,0.04361,0.07195,103.3,98.7,102.1,47.3,44.4,28.6,59.8,18.9,25.5,81.5,110.5,68.9,179.0
1,175.2,78.2,19,25.46,1.951,0.26336,0.19528,0.20891,0.21194,0.33133,0.38154,0.61247,0.16599,0.13625,0.17341,0.04581,0.07098,105.6,98.2,104.2,45.3,42.6,29.1,57.0,18.0,26.1,77.7,105.4,65.7,175.2
1,163.4,63.3,26,23.7,1.695,0.26037,0.18216,0.18675,0.19755,0.33129,0.38148,0.61238,0.15484,0.1218,0.16163,0.03962,0.06995,94.4,84.1,93.0,42.9,40.3,25.7,54.6,17.2,21.6,74.5,101.0,62.9,163.4
1,184.2,62.9,34,18.52,1.794,0.25848,0.17405,0.17524,0.18964,0.33183,0.3821,0.61338,0.14794,0.11428,0.15516,0.03638,0.06927,101.3,88.7,100.3,47.9,44.8,24.5,61.5,19.3,22.3,83.8,113.6,70.8,184.2
1,170.0,68.2,63,23.61,1.795,0.25742,0.18452,0.19809,0.2003,0.32663,0.37612,0.60378,0.15684,0.12919,0.16388,0.04243,0.06921,99.0,92.4,97.7,44.0,41.3,27.6,55.8,17.6,24.0,76.1,103.1,64.2,170.0
1,169.4,68.6,53,23.91,1.797,0.26012,0.17825,0.17973,0.19344,0.32983,0.37981,0.60969,0.15151,0.11721,0.15827,0.038,0.06995,97.1,85.2,95.8,45.1,42.4,25.5,57.2,18.0,21.8,78.0,105.7,65.9,169.4
1,177.0,86.2,34,27.52,2.059,0.26209,0.1941,0.19889,0.21054,0.32717,0.37674,0.60477,0.16499,0.12971,0.17226,0.04419,0.07079,109.0,97.2,107.5,46.9,44.2,29.0,58.5,18.6,26.1,79.8,108.1,67.4,177.0
1,184.1,76.4,66,22.54,1.977,0.26959,0.18866,0.20173,0.20525,0.34119,0.39288,0.63068,0.16036,0.13156,0.16793,0.04371,0.07254,107.9,100.3,106.7,49.1,46.1,28.5,62.1,19.6,26.3,84.7,114.8,71.5,184.1
1,167.9,90.7,29,32.19,2.057,0.27297,0.19175,0.19791,0.20712,0.33735,0.38846,0.62358,0.16298,0.12907,0.16946,0.04302,0.07393,102.5,92.0,100.6,46.4,43.9,28.7,57.4,18.3,24.2,78.3,106.1,66.1,167.9
1,176.0,58.2,37,18.79,1.686,0.25565,0.17919,0.18519,0.19512,0.32887,0.37869,0.6079,0.15231,0.12078,0.15965,0.03903,0.06847,98.9,88.9,97.9,44.9,42.0,25.3,57.8,18.1,22.7,78.8,106.8,66.5,176.0
1,178.7,97.3,67,30.47,2.198,0.26536,0.19956,0.20638,0.21627,0.3277,0.37735,0.60575,0.16963,0.1346,0.17695,0.04687,0.07188,114.3,102.8,112.6,48.4,45.7,31.0,59.7,19.1,28.3,81.5,110.4,68.8,178.7
1,180.7,79.0,20,24.2,1.992,0.25797,0.18306,0.19158,0.19895,0.32509,0.37434,0.60092,0.1556,0.12495,0.16278,0.04085,0.06949,104.1,94.8,102.9,46.7,43.9,27.5,58.9,18.6,24.5,80.3,108.8,67.8,180.7
1,176.8,89.0,60,28.47,2.091,0.2575,0.19311,0.19159,0.20937,0.32045,0.36901,0.59235,0.16415,0.12495,0.1713,0.04227,0.06961,108.2,93.3,106.6,45.9,43.3,28.0,57.1,18.2,24.9,77.9,105.6,65.8,176.8
1,172.7,75.6,67,25.33,1.904,0.25607,0.18317,0.18414,0.19873,0.32269,0.37158,0.59648,0.15569,0.12009,0.1626,0.03953,0.06898,101.3,88.5,99.9,45.1,42.4,26.4,56.8,18.0,23.0,77.4,105.0,65.4,172.7
1,169.3,85.1,21,29.69,2.001,0.26097,0.19756,0.20698,0.21375,0.32481,0.37403,0.60041,0.16793,0.13499,0.17488,0.04544,0.07054,103.8,94.6,102.1,43.7,41.2,29.1,54.3,17.3,25.1,74.1,100.5,62.6,169.3
1,176.1,73.3,34,23.62,1.893,0.25916,0.18367,0.18147,0.19953,0.32792,0.37761,0.60616,0.15612,0.11835,0.16326,0.03832,0.06973,100.4,86.2,99.1,45.1,42.3,25.2,57.0,18.0,22.0,77.8,105.4,65.7,176.1
1,167.5,59.5,67,21.23,1.664,0.25703,0.17804,0.18113,0.19347,0.32905,0.3789,0.60824,0.15133,0.11813,0.1583,0.03819,0.06894,95.0,84.1,93.9,43.7,40.9,25.0,55.9,17.5,21.5,76.2,103.4,64.4,167.5
1,153.6,73.1,54,30.97,1.766,0.26023,0.19717,0.20504,0.21237,0.32555,0.37488,0.60178,0.1676,0.13372,0.17376,0.04482,0.07024,95.4,86.3,93.5,40.1,37.8,28.1,50.2,15.9,22.8,68.4,92.7,57.8,153.6
1,178.8,78.6,63,24.61,1.976,0.26589,0.1818,0.20056,0.19749,0.33491,0.38566,0.61908,0.15453,0.1308,0.16159,0.04239,0.07164,102.0,97.9,100.8,47.5,44.7,28.6,59.8,18.9,25.0,81.6,110.6,68.9,178.8
1,182.3,86.0,59,25.87,2.086,0.25794,0.17698,0.18045,0.19226,0.32294,0.37187,0.59695,0.15043,0.11769,0.1573,0.03817,0.06961,104.2,92.4,102.9,48.3,45.5,26.9,60.5,19.2,23.7,82.5,111.9,69.7,182.3
1,157.8,75.0,32,30.12,1.813,0.2678,0.17985,0.2066,0.19403,0.33505,0.38581,0.61933,0.15287,0.13474,0.15875,0.04301,0.07228,91.1,91.0,89.3,43.2,40.7,29.1,54.0,17.1,22.9,73.6,99.8,62.2,157.8
1,167.9,60.5,50,21.44,1.679,0.26574,0.17748,0.19964,0.19284,0.33989,0.39139,0.62829,0.15086,0.1302,0.15778,0.0409,0.07129,91.9,89.8,90.7,43.8,41.0,26.7,56.0,17.6,22.3,76.4,103.5,64.5,167.9
1,180.1,88.8,33,27.37,2.108,0.26622,0.19169,0.19948,0.20805,0.33196,0.38226,0.61363,0.16294,0.1301,0.17022,0.04419,0.07192,110.2,99.8,108.8,48.7,46.0,29.5,60.8,19.3,26.8,82.9,112.3,70.0,180.1
1,190.9,83.5,28,22.91,2.105,0.26896,0.18184,0.18695,0.19797,0.33893,0.39028,0.62651,0.15456,0.12193,0.16197,0.03928,0.07245,107.1,95.7,106.0,50.4,47.4,26.8,63.5,20.1,24.3,86.6,117.4,73.1,190.9
1,175.7,75.7,37,24.54,1.922,0.25787,0.18091,0.18566,0.19644,0.32535,0.37465,0.60141,0.15377,0.12108,0.16072,0.03966,0.06944,101.9,90.9,100.6,46.2,43.5,26.8,58.3,18.4,23.5,79.5,107.8,67.2,175.7
1,170.0,73.2,55,25.3,1.859,0.27025,0.1918,0.19405,0.20801,0.34102,0.39269,0.63038,0.16303,0.12656,0.17019,0.04217,0.07277,101.5,89.3,100.0,45.5,42.8,26.9,57.4,18.1,23.5,78.3,106.1,66.1,170.0
1,174.1,60.6,41,19.98,1.712,0.25962,0.18063,0.18247,0.19654,0.33285,0.38328,0.61527,0.15354,0.119,0.16081,0.03878,0.0696,99.3,87.2,98.2,45.4,42.5,25.1,58.2,18.3,22.4,79.4,107.6,67.1,174.1
1,185.8,76.9,33,22.27,1.992,0.26111,0.1819,0.18858,0.19796,0.33054,0.38062,0.61099,0.15462,0.12299,0.16196,0.04022,0.07025,106.5,96.0,105.3,48.6,45.7,27.1,61.6,19.4,24.8,84.0,113.8,70.9,185.8
1,170.7,89.3,47,30.65,2.057,0.27469,0.20102,0.21276,0.21745,0.34058,0.39219,0.62956,0.17087,0.13875,0.17791,0.0467,0.07433,104.9,96.5,103.1,45.6,43.1,29.7,56.5,18.0,25.6,77.1,104.5,65.1,170.7
1,169.5,82.1,51,28.59,1.967,0.26205,0.1882,0.19531,0.20374,0.32728,0.37686,0.60497,0.15997,0.12738,0.1667,0.04243,0.07077,102.1,92.2,100.5,45.3,42.7,28.2,56.5,18.0,24.2,77.1,104.5,65.1,169.5
1,171.9,73.2,18,24.79,1.87,0.2601,0.18643,0.19554,0.2023,0.32847,0.37824,0.60718,0.15847,0.12752,0.16552,0.04171,0.07003,99.8,91.0,98.4,44.3,41.6,27.2,56.0,17.7,23.5,76.3,103.4,64.4,171.9
1,168.4,73.6,41,25.96,1.855,0.26025,0.18749,0.19164,0.20321,0.32799,0.37768,0.60628,0.15937,0.12498,0.16626,0.0409,0.07011,98.3,87.4,96.9,43.5,40.9,26.5,54.8,17.3,22.6,74.7,101.2,63.1,168.4
1,176.4,74.5,41,23.95,1.911,0.28208,0.20795,0.19771,0.22589,0.35649,0.4105,0.65896,0.17676,0.12894,0.18482,0.04459,0.07593,109.7,90.7,108.4,47.4,44.5,26.6,59.9,18.9,24.8,81.7,110.7,69.0,176.4
1,187.7,108.1,26,30.68,2.374,0.27431,0.19952,0.20077,0.21663,0.33677,0.3878,0.62252,0.16959,0.13094,0.17724,0.04568,0.07442,119.6,104.6,118.0,52.3,49.6,30.9,64.2,20.6,28.8,87.6,118.8,74.0,187.7
1,177.9,76.9,39,24.29,1.949,0.25434,0.1983,0.20469,0.21541,0.32083,0.36944,0.59305,0.16855,0.13349,0.17625,0.04654,0.06849,111.9,100.4,110.5,45.7,42.9,29.3,57.6,18.2,27.6,78.6,106.5,66.4,177.9
1,173.6,78.1,29,25.91,1.941,0.26215,0.18747,0.2086,0.20337,0.32957,0.3795,0.6092,0.15935,0.13604,0.16639,0.04451,0.07067,101.0,97.7,99.6,45.0,42.3,29.2,56.5,17.9,25.2,77.1,104.5,65.1,173.6
1,173.3,89.3,34,29.72,2.073,0.27101,0.19255,0.20712,0.2085,0.33653,0.38752,0.62206,0.16367,0.13508,0.17059,0.04522,0.0733,105.2,98.4,103.5,47.1,44.5,29.9,58.5,18.6,26.0,79.8,108.1,67.4,173.3
1,163.8,59.7,42,22.27,1.649,0.25918,0.17257,0.19287,0.18733,0.3312,0.38139,0.61223,0.14669,0.12578,0.15327,0.03933,0.06955,89.4,86.9,88.2,42.7,40.0,26.3,54.6,17.2,21.4,74.5,101.0,62.9,163.8
1,182.1,104.9,45,31.62,2.303,0.27634,0.19626,0.2195,0.21277,0.33927,0.39067,0.62713,0.16682,0.14315,0.17408,0.04808,0.07497,110.7,107.7,109.1,49.6,47.0,32.3,60.9,19.5,28.5,83.1,112.6,70.1,182.1
1,174.9,60.9,32,19.89,1.72,0.26097,0.18869,0.18189,0.20533,0.33457,0.38527,0.61846,0.16038,0.11863,0.168,0.04,0.06996,104.1,87.3,103.0,45.8,42.9,25.1,58.8,18.4,23.2,80.1,108.6,67.7,174.9
1,174.1,96.9,47,31.96,2.165,0.26297,0.19145,0.19332,0.20714,0.32402,0.37311,0.59894,0.16273,0.12608,0.16947,0.04218,0.07128,106.2,93.2,104.4,46.4,43.9,28.6,57.2,18.3,24.6,78.0,105.7,65.9,174.1
1,199.4,94.1,68,23.67,2.284,0.26823,0.202,0.19506,0.22011,0.3358,0.38667,0.62071,0.1717,0.12721,0.18009,0.04465,0.07239,125.2,105.1,124.0,52.9,49.9,29.0,66.3,21.0,29.1,90.3,122.5,76.3,199.4
1,177.7,76.2,44,24.13,1.94,0.26425,0.18011,0.19002,0.19567,0.33353,0.38407,0.61653,0.1531,0.12393,0.16009,0.03975,0.07115,100.0,91.7,98.8,46.7,43.9,26.8,59.0,18.6,23.2,80.4,109.0,67.9,177.7
1,169.9,54.4,39,18.85,1.602,0.25043,0.17055,0.16912,0.18563,0.32281,0.37172,0.59671,0.14497,0.1103,0.15188,0.0344,0.06704,91.4,78.8,90.5,42.7,39.9,22.9,55.1,17.2,19.4,75.1,101.8,63.4,169.9
1,172.3,69.4,27,23.38,1.823,0.26036,0.18114,0.17649,0.19671,0.33028,0.38033,0.61053,0.15397,0.1151,0.16095,0.03734,0.07001,98.6,83.5,97.3,45.1,42.3,24.7,57.2,18.0,21.4,78.0,105.8,65.9,172.3
1,184.1,72.6,48,21.41,1.927,0.26249,0.18005,0.18765,0.19597,0.33353,0.38406,0.61652,0.15305,0.12238,0.16034,0.04008,0.07055,105.6,95.7,104.5,49.0,46.0,27.0,62.3,19.6,24.7,84.9,115.1,71.7,184.1
1,176.3,71.1,44,22.85,1.866,0.26122,0.19102,0.19282,0.2076,0.33136,0.38157,0.61251,0.16237,0.12575,0.16986,0.04207,0.07024,104.7,91.9,103.4,45.6,42.8,26.8,57.8,18.2,24.3,78.8,106.9,66.6,176.3
1,164.7,66.5,29,24.52,1.745,0.25958,0.18589,0.17979,0.20153,0.32922,0.3791,0.60856,0.158,0.11726,0.16488,0.03858,0.0698,96.7,81.3,95.3,43.0,40.4,24.8,54.5,17.2,21.1,74.3,100.8,62.8,164.7
1,182.4,96.1,63,28.9,2.207,0.26436,0.18952,0.19513,0.20567,0.32754,0.37716,0.60545,0.16109,0.12726,0.16827,0.04267,0.07155,109.9,98.4,108.4,48.8,46.1,29.1,60.4,19.3,26.0,82.4,111.7,69.6,182.4
1,170.5,75.0,48,25.82,1.885,0.25549,0.18296,0.19887,0.19839,0.32179,0.37055,0.59483,0.15552,0.1297,0.16232,0.0426,0.06884,99.9,94.4,98.5,44.4,41.8,28.5,55.9,17.7,24.5,76.3,103.4,64.4,170.5
1,189.5,94.2,49,26.21,2.227,0.27001,0.1906,0.19303,0.20728,0.33643,0.38741,0.62189,0.16201,0.12589,0.16959,0.04218,0.07296,112.8,99.4,111.6,50.9,48.0,28.5,63.4,20.2,26.3,86.5,117.2,73.0,189.5
1,183.6,71.6,49,21.24,1.911,0.25401,0.17619,0.18591,0.19177,0.32303,0.37197,0.59711,0.14976,0.12125,0.1569,0.03888,0.06825,102.4,94.0,101.3,47.0,44.1,26.5,59.8,18.8,23.8,81.5,110.5,68.8,183.6
1,172.1,65.0,58,21.93,1.763,0.25775,0.17165,0.17841,0.18654,0.32857,0.37835,0.60735,0.1459,0.11635,0.15263,0.03704,0.06921,95.7,86.5,94.6,45.8,42.9,25.4,58.3,18.3,21.7,79.5,107.8,67.2,172.1
1,185.1,112.3,62,32.78,2.403,0.26878,0.20318,0.21352,0.22034,0.3281,0.37781,0.60649,0.17271,0.13925,0.18028,0.04901,0.07303,120.3,110.0,118.6,50.7,48.1,33.0,61.9,19.9,30.5,84.3,114.3,71.2,185.1
1,176.0,69.4,52,22.41,1.843,0.25397,0.17252,0.1802,0.18752,0.32268,0.37157,0.59647,0.14664,0.11752,0.15343,0.03682,0.06826,95.7,87.0,94.6,44.9,42.1,25.3,57.0,18.0,21.5,77.7,105.4,65.6,176.0
1,181.9,106.2,63,32.09,2.316,0.27747,0.20798,0.21082,0.22542,0.34015,0.39169,0.62877,0.17678,0.13749,0.18444,0.04864,0.07531,119.2,105.1,117.5,50.6,48.0,31.7,62.1,19.9,29.4,84.6,114.7,71.5,181.9
1,179.1,77.4,38,24.13,1.963,0.26154,0.18369,0.19241,0.19959,0.3299,0.37988,0.60981,0.15614,0.12548,0.1633,0.04115,0.07043,103.8,94.5,102.5,47.0,44.2,27.5,59.3,18.8,24.5,80.9,109.6,68.3,179.1
1,169.2,71.6,27,25.04,1.835,0.25592,0.18057,0.19239,0.19583,0.32336,0.37236,0.59773,0.15348,0.12547,0.16023,0.04043,0.06889,96.5,89.4,95.2,43.5,40.9,26.9,55.0,17.4,22.7,75.0,101.7,63.3,169.2
1,170.7,85.6,33,29.39,2.015,0.26494,0.19252,0.19801,0.20838,0.32982,0.3798,0.60967,0.16364,0.12914,0.17049,0.0438,0.07161,105.6,94.4,103.9,46.2,43.6,28.9,57.6,18.3,25.3,78.5,106.4,66.3,170.7
1,183.2,101.7,24,30.29,2.275,0.26685,0.20254,0.207,0.21972,0.32889,0.37873,0.60795,0.17216,0.135,0.17977,0.04742,0.07232,118.1,105.0,116.5,49.5,46.9,31.3,61.1,19.5,29.1,83.3,112.9,70.3,183.2
1,173.0,73.7,21,24.62,1.881,0.25651,0.19561,0.21211,0.21231,0.32396,0.37304,0.59883,0.16627,0.13833,0.17371,0.04664,0.06906,104.5,98.5,103.1,43.6,41.0,29.3,55.1,17.4,26.2,75.1,101.8,63.4,173.0
1,172.5,70.2,44,23.61,1.834,0.26163,0.19007,0.21186,0.20639,0.33161,0.38185,0.61297,0.16156,0.13817,0.16886,0.04575,0.07037,101.4,98.3,100.1,44.4,41.7,29.1,56.3,17.8,25.7,76.8,104.1,64.9,172.5
1,168.3,70.3,69,24.82,1.813,0.26462,0.19317,0.1878,0.2095,0.33472,0.38543,0.61872,0.16419,0.12248,0.17141,0.04108,0.07121,101.3,85.6,99.9,44.2,41.5,25.8,55.9,17.6,22.7,76.2,103.3,64.3,168.3
1,178.7,84.1,42,26.33,2.043,0.25399,0.1811,0.17981,0.19659,0.31807,0.36626,0.58794,0.15393,0.11727,0.16084,0.03761,0.06854,100.9,87.1,99.6,45.1,42.4,25.7,56.4,17.9,22.1,76.9,104.3,65.0,178.7
1,191.0,104.3,48,28.61,2.353,0.27141,0.19493,0.21256,0.2119,0.33505,0.38581,0.61933,0.16569,0.13862,0.17337,0.04682,0.07352,115.4,109.4,114.0,51.1,48.4,31.7,63.1,20.2,29.2,86.1,116.7,72.7,191.0
1,167.5,70.3,28,25.04,1.808,0.2574,0.17753,0.18958,0.19249,0.32548,0.37479,0.60164,0.1509,0.12364,0.15749,0.03964,0.06927,95.0,88.2,93.7,43.8,41.2,26.7,55.4,17.5,22.3,75.6,102.5,63.8,167.5
1,175.7,84.8,65,27.46,2.034,0.258,0.1978,0.20719,0.2145,0.32235,0.37119,0.59586,0.16813,0.13512,0.1755,0.04629,0.06966,109.1,99.4,107.6,45.3,42.7,29.7,56.6,18.0,26.9,77.2,104.6,65.2,175.7
1,186.1,110.8,37,32.0,2.393,0.26668,0.19411,0.21038,0.2106,0.32621,0.37564,0.603,0.16499,0.13721,0.17231,0.04682,0.07242,115.4,108.8,113.8,50.5,47.8,32.5,61.7,19.8,29.3,84.2,114.1,71.1,186.1
1,174.9,81.1,53,26.5,1.985,0.25886,0.1907,0.1935,0.20686,0.32459,0.37377,0.6,0.1621,0.1262,0.16925,0.04269,0.06983,106.5,94.0,105.1,46.0,43.3,28.0,57.7,18.3,25.1,78.7,106.7,66.5,174.9
1,178.9,83.9,34,26.23,2.042,0.2586,0.19353,0.20657,0.21009,0.32392,0.37299,0.59875,0.1645,0.13472,0.17189,0.04543,0.06978,108.2,100.4,106.8,46.0,43.3,29.6,57.6,18.3,26.7,78.6,106.5,66.4,178.9
1,167.5,55.9,62,19.93,1.613,0.26513,0.17605,0.19178,0.19146,0.34084,0.39248,0.63004,0.14964,0.12507,0.15665,0.0393,0.07102,91.4,86.5,90.3,43.8,41.0,25.5,56.3,17.6,21.5,76.8,104.1,64.8,167.5
1,178.7,54.3,28,17.0,1.642,0.25871,0.17179,0.16521,0.18725,0.33455,0.38524,0.61842,0.14602,0.10774,0.1532,0.03391,0.06919,96.7,80.9,95.9,46.4,43.3,22.5,60.0,18.7,20.1,81.8,110.8,69.0,178.7
1,174.1,80.4,47,26.53,1.972,0.26804,0.2012,0.19447,0.21822,0.3362,0.38714,0.62147,0.17102,0.12683,0.17854,0.04328,0.0723,107.4,90.3,105.9,45.5,42.9,27.0,57.1,18.1,24.3,77.9,105.6,65.8,174.1
1,182.9,82.5,52,24.67,2.048,0.26235,0.18397,0.19366,0.19995,0.32973,0.37969,0.60951,0.15637,0.1263,0.1636,0.04129,0.07073,105.4,96.5,104.1,47.8,45.0,27.9,60.1,19.0,24.9,82.0,111.1,69.2,182.9
1,184.4,78.8,58,23.17,2.009,0.26207,0.1842,0.18922,0.20036,0.33089,0.38103,0.61165,0.15657,0.1234,0.16393,0.04095,0.07056,108.0,96.4,106.8,48.9,46.0,27.5,61.7,19.5,25.3,84.2,114.1,71.1,184.4
1,194.9,98.6,55,25.96,2.311,0.25993,0.18433,0.19446,0.20063,0.32332,0.37231,0.59765,0.15668,0.12682,0.16415,0.04227,0.07027,114.7,105.3,113.5,51.5,48.6,29.8,64.1,20.4,27.7,87.4,118.4,73.8,194.9
1,179.8,80.2,39,24.8,2.002,0.25602,0.18849,0.19987,0.20478,0.3221,0.3709,0.5954,0.16022,0.13035,0.16754,0.04293,0.069,104.9,96.7,103.6,45.4,42.7,28.2,57.1,18.1,25.1,77.8,105.5,65.7,179.8
1,177.9,93.9,60,29.64,2.154,0.26948,0.19453,0.21269,0.21085,0.33386,0.38444,0.61713,0.16535,0.13871,0.17251,0.04675,0.07293,108.5,103.2,106.9,47.9,45.2,31.0,59.3,18.9,27.5,80.9,109.6,68.3,177.9
1,177.0,79.4,65,25.35,1.975,0.26078,0.1852,0.20962,0.20107,0.32792,0.37761,0.60616,0.15742,0.13671,0.16451,0.04451,0.07029,101.9,100.3,100.6,45.7,43.0,29.6,57.4,18.2,25.8,78.3,106.2,66.2,177.0
1,172.9,66.9,68,22.38,1.792,0.24706,0.17028,0.18323,0.18502,0.31437,0.362,0.58111,0.14473,0.1195,0.15138,0.03807,0.06637,96.3,90.1,95.1,44.5,41.7,26.5,56.6,17.8,22.7,77.2,104.6,65.2,172.9
1,178.0,92.0,44,29.04,2.133,0.2746,0.1959,0.19659,0.2124,0.34087,0.39252,0.63009,0.16652,0.12821,0.17378,0.04343,0.07428,109.2,95.3,107.6,48.7,46.0,28.5,60.5,19.3,25.5,82.5,111.8,69.6,178.0
1,173.3,72.7,54,24.23,1.871,0.25829,0.17935,0.18821,0.19471,0.32659,0.37607,0.6037,0.15244,0.12275,0.1593,0.03955,0.06952,98.4,89.8,97.1,45.1,42.4,26.6,57.0,18.0,22.8,77.8,105.4,65.7,173.3
1,176.8,84.6,63,27.09,2.038,0.25843,0.18182,0.19332,0.19724,0.32311,0.37207,0.59727,0.15455,0.12608,0.16138,0.04131,0.06977,103.1,95.3,101.7,46.7,44.0,28.4,58.3,18.5,24.7,79.5,107.8,67.2,176.8
1,185.4,80.1,66,23.3,2.031,0.26401,0.18063,0.19496,0.19649,0.33305,0.38351,0.61564,0.15353,0.12715,0.16076,0.04125,0.0711,105.3,98.8,104.1,49.0,46.1,28.1,61.8,19.5,25.3,84.3,114.2,71.2,185.4
1,168.0,64.0,52,22.7,1.729,0.26597,0.18486,0.19224,0.20072,0.33879,0.39013,0.62626,0.15713,0.12538,0.16422,0.04062,0.07143,96.0,86.8,94.7,44.0,41.2,26.0,56.0,17.6,22.2,76.3,103.5,64.5,168.0
1,184.0,85.9,21,25.35,2.095,0.26727,0.20095,0.21891,0.2184,0.33494,0.38569,0.61914,0.1708,0.14277,0.17869,0.04868,0.07211,112.4,106.4,111.0,47.6,44.8,30.8,59.6,18.9,28.7,81.3,110.2,68.7,184.0
1,185.4,86.2,33,25.08,2.107,0.26388,0.19805,0.19242,0.21531,0.3308,0.38092,0.61148,0.16834,0.12549,0.17617,0.04332,0.07119,114.9,97.1,113.6,48.7,45.9,27.9,61.1,19.4,26.5,83.3,112.9,70.4,185.4
1,174.6,82.0,33,26.9,1.994,0.26087,0.18355,0.19803,0.19906,0.32673,0.37623,0.60395,0.15602,0.12915,0.16286,0.04225,0.07039,101.8,95.5,100.3,46.0,43.4,28.6,57.7,18.3,24.7,78.6,106.6,66.4,174.6
1,159.6,61.2,38,24.04,1.647,0.25758,0.1924,0.20277,0.2085,0.32797,0.37766,0.60624,0.16354,0.13224,0.17059,0.04485,0.06919,97.6,89.4,96.1,41.6,39.0,27.7,52.9,16.7,23.9,72.2,97.9,61.0,159.6
1,170.9,55.5,43,19.0,1.624,0.26145,0.17446,0.17687,0.18989,0.3367,0.38772,0.62239,0.14829,0.11535,0.15536,0.03608,0.07,92.4,81.4,91.4,44.1,41.2,23.6,56.7,17.8,20.1,77.4,104.9,65.3,170.9
1,185.2,80.5,53,23.46,2.035,0.27115,0.18943,0.18977,0.20605,0.34189,0.39369,0.63197,0.16102,0.12376,0.16859,0.04203,0.07303,111.9,97.5,110.7,51.0,47.9,27.8,64.3,20.3,26.1,87.7,118.8,74.0,185.2
1,175.3,86.7,36,28.19,2.054,0.2609,0.18933,0.19446,0.20523,0.32525,0.37453,0.60122,0.16093,0.12682,0.16792,0.04174,0.07049,103.3,92.3,101.8,45.3,42.7,27.7,56.5,18.0,24.0,77.0,104.4,65.1,175.3
1,168.0,67.6,34,23.94,1.776,0.26637,0.18009,0.19048,0.19541,0.33795,0.38916,0.6247,0.15308,0.12423,0.15988,0.03972,0.07162,94.6,87.0,93.3,44.6,41.8,26.2,56.5,17.8,22.0,77.1,104.5,65.1,168.0
1,171.7,71.1,62,24.12,1.842,0.26761,0.18137,0.18479,0.19687,0.33874,0.39006,0.62615,0.15417,0.12051,0.16108,0.03883,0.072,97.6,86.4,96.3,45.8,43.0,25.7,58.0,18.3,22.0,79.1,107.2,66.8,171.7
1,181.8,95.9,43,29.02,2.201,0.26268,0.18937,0.20717,0.20547,0.32541,0.37472,0.60152,0.16096,0.13511,0.16811,0.04565,0.07109,110.8,105.4,109.3,48.9,46.2,31.3,60.6,19.3,28.1,82.6,112.0,69.8,181.8
1,179.6,72.6,39,22.49,1.903,0.25544,0.18606,0.18825,0.20232,0.32396,0.37305,0.59884,0.15815,0.12277,0.16553,0.04083,0.06869,105.5,92.9,104.3,46.1,43.3,26.7,58.5,18.4,24.4,79.8,108.1,67.4,179.6
1,173.7,59.9,45,19.86,1.7,0.26,0.17859,0.17041,0.19433,0.33353,0.38406,0.61652,0.1518,0.11114,0.159,0.0364,0.06969,99.6,82.7,98.6,46.2,43.2,23.8,59.2,18.6,21.4,80.8,109.5,68.2,173.7
1,172.7,72.9,18,24.43,1.87,0.24745,0.1788,0.19583,0.19408,0.31275,0.36013,0.57811,0.15198,0.12771,0.15879,0.04107,0.06661,97.9,93.2,96.6,43.1,40.5,27.7,54.5,17.2,23.7,74.3,100.8,62.8,172.7
1,172.6,69.3,61,23.27,1.823,0.26006,0.18089,0.19246,0.19646,0.32997,0.37996,0.60994,0.15376,0.12552,0.16074,0.04011,0.06992,96.7,89.5,95.5,44.3,41.5,26.4,56.2,17.7,22.6,76.6,103.8,64.7,172.6
1,168.6,61.5,53,21.65,1.697,0.26918,0.17914,0.19457,0.19464,0.34397,0.39609,0.63582,0.15227,0.12689,0.15925,0.04017,0.07223,93.2,88.0,92.0,44.6,41.7,26.1,56.9,17.9,22.0,77.6,105.2,65.6,168.6
1,187.6,85.8,60,24.38,2.115,0.26176,0.18807,0.18586,0.20457,0.32861,0.3784,0.60743,0.15986,0.12122,0.16738,0.04037,0.07059,110.5,95.0,109.3,49.0,46.1,27.0,61.5,19.5,25.0,83.8,113.6,70.8,187.6
1,173.1,80.7,54,26.94,1.97,0.2694,0.18664,0.19809,0.20235,0.33762,0.38878,0.62409,0.15864,0.12919,0.16556,0.04268,0.07268,102.4,94.5,100.9,47.0,44.3,28.4,58.9,18.7,24.6,80.4,109.0,67.9,173.1
1,184.6,85.2,19,24.99,2.09,0.2612,0.18753,0.20579,0.20386,0.32765,0.37729,0.60565,0.1594,0.13421,0.16679,0.04385,0.07045,106.2,101.4,105.0,47.1,44.3,29.2,59.1,18.7,26.1,80.6,109.2,68.0,184.6
1,186.9,91.6,34,26.21,2.18,0.25635,0.1907,0.19323,0.20729,0.31984,0.3683,0.59121,0.16209,0.12602,0.1696,0.04264,0.06924,113.0,99.5,111.6,48.3,45.6,28.7,60.3,19.2,26.6,82.2,111.5,69.4,186.9
1,183.0,110.0,57,32.85,2.365,0.26263,0.21033,0.1986,0.22798,0.32093,0.36955,0.59323,0.17878,0.12952,0.18653,0.04661,0.07134,123.0,101.0,121.2,48.9,46.4,30.5,59.7,19.2,28.7,81.5,110.4,68.8,183.0
1,172.3,70.5,55,23.77,1.837,0.26539,0.18369,0.19122,0.19944,0.33623,0.38718,0.62152,0.15614,0.12471,0.16318,0.04037,0.07139,98.4,89.1,97.1,45.2,42.5,26.4,57.3,18.1,22.8,78.2,106.0,66.0,172.3
1,178.5,83.2,38,26.1,2.031,0.26392,0.18798,0.20723,0.20407,0.33079,0.38091,0.61146,0.15978,0.13515,0.16696,0.04457,0.0712,104.7,100.4,103.3,46.8,44.1,29.6,58.7,18.6,26.1,80.0,108.4,67.5,178.5
1,175.3,71.3,26,23.19,1.863,0.25567,0.18579,0.19576,0.20186,0.3241,0.37321,0.5991,0.15792,0.12767,0.16515,0.04238,0.06876,103.2,94.5,101.9,45.2,42.4,27.7,57.3,18.1,24.8,78.1,105.9,66.0,175.3
1,168.7,62.8,30,22.04,1.715,0.26634,0.17869,0.18204,0.19411,0.33988,0.39138,0.62827,0.15189,0.11872,0.15882,0.03797,0.0715,94.6,83.8,93.4,44.9,42.0,24.9,57.3,18.0,21.2,78.1,105.8,65.9,168.7
1,177.9,72.6,28,22.93,1.894,0.27006,0.18919,0.18031,0.20565,0.34224,0.3941,0.63263,0.16081,0.11759,0.16826,0.03919,0.07264,105.1,87.1,103.8,47.7,44.8,25.2,60.5,19.1,22.9,82.5,111.8,69.7,177.9
1,166.7,64.7,33,23.29,1.731,0.25805,0.17956,0.18464,0.19486,0.32826,0.378,0.60679,0.15262,0.12042,0.15943,0.03848,0.06933,93.7,83.8,92.5,42.9,40.2,25.2,54.5,17.2,21.1,74.4,100.8,62.8,166.7
1,184.4,89.8,33,26.41,2.145,0.25707,0.20258,0.19584,0.2201,0.32091,0.36953,0.5932,0.17219,0.12772,0.18008,0.0446,0.06943,116.6,98.0,115.1,47.1,44.4,28.5,58.8,18.7,27.0,80.1,108.6,67.7,184.4
1,172.0,105.3,19,35.6,2.244,0.25698,0.20262,0.21838,0.21876,0.31337,0.36084,0.57925,0.17222,0.14242,0.17898,0.04894,0.06984,110.3,103.4,108.3,44.5,42.3,32.4,54.3,17.5,28.1,74.1,100.4,62.5,172.0
1,177.0,70.4,59,22.48,1.861,0.2632,0.18144,0.18829,0.19723,0.3342,0.38483,0.61776,0.15422,0.1228,0.16137,0.03963,0.07075,100.1,90.3,98.9,46.2,43.4,26.2,58.7,18.5,23.0,80.0,108.5,67.6,177.0
1,177.6,74.2,61,23.51,1.913,0.26437,0.18187,0.1844,0.19762,0.33442,0.38509,0.61817,0.15459,0.12026,0.16169,0.03905,0.07114,101.5,89.5,100.2,46.9,44.1,26.0,59.4,18.7,22.9,81.0,109.8,68.4,177.6
1,173.6,74.7,25,24.79,1.897,0.25999,0.18215,0.1992,0.19771,0.32808,0.37779,0.60645,0.15483,0.12991,0.16176,0.04229,0.07001,100.0,95.1,98.7,45.4,42.7,28.2,57.3,18.1,24.4,78.2,106.0,66.0,173.6
1,179.9,86.0,60,26.56,2.073,0.26254,0.19721,0.19792,0.2141,0.32832,0.37806,0.60689,0.16763,0.12908,0.17517,0.04443,0.07087,111.9,97.6,110.4,47.4,44.7,28.7,59.3,18.8,26.5,80.8,109.6,68.3,179.9
1,171.9,77.0,59,26.04,1.917,0.25778,0.18047,0.19769,0.19571,0.32421,0.37334,0.5993,0.1534,0.12893,0.16013,0.04138,0.06948,97.6,93.0,96.2,44.4,41.8,27.9,55.8,17.7,23.6,76.1,103.2,64.3,171.9
1,182.0,100.6,30,30.34,2.255,0.26525,0.18821,0.1883,0.20413,0.32707,0.37663,0.60459,0.15998,0.1228,0.16701,0.04117,0.07188,110.0,95.7,108.5,49.4,46.7,28.6,60.9,19.5,25.3,83.0,112.5,70.1,182.0
1,165.4,47.6,34,17.39,1.479,0.26041,0.16964,0.15554,0.18477,0.33782,0.389,0.62445,0.14419,0.10144,0.15118,0.03168,0.06958,89.0,71.0,88.1,43.5,40.6,20.8,56.4,17.6,17.5,76.9,104.3,65.0,165.4
1,176.4,54.5,56,17.5,1.634,0.24435,0.17592,0.16618,0.19169,0.31568,0.36351,0.58352,0.14953,0.10838,0.15683,0.03461,0.06537,97.4,80.0,96.5,43.1,40.2,22.5,55.6,17.4,20.2,75.9,102.9,64.1,176.4
1,190.0,83.9,41,23.23,2.105,0.25637,0.18143,0.18451,0.19748,0.32281,0.37172,0.59671,0.15421,0.12033,0.16157,0.03982,0.06908,110.6,97.8,109.4,49.7,46.8,27.5,62.6,19.8,25.5,85.4,115.7,72.1,190.0
1,168.0,83.3,20,29.51,1.971,0.25723,0.18194,0.20422,0.19681,0.32059,0.36916,0.5926,0.15465,0.13319,0.16102,0.04287,0.0695,96.9,94.6,95.3,43.6,41.1,29.2,54.4,17.3,24.0,74.1,100.5,62.6,168.0
1,170.4,57.5,47,19.79,1.649,0.25812,0.18257,0.16917,0.19862,0.33162,0.38186,0.61299,0.15519,0.11033,0.16251,0.03512,0.06916,94.4,76.0,93.3,42.5,39.7,22.2,54.6,17.1,19.1,74.4,100.9,62.8,170.4
1,179.4,54.7,69,17.0,1.651,0.24525,0.17197,0.18355,0.18745,0.31708,0.36512,0.58612,0.14618,0.11971,0.15337,0.03814,0.06559,98.6,91.5,97.7,44.7,41.8,25.4,57.8,18.1,23.0,78.9,106.9,66.6,179.4
1,176.8,85.3,30,27.27,2.047,0.26458,0.18595,0.19868,0.20171,0.33059,0.38068,0.61109,0.15806,0.12957,0.16504,0.04266,0.07144,103.9,96.5,102.5,47.1,44.4,28.8,58.8,18.7,25.1,80.2,108.7,67.7,176.8
1,178.1,82.4,36,25.96,2.019,0.26193,0.19036,0.20385,0.20665,0.32851,0.37829,0.60725,0.16181,0.13295,0.16908,0.04489,0.07065,107.9,100.5,106.5,47.2,44.5,29.6,59.3,18.8,26.8,80.8,109.5,68.2,178.1
1,179.2,68.2,24,21.25,1.843,0.26614,0.18659,0.17835,0.203,0.33904,0.39041,0.62671,0.15861,0.11632,0.16609,0.03874,0.07148,105.2,87.4,104.1,47.8,44.8,25.0,60.9,19.1,23.0,83.0,112.5,70.1,179.2
1,180.3,70.1,26,21.59,1.874,0.25633,0.17993,0.18765,0.19574,0.32602,0.37542,0.60265,0.15294,0.12238,0.16015,0.03995,0.06887,103.2,93.5,102.0,46.8,43.9,26.7,59.5,18.7,24.1,81.1,110.0,68.5,180.3
1,183.8,73.1,36,21.64,1.932,0.24984,0.18381,0.187,0.20003,0.31723,0.3653,0.5864,0.15624,0.12196,0.16366,0.04024,0.06716,106.5,94.2,105.4,46.1,43.3,26.6,58.5,18.4,24.6,79.8,108.2,67.4,183.8
1,178.6,81.1,62,25.45,2.006,0.25865,0.17408,0.1989,0.18904,0.32489,0.37411,0.60055,0.14797,0.12972,0.15467,0.04102,0.06974,98.7,98.1,97.5,46.7,43.9,28.8,58.6,18.6,24.5,80.0,108.4,67.5,178.6
1,173.7,68.7,57,22.78,1.821,0.25658,0.1839,0.1888,0.1998,0.32593,0.37531,0.60247,0.15631,0.12313,0.16348,0.03983,0.06897,98.8,88.2,97.6,43.9,41.2,25.9,55.7,17.6,22.5,76.0,103.0,64.2,173.7
1,180.5,87.9,39,26.95,2.099,0.25827,0.19682,0.2026,0.21367,0.32243,0.37128,0.59601,0.1673,0.13213,0.17482,0.04523,0.06975,111.5,99.8,110.0,46.6,43.9,29.4,58.1,18.5,27.0,79.3,107.5,67.0,180.5
1,189.7,61.2,35,17.0,1.796,0.2552,0.17193,0.18239,0.18749,0.32881,0.37863,0.6078,0.14614,0.11895,0.1534,0.03789,0.06832,104.1,96.0,103.2,49.2,45.9,25.7,63.3,19.8,24.1,86.4,117.1,72.9,189.7
1,174.5,67.0,40,22.01,1.802,0.26349,0.18054,0.18346,0.19625,0.33546,0.38629,0.62009,0.15346,0.11965,0.16057,0.03833,0.07078,97.7,86.4,96.6,45.4,42.6,25.2,57.8,18.2,21.8,78.8,106.9,66.6,174.5
1,168.2,59.8,19,21.14,1.671,0.25706,0.18959,0.18192,0.20605,0.32908,0.37894,0.6083,0.16116,0.11864,0.16859,0.0403,0.06894,101.6,84.8,100.4,43.9,41.1,25.1,56.2,17.6,22.7,76.6,103.8,64.7,168.2
1,183.8,81.4,67,24.08,2.038,0.25415,0.19257,0.17396,0.20938,0.31995,0.36843,0.59143,0.16369,0.11345,0.17131,0.0392,0.06848,113.9,89.4,112.6,47.8,45.0,25.7,60.2,19.1,24.4,82.1,111.3,69.3,183.8
1,174.6,70.4,67,23.09,1.848,0.26426,0.18652,0.19378,0.20265,0.3352,0.38599,0.61962,0.15854,0.12638,0.1658,0.04181,0.07106,102.3,92.4,101.1,46.1,43.3,27.1,58.5,18.5,24.1,79.8,108.2,67.4,174.6
1,159.2,71.5,28,28.21,1.778,0.26773,0.20071,0.21802,0.21688,0.33663,0.38764,0.62226,0.17061,0.14219,0.17745,0.04773,0.07217,97.6,92.2,95.9,41.4,39.0,29.1,52.1,16.5,24.4,71.0,96.3,60.0,159.2
1,181.9,62.6,48,18.94,1.779,0.25575,0.16225,0.16675,0.17673,0.32812,0.37784,0.60653,0.13791,0.10875,0.14459,0.03332,0.06855,95.3,85.2,94.4,47.8,44.7,23.8,61.4,19.2,20.6,83.7,113.4,70.6,181.9
1,171.5,74.1,50,25.2,1.879,0.25815,0.17852,0.18807,0.19367,0.32564,0.37498,0.60194,0.15174,0.12265,0.15845,0.03965,0.06952,98.1,89.9,96.8,45.2,42.5,26.9,57.0,18.0,22.9,77.7,105.3,65.6,171.5
1,174.8,83.2,31,27.21,2.01,0.26566,0.1896,0.20718,0.2056,0.33234,0.3827,0.61433,0.16116,0.13512,0.16822,0.04452,0.07171,103.0,97.8,101.5,45.9,43.3,29.3,57.5,18.2,25.5,78.3,106.2,66.2,174.8
1,178.0,104.8,33,33.07,2.276,0.26796,0.1963,0.2102,0.21249,0.32821,0.37794,0.60669,0.16685,0.13708,0.17385,0.04658,0.07274,110.8,103.2,109.1,48.2,45.6,31.5,59.0,18.9,27.7,80.4,109.0,67.9,178.0
1,176.9,72.9,28,23.28,1.893,0.2629,0.18358,0.19242,0.19949,0.33291,0.38335,0.61538,0.15605,0.12549,0.16322,0.04076,0.07072,101.1,92.2,99.9,46.1,43.3,26.9,58.4,18.4,23.6,79.6,107.9,67.2,176.9
1,180.8,85.9,50,26.28,2.077,0.26876,0.17312,0.19158,0.18799,0.33626,0.3872,0.62156,0.14715,0.12494,0.15381,0.03941,0.07254,99.6,95.8,98.3,49.2,46.4,28.1,61.6,19.5,23.9,84.0,113.8,70.9,180.8
1,172.2,56.6,24,19.09,1.646,0.25825,0.18008,0.1763,0.19601,0.33233,0.38268,0.6143,0.15307,0.11498,0.16037,0.03723,0.06916,97.2,82.8,96.2,44.4,41.5,23.9,57.1,17.9,21.2,77.9,105.6,65.8,172.2
1,179.3,56.2,48,17.48,1.674,0.26236,0.18375,0.18063,0.20025,0.33862,0.38993,0.62594,0.15619,0.1178,0.16384,0.0382,0.0702,100.9,86.2,100.0,45.9,42.8,24.0,59.2,18.5,22.1,80.7,109.4,68.2,179.3
1,173.6,85.6,65,28.41,2.031,0.25867,0.19733,0.19705,0.21381,0.32254,0.37141,0.59621,0.16773,0.12851,0.17493,0.04441,0.06988,109.6,95.1,107.9,45.7,43.1,28.8,57.0,18.1,26.0,77.7,105.4,65.6,173.6
1,181.0,82.0,63,25.01,2.03,0.27117,0.18631,0.18789,0.20243,0.34072,0.39234,0.62981,0.15837,0.12254,0.16562,0.04002,0.07311,104.4,91.5,103.1,48.3,45.5,26.6,60.8,19.2,23.6,82.8,112.3,70.0,181.0
1,180.1,96.9,64,29.87,2.202,0.27344,0.19204,0.20672,0.20823,0.33808,0.38931,0.62494,0.16324,0.13482,0.17037,0.0448,0.07404,107.6,100.7,106.0,48.8,46.1,30.1,60.3,19.2,26.4,82.2,111.4,69.4,180.1
1,168.5,57.8,31,20.37,1.645,0.25004,0.16091,0.1882,0.17496,0.32086,0.36948,0.59311,0.13677,0.12274,0.14315,0.037,0.06702,87.1,88.6,86.1,43.1,40.3,26.1,55.3,17.3,21.1,75.4,102.2,63.7,168.5
1,183.6,91.3,45,27.06,2.158,0.26089,0.19147,0.19783,0.20796,0.32508,0.37433,0.6009,0.16275,0.12902,0.17015,0.04312,0.0705,109.5,98.4,108.2,47.5,44.8,28.8,59.2,18.8,26.0,80.7,109.4,68.2,183.6
1,171.5,97.4,60,33.13,2.154,0.26385,0.20388,0.20027,0.22032,0.3244,0.37355,0.59965,0.17329,0.13061,0.18026,0.04503,0.07155,109.7,93.7,107.8,45.2,42.8,29.1,55.6,17.8,25.5,75.8,102.7,64.0,171.5
1,181.6,87.9,33,26.65,2.105,0.26358,0.18732,0.1972,0.20341,0.32923,0.37912,0.60858,0.15922,0.12861,0.16642,0.0425,0.07118,106.7,97.7,105.3,47.8,45.0,28.6,59.7,19.0,25.5,81.4,110.3,68.7,181.6
1,178.3,82.9,36,26.09,2.026,0.27172,0.20227,0.19146,0.21958,0.34061,0.39222,0.62962,0.17193,0.12486,0.17965,0.04353,0.0733,112.7,92.8,111.2,48.2,45.4,27.4,60.4,19.2,25.5,82.4,111.7,69.6,178.3
1,189.3,89.8,34,25.06,2.173,0.26102,0.18701,0.18466,0.20343,0.32662,0.37611,0.60376,0.15896,0.12043,0.16644,0.04018,0.07045,111.8,96.0,110.6,49.7,46.8,27.3,62.2,19.7,25.3,84.8,114.9,71.6,189.3
1,173.8,59.7,43,19.77,1.698,0.2544,0.17986,0.18202,0.19572,0.32642,0.37588,0.60339,0.15288,0.11871,0.16013,0.0384,0.06819,98.1,86.3,97.1,44.2,41.3,24.9,56.7,17.8,22.0,77.3,104.8,65.3,173.8
1,172.9,91.7,23,30.67,2.098,0.25806,0.18765,0.20016,0.20309,0.31953,0.36795,0.59065,0.1595,0.13054,0.16616,0.04261,0.06985,101.5,94.2,99.9,44.5,42.0,28.8,55.0,17.6,24.3,75.1,101.7,63.4,172.9
1,175.4,70.2,60,22.84,1.849,0.27089,0.18735,0.18543,0.20359,0.34379,0.39588,0.6355,0.15925,0.12093,0.16658,0.03984,0.07283,102.1,87.8,100.8,47.0,44.1,25.7,59.6,18.8,22.8,81.3,110.2,68.7,175.4
1,173.2,81.0,66,27.0,1.974,0.26028,0.17421,0.19371,0.18887,0.32611,0.37552,0.60281,0.14807,0.12633,0.15453,0.04012,0.07023,97.0,93.8,95.6,46.1,43.5,28.2,57.8,18.3,23.5,78.8,106.9,66.6,173.2
1,181.5,65.2,26,19.8,1.813,0.26715,0.18733,0.17448,0.20397,0.34175,0.39352,0.63171,0.15923,0.11379,0.16689,0.03753,0.07166,104.8,84.9,103.7,47.6,44.5,23.8,60.8,19.1,22.1,83.0,112.5,70.1,181.5
1,163.4,56.0,67,20.97,1.594,0.25753,0.1798,0.1659,0.19534,0.33052,0.3806,0.61096,0.15283,0.10819,0.15982,0.0353,0.06902,93.9,75.3,92.8,42.8,40.1,22.7,55.0,17.2,19.4,74.9,101.6,63.3,163.4
1,167.6,87.2,34,31.04,2.015,0.26816,0.20465,0.21273,0.22117,0.33267,0.38308,0.61494,0.17395,0.13874,0.18096,0.04772,0.07255,106.5,96.3,104.7,44.4,42.0,29.9,55.1,17.6,26.1,75.2,101.9,63.5,167.6
1,167.5,66.6,48,23.76,1.761,0.26065,0.17836,0.17416,0.19353,0.33095,0.3811,0.61176,0.1516,0.11359,0.15834,0.03614,0.07007,93.7,79.6,92.5,43.6,40.9,24.0,55.4,17.4,20.0,75.5,102.3,63.8,167.5
1,182.6,103.8,29,31.12,2.295,0.2711,0.19478,0.19667,0.21122,0.33329,0.38379,0.61609,0.16556,0.12826,0.17281,0.04393,0.07352,113.9,100.0,112.3,50.5,47.8,30.0,62.1,19.9,27.0,84.6,114.7,71.5,182.6
1,188.3,87.7,40,24.74,2.142,0.26633,0.1935,0.18256,0.21047,0.33381,0.38439,0.61704,0.16447,0.11906,0.1722,0.04034,0.07185,113.6,93.2,112.3,49.8,46.9,26.5,62.4,19.8,24.9,85.1,115.3,71.8,188.3
1,174.7,58.0,22,18.99,1.677,0.25592,0.17764,0.17323,0.19339,0.32914,0.37901,0.60842,0.15099,0.11298,0.15823,0.03669,0.06855,98.9,83.9,97.9,45.4,42.4,24.0,58.3,18.3,21.5,79.5,107.8,67.2,174.7
1,174.2,86.9,60,28.61,2.05,0.27386,0.19016,0.20765,0.20605,0.34113,0.39281,0.63057,0.16163,0.13542,0.16859,0.04444,0.07401,102.4,97.3,100.9,47.0,44.3,29.4,58.5,18.6,25.2,79.8,108.1,67.4,174.2
1,176.0,71.0,53,22.91,1.863,0.2607,0.1689,0.18721,0.18354,0.33068,0.38078,0.61126,0.14356,0.12209,0.15017,0.03782,0.0701,94.4,91.0,93.3,46.4,43.5,26.5,58.8,18.5,22.3,80.2,108.8,67.7,176.0
1,184.2,94.3,53,27.79,2.197,0.25898,0.19045,0.21568,0.20682,0.32177,0.37053,0.59479,0.16188,0.14066,0.16922,0.04784,0.07004,112.7,111.0,111.3,48.8,46.1,32.5,60.6,19.3,29.8,82.7,112.1,69.8,184.2
1,168.5,71.4,20,25.12,1.828,0.267,0.18935,0.20474,0.20533,0.33736,0.38848,0.62361,0.16095,0.13353,0.16799,0.04362,0.07187,98.0,92.1,96.6,44.0,41.3,27.8,55.6,17.6,23.8,75.8,102.7,64.0,168.5
1,177.3,62.4,41,19.86,1.753,0.26232,0.17694,0.17539,0.19258,0.33604,0.38696,0.62117,0.1504,0.11438,0.15757,0.03651,0.07034,98.3,84.7,97.2,46.4,43.4,24.1,59.4,18.6,21.3,81.0,109.8,68.4,177.3
1,182.8,85.7,34,25.65,2.087,0.27102,0.1961,0.18914,0.21307,0.33948,0.39092,0.62753,0.16668,0.12335,0.17433,0.04189,0.07313,111.2,93.2,109.8,48.9,46.1,27.1,61.3,19.4,25.0,83.5,113.2,70.5,182.8
1,179.3,111.8,56,34.79,2.359,0.27398,0.19967,0.2366,0.21607,0.3334,0.38391,0.61628,0.16972,0.15431,0.17679,0.05304,0.07451,113.9,117.4,112.1,49.7,47.2,36.0,60.5,19.5,31.9,82.6,111.9,69.7,179.3
1,176.9,84.4,43,26.95,2.036,0.25918,0.17745,0.20032,0.19251,0.32417,0.37329,0.59922,0.15083,0.13064,0.15751,0.0423,0.06996,101.5,99.6,100.1,47.2,44.5,29.6,59.0,18.7,25.5,80.5,109.1,68.0,176.9
1,183.0,83.1,21,24.81,2.055,0.27252,0.18154,0.20378,0.19731,0.34233,0.3942,0.63279,0.15431,0.1329,0.16144,0.04234,0.07348,101.8,99.4,100.6,48.7,45.8,28.7,61.1,19.4,25.0,83.3,113.0,70.4,183.0
1,155.2,70.9,62,29.41,1.748,0.26045,0.18316,0.19889,0.19758,0.32702,0.37657,0.6045,0.15569,0.12971,0.16166,0.04131,0.07023,89.3,84.3,87.6,40.4,38.1,27.1,50.8,16.1,21.2,69.2,93.8,58.5,155.2
1,180.6,84.2,29,25.83,2.056,0.26218,0.20419,0.19963,0.22177,0.32857,0.37835,0.60735,0.17356,0.13019,0.18145,0.0457,0.07074,115.0,97.8,113.5,47.0,44.3,28.6,58.9,18.7,27.1,80.3,108.9,67.8,180.6
1,170.6,75.2,18,25.83,1.887,0.26874,0.19328,0.18413,0.20958,0.33845,0.38973,0.62563,0.16429,0.12008,0.17148,0.04021,0.07241,102.6,85.0,101.1,45.4,42.7,25.6,57.2,18.1,22.5,78.0,105.7,65.8,170.6
1,161.8,55.6,38,21.25,1.581,0.25295,0.17934,0.18198,0.19477,0.32457,0.37375,0.59996,0.15244,0.11868,0.15936,0.03823,0.0678,91.6,80.8,90.4,41.1,38.5,24.6,52.8,16.5,20.6,72.0,97.5,60.8,161.8
1,179.3,83.4,36,25.92,2.038,0.26403,0.18864,0.19718,0.20483,0.33098,0.38113,0.61182,0.16035,0.1286,0.16759,0.04266,0.07123,105.9,96.3,104.6,47.2,44.4,28.3,59.2,18.8,25.2,80.7,109.3,68.1,179.3
1,185.8,100.9,38,29.23,2.282,0.28109,0.19854,0.20238,0.21557,0.34721,0.39982,0.64181,0.16876,0.13199,0.17638,0.04467,0.07614,113.2,100.3,111.7,51.0,48.2,29.5,63.0,20.1,26.8,85.9,116.5,72.6,185.8
1,174.5,67.2,69,22.08,1.805,0.26546,0.18872,0.18207,0.20513,0.33789,0.38909,0.62459,0.16041,0.11874,0.16783,0.03974,0.07131,103.5,86.8,102.3,46.3,43.5,25.3,59.0,18.6,22.9,80.4,109.0,67.9,174.5
1,182.6,103.4,35,30.99,2.29,0.27374,0.19728,0.22413,0.21394,0.33668,0.3877,0.62235,0.16769,0.14617,0.17504,0.04935,0.07423,111.6,110.3,110.0,49.3,46.7,33.0,60.6,19.4,29.4,82.7,112.1,69.8,182.6
1,187.6,86.9,60,24.69,2.128,0.25378,0.18611,0.18813,0.20242,0.31825,0.36647,0.58828,0.15819,0.12269,0.16562,0.04154,0.06846,113.1,99.4,111.8,49.1,46.2,28.4,61.5,19.5,26.6,83.9,113.8,70.9,187.6
1,185.4,75.3,69,21.91,1.969,0.26404,0.18502,0.20698,0.20136,0.33473,0.38545,0.61875,0.15726,0.13499,0.16475,0.04408,0.07101,106.0,103.1,104.8,48.1,45.2,29.0,61.0,19.2,26.6,83.2,112.8,70.3,185.4
1,187.8,102.5,20,29.07,2.313,0.26573,0.20214,0.18652,0.21958,0.32806,0.37777,0.60642,0.17182,0.12164,0.17966,0.04318,0.07198,122.0,97.9,120.5,51.1,48.3,28.7,63.0,20.1,27.4,86.0,116.5,72.6,187.8
1,181.1,78.6,66,23.97,1.988,0.26547,0.1934,0.1907,0.21021,0.33475,0.38547,0.61878,0.16439,0.12437,0.17199,0.04184,0.0715,108.4,92.9,107.1,47.4,44.5,26.9,59.7,18.9,24.7,81.4,110.4,68.8,181.1
1,176.1,86.9,61,28.05,2.062,0.26327,0.19998,0.18879,0.21682,0.32823,0.37796,0.60672,0.16998,0.12312,0.1774,0.04231,0.07113,110.0,90.3,108.4,46.1,43.5,27.1,57.5,18.3,24.5,78.3,106.2,66.2,176.1
1,163.5,64.0,49,23.96,1.705,0.26551,0.17991,0.17876,0.19508,0.33754,0.38868,0.62393,0.15292,0.11658,0.15961,0.03733,0.07135,92.5,80.0,91.2,43.5,40.8,24.4,55.3,17.4,20.2,75.4,102.2,63.6,163.5
1,173.7,74.8,27,24.8,1.9,0.26209,0.19199,0.18554,0.20838,0.3307,0.38081,0.6113,0.16319,0.121,0.17049,0.0408,0.07058,104.9,88.1,103.5,45.6,42.8,26.2,57.5,18.2,23.5,78.4,106.3,66.2,173.7
1,169.2,77.1,57,26.95,1.904,0.25878,0.18626,0.19776,0.20179,0.32495,0.37419,0.60067,0.15832,0.12897,0.1651,0.0423,0.06978,99.4,91.7,97.9,43.9,41.4,27.9,55.2,17.5,23.8,75.3,102.0,63.5,169.2
1,191.8,96.2,32,26.14,2.263,0.26431,0.18988,0.19887,0.20657,0.32906,0.37892,0.60826,0.1614,0.1297,0.16901,0.04396,0.07144,115.8,105.5,114.6,51.3,48.4,30.1,63.9,20.3,28.2,87.1,118.1,73.6,191.8
1,174.2,56.3,22,18.55,1.65,0.26033,0.18522,0.17275,0.20169,0.33537,0.38618,0.61993,0.15744,0.11267,0.16502,0.03752,0.0697,101.7,82.5,100.6,45.5,42.5,23.6,58.6,18.3,21.7,79.9,108.3,67.5,174.2
1,176.4,65.8,21,21.15,1.796,0.26184,0.18148,0.17359,0.19739,0.33406,0.38467,0.6175,0.15426,0.11321,0.1615,0.03593,0.07029,97.4,81.0,96.3,44.7,41.9,23.3,57.0,17.9,20.3,77.8,105.4,65.7,176.4
1,179.6,92.8,45,28.77,2.152,0.26995,0.19842,0.21872,0.21521,0.3351,0.38587,0.61942,0.16865,0.14264,0.17608,0.04828,0.07302,109.8,105.3,108.3,47.6,44.9,31.4,59.0,18.8,28.1,80.5,109.1,68.0,179.6
1,175.8,75.9,69,24.54,1.925,0.25688,0.18631,0.18736,0.20231,0.32408,0.37318,0.59906,0.15836,0.12219,0.16553,0.0407,0.06918,104.3,91.2,102.9,45.8,43.0,26.8,57.7,18.3,24.0,78.7,106.7,66.5,175.8
1,188.2,82.0,68,23.14,2.07,0.2652,0.18991,0.1836,0.20667,0.33432,0.38498,0.61799,0.16143,0.11974,0.1691,0.04023,0.07143,111.8,94.0,110.7,49.7,46.7,26.5,62.7,19.8,24.9,85.5,115.8,72.2,188.2
1,170.8,59.6,21,20.41,1.681,0.26107,0.17722,0.18395,0.19273,0.33465,0.38536,0.6186,0.15064,0.11997,0.15769,0.03827,0.06999,95.0,85.7,93.9,44.5,41.7,25.1,57.1,17.9,21.6,77.8,105.5,65.7,170.8
1,177.0,66.7,32,21.29,1.81,0.25543,0.19257,0.18598,0.20945,0.32566,0.37501,0.60198,0.16369,0.12129,0.17137,0.04139,0.06859,107.3,90.1,106.1,45.3,42.5,25.9,57.8,18.2,24.3,78.8,106.8,66.5,177.0
1,169.9,53.4,34,18.48,1.587,0.24434,0.16701,0.17226,0.18182,0.31533,0.36311,0.58289,0.14196,0.11234,0.14876,0.03477,0.06538,90.5,81.2,89.6,42.2,39.4,23.5,54.4,17.0,19.8,74.2,100.6,62.6,169.9
1,165.6,67.6,61,24.65,1.763,0.26756,0.19412,0.19252,0.21046,0.33906,0.39044,0.62675,0.165,0.12556,0.1722,0.0423,0.07197,100.3,86.5,98.9,44.0,41.3,26.3,55.8,17.6,23.0,76.1,103.1,64.2,165.6
1,170.9,66.8,20,22.88,1.781,0.25696,0.19212,0.18087,0.20866,0.3267,0.3762,0.6039,0.1633,0.11796,0.17072,0.0395,0.06905,101.9,83.4,100.6,43.4,40.7,24.7,55.1,17.4,22.0,75.2,101.9,63.5,170.9
1,175.2,66.5,27,21.65,1.799,0.25712,0.18987,0.1886,0.20644,0.32764,0.37728,0.60564,0.16139,0.123,0.1689,0.04179,0.06905,105.8,91.4,104.6,45.6,42.8,26.5,58.1,18.3,24.5,79.3,107.5,66.9,175.2
1,172.3,73.5,64,24.77,1.876,0.2683,0.18241,0.18957,0.19795,0.33878,0.39011,0.62624,0.15505,0.12363,0.16196,0.0392,0.07223,95.9,86.7,94.6,44.9,42.2,25.8,56.7,17.9,21.7,77.3,104.8,65.3,172.3
1,170.3,76.7,59,26.43,1.904,0.26937,0.18746,0.19474,0.20319,0.33863,0.38994,0.62595,0.15934,0.12701,0.16625,0.04112,0.07261,98.1,88.6,96.6,44.9,42.2,26.8,56.4,17.9,22.6,76.9,104.2,64.9,170.3
1,165.0,93.2,40,34.26,2.067,0.27939,0.20911,0.21863,0.22545,0.3437,0.39578,0.63533,0.17774,0.14258,0.18446,0.04943,0.07576,107.5,97.7,105.3,45.7,43.3,31.0,56.2,18.0,26.7,76.7,103.9,64.8,165.0
1,174.9,61.0,35,19.95,1.722,0.26804,0.16607,0.18665,0.18072,0.34359,0.39564,0.63511,0.14116,0.12173,0.14786,0.03758,0.07186,93.0,90.8,92.0,47.8,44.7,26.1,61.2,19.2,22.1,83.5,113.2,70.5,174.9
1,164.2,80.3,18,29.78,1.914,0.25735,0.18375,0.21527,0.19857,0.32114,0.3698,0.59362,0.15619,0.1404,0.16247,0.04488,0.06951,94.2,96.0,92.6,42.0,39.6,30.0,52.4,16.7,24.2,71.5,96.9,60.4,164.2
1,181.2,95.1,52,28.96,2.188,0.27263,0.192,0.21284,0.2083,0.33792,0.38912,0.62463,0.1632,0.13881,0.17042,0.04641,0.07377,108.8,104.9,107.3,49.2,46.5,31.2,61.0,19.4,27.7,83.1,112.7,70.2,181.2
1,176.1,69.1,48,22.27,1.838,0.26079,0.18544,0.18593,0.20158,0.3315,0.38173,0.61277,0.15762,0.12126,0.16493,0.03979,0.07008,101.8,88.8,100.6,45.6,42.8,25.8,57.9,18.2,23.0,79.0,107.1,66.7,176.1
1,164.6,69.9,61,25.8,1.787,0.27307,0.19978,0.1849,0.21642,0.34495,0.39722,0.63764,0.16981,0.12059,0.17707,0.04085,0.07351,100.9,81.2,99.3,43.9,41.2,24.9,55.4,17.5,21.7,75.6,102.5,63.8,164.6
1,173.2,70.1,18,23.37,1.836,0.26452,0.18263,0.19891,0.19835,0.33543,0.38625,0.62004,0.15524,0.12973,0.16229,0.04228,0.07113,99.6,94.4,98.4,45.9,43.1,27.8,58.2,18.4,24.3,79.4,107.7,67.1,173.2
1,169.9,74.3,20,25.74,1.872,0.27751,0.1893,0.21033,0.20525,0.34973,0.40272,0.64646,0.1609,0.13717,0.16793,0.04453,0.07476,98.0,94.7,96.6,45.7,43.0,28.6,57.6,18.2,24.3,78.6,106.5,66.4,169.9
1,177.9,99.3,20,31.39,2.215,0.27109,0.20011,0.20376,0.21675,0.3339,0.3845,0.61722,0.17009,0.13288,0.17734,0.04541,0.07348,111.2,98.4,109.5,47.9,45.4,29.8,59.0,18.9,26.5,80.5,109.1,68.0,177.9
1,185.6,94.4,54,27.41,2.205,0.25957,0.19432,0.20727,0.21111,0.32272,0.37161,0.59654,0.16518,0.13517,0.17272,0.0461,0.07018,113.8,105.5,112.4,48.4,45.7,30.8,60.1,19.2,28.4,82.0,111.2,69.3,185.6
1,161.4,70.4,36,27.01,1.777,0.27626,0.19671,0.19877,0.21282,0.34822,0.40098,0.64368,0.16721,0.12963,0.17412,0.04282,0.07441,96.3,84.6,94.7,43.0,40.5,26.4,54.3,17.2,22.1,74.0,100.3,62.5,161.4
1,176.4,73.0,46,23.46,1.891,0.26456,0.18611,0.2036,0.2022,0.3349,0.38564,0.61905,0.15819,0.13279,0.16544,0.04345,0.07118,101.8,96.9,100.6,46.1,43.3,28.3,58.3,18.4,25.0,79.6,107.8,67.2,176.4
1,174.3,60.9,42,20.03,1.717,0.25451,0.16767,0.17655,0.18243,0.32622,0.37564,0.60301,0.14252,0.11514,0.14926,0.03548,0.06824,92.4,84.6,91.4,44.7,41.8,24.4,57.2,18.0,20.6,78.1,105.8,65.9,174.3
1,180.5,79.1,50,24.26,1.991,0.25973,0.1818,0.20789,0.19756,0.32727,0.37686,0.60495,0.15453,0.13558,0.16164,0.04398,0.06997,103.0,102.4,101.7,46.8,44.0,29.7,59.0,18.7,26.2,80.5,109.1,67.9,180.5
1,177.1,94.1,53,29.99,2.151,0.27452,0.20502,0.2132,0.22215,0.33985,0.39134,0.62821,0.17427,0.13904,0.18176,0.04834,0.07431,113.0,102.2,111.3,48.2,45.5,30.8,59.6,19.0,28.0,81.3,110.2,68.7,177.1
1,169.9,57.4,46,19.9,1.646,0.26454,0.17909,0.19289,0.19481,0.33981,0.3913,0.62814,0.15223,0.1258,0.15939,0.04061,0.07088,95.8,89.7,94.7,45.0,42.1,26.2,57.9,18.1,22.9,78.9,106.9,66.6,169.9
1,173.1,64.0,43,21.36,1.755,0.25282,0.17975,0.18123,0.19543,0.32276,0.37166,0.59661,0.15279,0.11819,0.15989,0.03806,0.06786,97.6,85.5,96.4,43.7,40.9,24.9,55.8,17.5,21.7,76.0,103.1,64.2,173.1
1,169.5,73.3,21,25.51,1.858,0.26163,0.19057,0.19359,0.20664,0.33001,0.38001,0.61002,0.16199,0.12626,0.16907,0.04254,0.07046,102.8,90.8,101.3,44.9,42.2,27.4,56.6,17.9,24.1,77.2,104.7,65.2,169.5
1,183.6,72.8,66,21.59,1.926,0.25136,0.17242,0.1751,0.18764,0.31926,0.36764,0.59015,0.14656,0.11419,0.15352,0.0365,0.06757,102.0,90.1,100.9,47.3,44.4,25.5,60.1,18.9,22.7,82.0,111.1,69.2,183.6
1,175.7,68.6,31,22.22,1.829,0.2523,0.18188,0.19336,0.19771,0.32083,0.36944,0.59304,0.1546,0.1261,0.16176,0.04096,0.0678,100.2,92.6,99.0,44.2,41.5,26.9,56.3,17.7,23.8,76.7,104.0,64.8,175.7
1,189.8,84.6,67,23.49,2.111,0.26361,0.18822,0.1999,0.20485,0.33167,0.38192,0.61309,0.15999,0.13037,0.16761,0.04357,0.07104,112.0,103.4,110.8,49.9,47.0,29.1,62.8,19.9,27.3,85.6,116.1,72.3,189.8
1,175.0,62.5,44,20.39,1.743,0.25556,0.17901,0.20154,0.19475,0.32707,0.37662,0.60458,0.15215,0.13144,0.15934,0.0421,0.06855,97.7,95.6,96.6,44.4,41.6,27.5,56.8,17.8,24.2,77.5,105.0,65.4,175.0
1,170.2,62.6,50,21.63,1.721,0.24809,0.18006,0.18622,0.19567,0.31682,0.36483,0.58565,0.15305,0.12145,0.1601,0.03943,0.06658,97.1,87.3,95.9,42.6,39.9,25.8,54.4,17.1,22.4,74.2,100.5,62.6,170.2
1,164.1,74.9,39,27.81,1.849,0.25352,0.18421,0.19846,0.19929,0.31831,0.36654,0.58839,0.15658,0.12943,0.16305,0.04242,0.06836,96.9,90.8,95.3,42.5,40.0,28.2,53.3,16.9,23.5,72.7,98.6,61.4,164.1
1,162.0,54.0,65,20.57,1.558,0.24774,0.16834,0.17435,0.18291,0.31854,0.3668,0.58881,0.14309,0.1137,0.14966,0.03518,0.06636,86.9,78.3,85.9,40.7,38.1,23.7,52.4,16.4,19.1,71.4,96.8,60.3,162.0
1,163.6,52.7,20,19.69,1.548,0.2568,0.18107,0.18544,0.19689,0.33089,0.38102,0.61164,0.15391,0.12094,0.16109,0.03878,0.06875,91.6,81.6,90.6,41.4,38.7,24.4,53.3,16.7,20.7,72.7,98.5,61.4,163.6
1,177.5,71.7,40,22.77,1.881,0.25078,0.17485,0.18365,0.19006,0.31804,0.36622,0.58789,0.14862,0.11977,0.1555,0.03809,0.06744,98.5,90.0,97.3,45.0,42.2,26.1,57.0,18.0,22.6,77.8,105.4,65.7,177.5
1,179.3,89.8,38,27.93,2.115,0.26121,0.19177,0.20015,0.20806,0.32522,0.3745,0.60117,0.163,0.13053,0.17023,0.04398,0.0706,108.8,98.7,107.3,47.2,44.5,29.3,58.7,18.7,26.3,80.1,108.5,67.6,179.3
1,163.6,65.1,58,24.3,1.72,0.25497,0.19059,0.18934,0.20662,0.32377,0.37282,0.59848,0.162,0.12348,0.16905,0.04139,0.06854,98.4,85.0,97.0,41.9,39.3,26.0,53.2,16.8,22.5,72.6,98.4,61.3,163.6
1,182.2,77.5,40,23.34,1.981,0.26078,0.18231,0.18622,0.19824,0.32939,0.3793,0.60887,0.15497,0.12145,0.1622,0.03987,0.07021,105.3,93.6,104.1,48.0,45.1,26.9,60.6,19.1,24.3,82.6,112.0,69.8,182.2
1,171.9,74.4,21,25.2,1.885,0.26201,0.1782,0.19116,0.19333,0.33045,0.38051,0.61082,0.15147,0.12467,0.15818,0.03996,0.07056,97.2,90.7,95.9,45.5,42.8,27.1,57.4,18.1,23.0,78.3,106.1,66.1,171.9
1,176.6,60.1,38,19.26,1.717,0.25497,0.17551,0.17517,0.19107,0.32738,0.37699,0.60516,0.14918,0.11424,0.15633,0.03672,0.06833,98.7,85.6,97.6,45.6,42.7,24.4,58.6,18.4,21.7,79.9,108.3,67.5,176.6
1,187.6,94.9,54,26.96,2.223,0.26958,0.19128,0.20129,0.2079,0.33535,0.38616,0.61988,0.16258,0.13128,0.1701,0.04354,0.07288,110.4,101.0,109.1,49.5,46.7,29.2,61.6,19.6,26.5,84.0,113.9,70.9,187.6
1,182.2,88.0,60,26.51,2.111,0.26545,0.19583,0.20858,0.21269,0.33162,0.38186,0.61299,0.16646,0.13603,0.17402,0.04616,0.07168,111.0,102.8,109.6,47.9,45.1,30.1,59.8,19.0,27.5,81.6,110.6,68.9,182.2
1,173.5,70.8,48,23.54,1.848,0.26085,0.18706,0.19417,0.20315,0.33055,0.38063,0.61101,0.159,0.12663,0.16622,0.04135,0.07016,100.1,90.3,98.8,44.4,41.7,26.6,56.3,17.8,23.3,76.8,104.1,64.8,173.5
1,168.8,82.9,38,29.1,1.972,0.26592,0.20605,0.208,0.22297,0.33169,0.38195,0.61313,0.17514,0.13565,0.18243,0.0468,0.07184,107.0,93.9,105.2,43.9,41.4,28.9,54.8,17.4,25.6,74.7,101.3,63.1,168.8
1,159.4,53.7,43,21.13,1.541,0.25127,0.17841,0.16447,0.19374,0.32285,0.37176,0.59678,0.15165,0.10726,0.15851,0.03524,0.06732,92.6,74.2,91.4,41.5,38.8,22.7,53.3,16.7,19.2,72.7,98.6,61.4,159.4
1,170.1,85.8,58,29.64,2.013,0.2572,0.19297,0.20678,0.20882,0.32003,0.36852,0.59156,0.16402,0.13485,0.17085,0.04487,0.06953,102.6,95.6,100.9,43.5,41.1,29.3,54.2,17.2,25.1,73.9,100.1,62.4,170.1
1,173.9,77.5,52,25.61,1.935,0.25955,0.18995,0.19645,0.2061,0.32657,0.37605,0.60366,0.16146,0.12812,0.16863,0.04302,0.06995,104.7,94.2,103.3,45.5,42.8,28.0,57.3,18.1,25.0,78.1,105.9,66.0,173.9
1,168.1,67.2,55,23.8,1.772,0.26265,0.1848,0.18883,0.20053,0.33336,0.38387,0.61621,0.15708,0.12315,0.16407,0.03979,0.07061,96.0,85.3,94.7,43.4,40.8,25.6,55.1,17.4,21.8,75.2,101.9,63.5,168.1
1,174.5,76.0,41,24.95,1.919,0.26196,0.18484,0.20645,0.20064,0.33024,0.38028,0.61044,0.15711,0.13464,0.16416,0.04445,0.07056,102.5,99.5,101.1,46.2,43.5,29.5,58.3,18.4,25.9,79.5,107.7,67.1,174.5
1,176.1,76.4,28,24.63,1.933,0.2502,0.18157,0.17193,0.19716,0.31553,0.36333,0.58324,0.15434,0.11213,0.16131,0.03671,0.06739,102.1,84.0,100.7,44.8,42.1,24.7,56.4,17.8,21.7,77.0,104.3,65.0,176.1
1,173.8,90.8,58,30.06,2.094,0.26046,0.19441,0.20598,0.2105,0.32298,0.37192,0.59703,0.16525,0.13433,0.17223,0.04588,0.07047,108.5,100.0,106.8,46.3,43.7,30.4,57.4,18.3,27.0,78.2,106.1,66.1,173.8
1,170.6,62.0,46,21.3,1.714,0.25876,0.18757,0.18801,0.20388,0.33076,0.38087,0.6114,0.15944,0.12262,0.16681,0.04099,0.06943,101.0,88.0,99.8,44.4,41.5,25.9,56.7,17.8,23.2,77.3,104.8,65.3,170.6
1,176.8,69.8,64,22.32,1.851,0.25326,0.19011,0.19387,0.20668,0.32179,0.37054,0.59482,0.1616,0.12644,0.1691,0.0421,0.06807,104.1,92.4,102.9,44.2,41.4,26.8,56.1,17.7,24.3,76.5,103.7,64.6,176.8
1,178.8,93.5,20,29.24,2.155,0.26142,0.20011,0.20565,0.21698,0.32415,0.37326,0.59919,0.1701,0.13412,0.17753,0.04612,0.07074,112.0,100.1,110.4,46.6,44.0,30.0,57.7,18.4,27.2,78.7,106.7,66.5,178.8
1,167.3,64.1,18,22.89,1.726,0.25401,0.18414,0.18721,0.1999,0.32345,0.37246,0.5979,0.15652,0.12209,0.16356,0.04047,0.06823,98.6,87.1,97.3,43.3,40.6,26.1,55.1,17.3,22.8,75.2,101.9,63.5,167.3
1,186.1,99.2,69,28.65,2.264,0.2781,0.2041,0.21766,0.22166,0.34416,0.3963,0.63617,0.17348,0.14195,0.18136,0.04877,0.07529,115.6,107.2,114.1,50.1,47.4,31.4,62.0,19.8,29.1,84.6,114.7,71.4,186.1
1,174.8,98.6,36,32.3,2.188,0.27182,0.19286,0.20531,0.20867,0.33443,0.3851,0.61819,0.16393,0.1339,0.17073,0.0443,0.0737,104.9,97.1,103.1,47.0,44.5,29.8,57.9,18.5,25.4,78.9,107.0,66.7,174.8
1,175.6,72.7,63,23.56,1.883,0.26669,0.19653,0.1943,0.2135,0.33759,0.38874,0.62403,0.16705,0.12672,0.17468,0.04322,0.07175,107.2,92.2,105.9,46.3,43.5,27.0,58.6,18.5,24.8,79.9,108.3,67.5,175.6
1,180.8,90.6,66,27.72,2.134,0.26434,0.20635,0.20278,0.22396,0.3291,0.37896,0.60834,0.1754,0.13225,0.18324,0.04619,0.07145,115.0,98.3,113.5,46.9,44.2,29.0,58.4,18.6,27.1,79.6,107.9,67.2,180.8
1,177.2,66.1,39,21.05,1.805,0.24428,0.17561,0.17199,0.19103,0.31165,0.35887,0.57609,0.14926,0.11217,0.15629,0.03629,0.06558,100.3,85.4,99.1,44.4,41.6,24.5,56.6,17.8,21.8,77.2,104.7,65.2,177.2
1,182.6,93.5,31,28.03,2.178,0.26241,0.18812,0.20449,0.20422,0.32604,0.37544,0.60268,0.1599,0.13336,0.16709,0.04462,0.07096,109.4,103.4,108.0,48.6,45.9,30.5,60.4,19.2,27.3,82.3,111.6,69.5,182.6
1,177.7,81.4,66,25.79,2.004,0.25961,0.19437,0.19323,0.211,0.32586,0.37523,0.60235,0.16521,0.12602,0.17264,0.04243,0.07001,107.2,92.6,105.8,45.6,42.9,27.3,57.2,18.1,24.6,78.0,105.7,65.8,177.7
1,170.9,78.5,31,26.87,1.93,0.25527,0.18972,0.18224,0.20561,0.32035,0.36888,0.59215,0.16126,0.11885,0.16823,0.03981,0.06884,103.1,86.1,101.6,44.2,41.6,26.0,55.4,17.6,22.8,75.6,102.4,63.8,170.9
1,178.2,72.2,61,22.72,1.89,0.264,0.18211,0.18357,0.19797,0.33477,0.38549,0.61881,0.15479,0.11972,0.16198,0.0391,0.071,102.4,89.7,101.2,47.2,44.3,26.0,59.9,18.9,23.1,81.7,110.7,69.0,178.2
1,166.9,54.4,33,19.51,1.588,0.25695,0.17064,0.17299,0.18561,0.33086,0.38099,0.61159,0.14504,0.11282,0.15187,0.03503,0.0688,89.6,79.0,88.6,42.9,40.1,23.3,55.3,17.3,19.4,75.4,102.2,63.7,166.9
1,176.3,83.9,50,26.99,2.027,0.2558,0.18817,0.20191,0.20413,0.32,0.36848,0.59151,0.15995,0.13168,0.16701,0.04418,0.06905,106.3,99.2,104.8,46.0,43.3,29.5,57.5,18.3,26.3,78.4,106.3,66.2,176.3
1,175.3,56.4,30,18.37,1.657,0.25115,0.17893,0.17802,0.19487,0.32363,0.37267,0.59823,0.15209,0.1161,0.15944,0.03771,0.06723,99.0,85.7,98.1,44.3,41.4,24.4,57.0,17.8,22.0,77.8,105.4,65.7,175.3
1,173.9,72.2,55,23.86,1.868,0.26761,0.19162,0.20338,0.20809,0.33868,0.39,0.62605,0.16288,0.13264,0.17026,0.04425,0.07201,103.3,95.3,102.0,45.9,43.1,28.1,58.1,18.3,25.1,79.2,107.4,66.9,173.9
1,174.5,87.8,66,28.82,2.063,0.26919,0.19667,0.19825,0.21309,0.33503,0.38579,0.61929,0.16717,0.1293,0.17435,0.04362,0.07276,106.7,93.5,105.1,46.5,43.9,28.2,57.8,18.4,24.9,78.9,106.9,66.6,174.5
1,161.4,67.1,29,25.76,1.734,0.2587,0.18717,0.20168,0.20265,0.32736,0.37696,0.60512,0.15909,0.13153,0.1658,0.04258,0.06961,93.3,87.5,91.9,41.1,38.6,27.1,52.0,16.4,22.4,70.9,96.1,59.8,161.4
1,171.4,98.5,68,33.52,2.165,0.26217,0.20789,0.23891,0.22462,0.32195,0.37073,0.59512,0.17671,0.15581,0.18378,0.05388,0.07112,110.3,110.2,108.3,44.3,41.9,34.3,54.4,17.4,30.1,74.1,100.5,62.6,171.4
1,176.2,90.6,55,29.19,2.106,0.27739,0.19495,0.20684,0.21128,0.3445,0.3967,0.63681,0.16571,0.13489,0.17286,0.04539,0.07502,107.3,99.0,105.7,48.6,45.9,29.8,60.3,19.2,26.3,82.3,111.5,69.5,176.2
1,176.7,70.8,56,22.69,1.865,0.25493,0.18202,0.19545,0.19784,0.32351,0.37253,0.598,0.15472,0.12747,0.16187,0.04131,0.06854,100.5,93.9,99.4,44.8,42.1,27.3,56.9,17.9,24.0,77.6,105.2,65.5,176.7
1,167.8,70.8,50,25.13,1.816,0.26484,0.18552,0.19772,0.20115,0.33475,0.38547,0.61878,0.15769,0.12895,0.16458,0.04207,0.07128,97.4,90.3,96.0,44.3,41.6,27.3,56.0,17.7,23.3,76.3,103.4,64.4,167.8
1,185.0,85.0,50,24.85,2.091,0.26838,0.17684,0.18192,0.19226,0.33677,0.3878,0.62252,0.15031,0.11864,0.1573,0.03806,0.07238,103.7,92.8,102.5,50.1,47.2,26.7,62.9,19.9,23.5,85.8,116.3,72.4,185.0
1,169.0,56.4,46,19.74,1.627,0.25346,0.17442,0.1812,0.18973,0.32586,0.37523,0.60235,0.14826,0.11817,0.15524,0.03776,0.0679,94.1,85.0,93.0,43.5,40.7,24.9,55.9,17.5,21.4,76.3,103.4,64.4,169.0
1,182.8,72.6,22,21.74,1.92,0.25409,0.18505,0.18739,0.20135,0.32266,0.37155,0.59644,0.15729,0.12221,0.16474,0.04073,0.0683,107.4,94.5,106.2,46.9,44.0,26.8,59.6,18.8,24.9,81.3,110.2,68.6,182.8
1,178.7,73.5,23,23.01,1.91,0.25189,0.18547,0.18628,0.20161,0.31902,0.36736,0.5897,0.15765,0.12148,0.16496,0.04024,0.06776,104.6,91.4,103.4,45.2,42.5,26.4,57.3,18.1,23.9,78.1,105.9,66.0,178.7
1,170.7,53.7,48,18.44,1.596,0.24593,0.18269,0.16927,0.1989,0.31734,0.36543,0.5866,0.15529,0.11039,0.16274,0.03655,0.06581,98.9,79.7,97.9,42.4,39.6,23.0,54.7,17.1,20.8,74.6,101.1,63.0,170.7
1,188.8,89.9,33,25.21,2.171,0.26743,0.18928,0.20308,0.20587,0.33455,0.38524,0.61841,0.16089,0.13244,0.16844,0.04419,0.07219,111.6,104.1,110.3,50.2,47.3,29.7,62.8,19.9,27.4,85.6,116.0,72.3,188.8
1,166.5,66.9,48,24.11,1.759,0.26844,0.18738,0.1823,0.20325,0.3406,0.39221,0.6296,0.15927,0.11889,0.1663,0.03917,0.07217,97.7,82.7,96.4,44.6,41.8,25.0,56.6,17.8,21.5,77.1,104.5,65.1,166.5
1,182.4,64.8,42,19.47,1.812,0.25691,0.18479,0.1982,0.20124,0.32891,0.37874,0.60798,0.15707,0.12926,0.16465,0.04269,0.0689,105.4,98.3,104.3,46.6,43.7,27.5,59.7,18.7,25.6,81.4,110.4,68.8,182.4
1,183.0,89.1,65,26.59,2.128,0.26277,0.20521,0.20027,0.2229,0.32805,0.37776,0.6064,0.17443,0.13061,0.18237,0.04605,0.07097,117.4,99.6,115.9,47.8,45.1,29.1,59.7,19.0,27.7,81.4,110.4,68.8,183.0
1,170.5,81.0,63,27.87,1.958,0.27223,0.19457,0.19206,0.21076,0.3406,0.39221,0.6296,0.16539,0.12525,0.17244,0.04171,0.07348,102.4,87.9,100.8,45.6,43.0,26.7,57.0,18.1,23.1,77.8,105.4,65.7,170.5
1,185.9,89.5,50,25.9,2.15,0.26042,0.1842,0.19327,0.20021,0.32543,0.37474,0.60155,0.15657,0.12604,0.16381,0.04133,0.07031,107.6,98.2,106.3,48.4,45.6,28.3,60.5,19.2,25.4,82.5,111.9,69.7,185.9
1,173.6,71.9,30,23.84,1.862,0.26609,0.19249,0.19072,0.20902,0.33683,0.38787,0.62263,0.16361,0.12438,0.17102,0.04159,0.07159,103.4,89.1,102.1,45.5,42.7,26.3,57.6,18.2,23.5,78.6,106.5,66.3,173.6
1,177.7,86.3,69,27.35,2.064,0.26657,0.20315,0.21973,0.22039,0.33284,0.38326,0.61524,0.17267,0.1433,0.18032,0.04986,0.07199,112.5,105.8,111.0,47.0,44.3,31.5,58.7,18.6,29.1,80.0,108.5,67.6,177.7
1,177.5,87.3,27,27.72,2.074,0.26687,0.19277,0.19584,0.20909,0.33284,0.38327,0.61526,0.16386,0.12772,0.17108,0.04245,0.0721,105.7,93.4,104.2,46.6,43.9,27.8,58.1,18.5,24.5,79.2,107.4,66.9,177.5
1,174.5,79.8,41,26.21,1.967,0.26915,0.19804,0.19935,0.21484,0.33789,0.38908,0.62458,0.16834,0.13001,0.17578,0.04391,0.07258,106.0,92.8,104.5,45.9,43.2,27.7,57.6,18.2,24.7,78.5,106.4,66.3,174.5
1,181.6,72.9,27,22.12,1.918,0.27158,0.19201,0.18525,0.20887,0.34459,0.3968,0.63697,0.16321,0.12081,0.1709,0.04077,0.07302,108.6,91.1,107.4,48.9,45.9,26.0,62.0,19.6,24.3,84.6,114.7,71.4,181.6
1,181.5,85.9,58,26.09,2.081,0.26727,0.19576,0.20105,0.21262,0.33451,0.38519,0.61834,0.1664,0.13112,0.17396,0.04479,0.07213,111.4,99.5,110.0,48.4,45.6,29.1,60.6,19.2,26.8,82.6,112.0,69.8,181.5
1,162.4,79.0,48,29.94,1.887,0.27048,0.19277,0.19724,0.20821,0.3377,0.38887,0.62424,0.16386,0.12863,0.17036,0.04264,0.07305,98.2,87.4,96.4,43.9,41.3,27.5,54.8,17.4,22.9,74.7,101.2,63.1,162.4
1,185.3,78.6,30,22.89,2.011,0.25459,0.18021,0.18028,0.19607,0.32165,0.37039,0.59457,0.15318,0.11757,0.16042,0.03827,0.06854,105.6,91.9,104.5,47.5,44.6,26.1,60.0,19.0,23.6,81.8,110.9,69.1,185.3
1,163.0,91.1,20,34.28,2.031,0.27175,0.19615,0.2077,0.21136,0.33468,0.38539,0.61866,0.16673,0.13546,0.17293,0.04531,0.07366,101.2,93.2,99.2,44.6,42.2,29.7,55.0,17.6,24.6,75.0,101.6,63.3,163.0
1,183.2,77.7,67,23.13,1.988,0.26811,0.19052,0.19064,0.20721,0.33874,0.39006,0.62616,0.16194,0.12433,0.16953,0.0415,0.07217,108.2,94.2,107.0,48.5,45.5,26.9,61.2,19.3,24.8,83.5,113.2,70.5,183.2
1,184.0,85.1,69,25.15,2.085,0.25155,0.19101,0.18781,0.20761,0.31548,0.36327,0.58315,0.16236,0.12248,0.16986,0.04169,0.06785,112.0,95.8,110.7,47.0,44.2,27.7,58.9,18.7,25.7,80.3,108.8,67.8,184.0
1,167.3,63.3,51,22.63,1.716,0.26806,0.18837,0.18635,0.20452,0.34164,0.39341,0.63152,0.16011,0.12153,0.16734,0.03971,0.07199,96.7,83.2,95.4,43.8,41.0,24.9,55.8,17.6,21.5,76.1,103.2,64.3,167.3
1,172.4,76.9,66,25.88,1.92,0.25903,0.18518,0.20309,0.20085,0.32587,0.37524,0.60236,0.1574,0.13245,0.16433,0.04338,0.06981,100.5,95.9,99.1,44.8,42.1,28.7,56.3,17.8,24.8,76.8,104.1,64.8,172.4
1,167.2,53.9,45,19.27,1.582,0.25885,0.18787,0.18371,0.2044,0.33353,0.38406,0.61652,0.15969,0.11981,0.16724,0.03881,0.0693,94.6,80.5,93.6,41.5,38.8,23.7,53.5,16.7,20.6,72.9,98.8,61.6,167.2
1,173.9,69.7,36,23.06,1.835,0.25801,0.18658,0.17787,0.20269,0.32742,0.37703,0.60522,0.15859,0.116,0.16584,0.03869,0.06937,103.0,85.4,101.7,45.3,42.5,25.1,57.5,18.1,22.5,78.5,106.3,66.2,173.9
1,173.2,63.7,40,21.25,1.751,0.26216,0.18373,0.18131,0.19976,0.33481,0.38554,0.61889,0.15617,0.11825,0.16344,0.03869,0.07036,99.6,85.5,98.4,45.2,42.4,24.9,57.8,18.1,22.1,78.8,106.8,66.5,173.2
1,181.3,84.0,62,25.54,2.057,0.26256,0.18311,0.19492,0.19891,0.32925,0.37914,0.60862,0.15564,0.12712,0.16275,0.04159,0.07083,104.9,97.1,103.6,47.9,45.1,28.3,60.0,19.0,25.1,81.9,111.0,69.1,181.3
1,185.3,99.8,49,29.05,2.267,0.26317,0.19161,0.19131,0.20804,0.32536,0.37466,0.60143,0.16287,0.12477,0.17022,0.04223,0.07126,112.9,98.0,111.4,49.4,46.7,28.9,61.0,19.5,26.2,83.2,112.8,70.3,185.3
1,186.0,95.4,30,27.57,2.22,0.26809,0.20145,0.21777,0.21885,0.33305,0.38351,0.61564,0.17123,0.14202,0.17906,0.04899,0.0725,115.8,108.9,114.4,49.1,46.3,31.7,61.0,19.4,29.7,83.1,112.7,70.2,186.0
1,171.3,51.4,50,17.54,1.565,0.26316,0.16515,0.17837,0.17991,0.34054,0.39213,0.62948,0.14038,0.11633,0.1472,0.0358,0.07037,90.4,84.9,89.5,45.8,42.8,24.3,59.3,18.5,20.6,80.9,109.6,68.3,171.3
1,173.9,102.9,51,34.0,2.229,0.26052,0.18566,0.22296,0.20069,0.31893,0.36725,0.58953,0.15781,0.14541,0.1642,0.04734,0.07073,102.5,107.0,100.7,45.8,43.4,33.1,56.0,18.0,27.5,76.4,103.6,64.5,173.9
1,162.9,69.4,50,26.16,1.772,0.26821,0.19659,0.19763,0.21285,0.33871,0.39003,0.62611,0.1671,0.12889,0.17415,0.04355,0.07221,99.7,87.2,98.1,43.3,40.7,27.0,54.7,17.3,23.3,74.6,101.1,63.0,162.9
1,169.5,64.0,22,22.28,1.735,0.26185,0.18678,0.17196,0.20288,0.33379,0.38436,0.61701,0.15876,0.11215,0.166,0.03682,0.07031,98.3,78.7,97.1,43.9,41.1,23.4,55.9,17.6,20.4,76.3,103.4,64.4,169.5
1,182.7,85.6,20,25.63,2.084,0.25351,0.18861,0.20372,0.20493,0.31759,0.36571,0.58706,0.16032,0.13286,0.16767,0.04496,0.0684,110.6,103.9,109.2,47.3,44.6,30.2,59.3,18.8,27.7,80.8,109.6,68.3,182.7
1,187.6,90.5,24,25.7,2.171,0.26615,0.18563,0.19211,0.20184,0.33256,0.38294,0.61473,0.15779,0.12529,0.16514,0.04109,0.07187,108.5,97.6,107.2,49.5,46.7,28.0,61.9,19.6,25.3,84.3,114.3,71.2,187.6
1,166.2,62.6,41,22.65,1.7,0.2521,0.18633,0.18031,0.20228,0.32143,0.37013,0.59415,0.15838,0.11759,0.1655,0.03874,0.06769,97.1,81.7,95.9,41.8,39.2,24.6,53.3,16.8,21.3,72.7,98.6,61.4,166.2
1,171.1,75.4,39,25.78,1.893,0.25537,0.1863,0.19235,0.20203,0.32158,0.37031,0.59444,0.15836,0.12545,0.1653,0.04161,0.0688,101.5,91.1,100.1,44.3,41.7,27.4,55.8,17.6,23.9,76.1,103.1,64.2,171.1
1,175.3,70.2,62,22.85,1.849,0.25671,0.1729,0.19611,0.18789,0.32579,0.37515,0.60222,0.14697,0.1279,0.15373,0.04035,0.06902,96.4,95.0,95.2,45.5,42.7,27.8,57.8,18.2,23.7,78.8,106.8,66.6,175.3
1,177.6,74.3,40,23.56,1.915,0.24511,0.18717,0.19214,0.20338,0.31001,0.35698,0.57305,0.15909,0.12531,0.1664,0.04256,0.06596,107.7,96.2,106.4,44.9,42.2,28.0,56.8,17.9,25.8,77.4,105.0,65.4,177.6
1,169.4,64.8,47,22.58,1.747,0.2685,0.18795,0.19801,0.20412,0.34193,0.39374,0.63205,0.15976,0.12913,0.16701,0.04211,0.07212,97.5,89.3,96.3,44.3,41.6,26.6,56.5,17.8,23.0,77.0,104.4,65.0,169.4
1,178.7,64.5,35,20.19,1.789,0.25692,0.18079,0.18317,0.19676,0.32857,0.37835,0.60735,0.15367,0.11946,0.16099,0.0384,0.06893,100.0,88.1,98.9,45.2,42.3,25.0,57.8,18.2,22.3,78.9,106.9,66.6,178.7
1,171.9,75.6,49,25.58,1.901,0.24947,0.18151,0.18734,0.19689,0.31422,0.36183,0.58084,0.15429,0.12218,0.16109,0.03994,0.06721,100.0,89.7,98.6,43.7,41.1,26.9,55.1,17.4,23.2,75.1,101.8,63.4,171.9
1,175.4,84.1,24,27.32,2.024,0.26135,0.18107,0.20343,0.19636,0.32674,0.37624,0.60397,0.15391,0.13267,0.16066,0.04227,0.07056,98.6,96.3,97.2,45.3,42.7,28.8,56.6,18.0,24.2,77.2,104.7,65.2,175.4
1,179.6,87.2,50,27.04,2.086,0.27341,0.19251,0.19584,0.20894,0.3414,0.39312,0.63107,0.16363,0.12772,0.17095,0.0433,0.07384,109.6,96.9,108.1,49.5,46.7,28.6,61.8,19.7,25.9,84.3,114.3,71.2,179.6
1,175.5,87.2,22,28.3,2.062,0.25786,0.1961,0.21052,0.21257,0.32129,0.36997,0.59391,0.16668,0.1373,0.17392,0.04621,0.06968,106.7,99.6,105.1,44.7,42.1,29.9,55.6,17.7,26.5,75.9,102.8,64.1,175.5
1,172.2,77.9,66,26.28,1.931,0.26295,0.1858,0.20017,0.20148,0.3304,0.38046,0.61074,0.15793,0.13055,0.16485,0.04299,0.07089,101.3,94.9,99.8,45.6,42.9,28.5,57.3,18.2,24.7,78.2,106.0,66.0,172.2
1,174.7,70.5,45,23.11,1.85,0.25487,0.19001,0.19195,0.20643,0.32327,0.37225,0.59756,0.16151,0.12519,0.1689,0.04218,0.06854,104.8,92.1,103.5,44.8,42.0,27.0,56.8,17.9,24.5,77.4,105.0,65.4,174.7
1,174.8,86.8,25,28.39,2.053,0.26182,0.18316,0.17952,0.19851,0.32627,0.37571,0.60311,0.15569,0.11708,0.16242,0.03797,0.07075,101.0,86.1,99.6,46.0,43.4,25.9,57.3,18.2,22.1,78.1,105.9,66.0,174.8
1,172.7,60.9,32,20.42,1.71,0.25817,0.17472,0.1812,0.19004,0.33069,0.3808,0.61128,0.14851,0.11817,0.15549,0.03763,0.06923,95.8,86.3,94.7,45.0,42.2,25.1,57.7,18.1,21.7,78.7,106.6,66.4,172.7
1,173.6,65.9,69,21.87,1.782,0.26734,0.18104,0.18858,0.19679,0.34067,0.39228,0.62971,0.15389,0.12298,0.16101,0.03923,0.0718,96.7,87.6,95.5,45.4,42.6,25.6,57.9,18.2,22.1,79.0,107.0,66.7,173.6
1,187.5,76.1,21,21.66,1.991,0.26022,0.18473,0.19163,0.20111,0.32989,0.37988,0.60981,0.15702,0.12497,0.16455,0.04091,0.06998,107.4,96.8,106.3,48.1,45.2,27.1,61.0,19.2,25.0,83.2,112.8,70.3,187.5
1,179.7,95.0,51,29.43,2.178,0.25964,0.19517,0.19825,0.21164,0.32157,0.37029,0.59441,0.16589,0.12929,0.17316,0.04375,0.07027,110.0,97.2,108.4,46.6,44.0,29.0,57.7,18.4,26.0,78.7,106.6,66.4,179.7
1,173.3,86.6,22,28.83,2.041,0.2724,0.19776,0.19347,0.21423,0.33924,0.39064,0.62708,0.1681,0.12618,0.17528,0.04257,0.07362,106.0,90.2,104.4,46.5,43.9,27.3,57.9,18.4,24.0,78.9,107.0,66.7,173.3
1,180.7,87.9,50,26.93,2.101,0.26073,0.18423,0.19731,0.2,0.3255,0.37482,0.60169,0.15659,0.12868,0.16364,0.04278,0.07042,107.2,99.9,105.8,48.3,45.5,29.4,60.3,19.2,26.2,82.2,111.5,69.4,180.7
1,173.0,88.0,22,29.39,2.056,0.25905,0.18452,0.19585,0.19982,0.32207,0.37087,0.59535,0.15685,0.12773,0.16349,0.04196,0.07004,102.2,94.3,100.6,45.7,43.1,28.7,56.8,18.1,24.5,77.4,104.9,65.4,173.0
1,184.3,74.5,55,21.94,1.953,0.26438,0.19442,0.19351,0.21156,0.33529,0.38609,0.61977,0.16525,0.1262,0.1731,0.0431,0.0711,111.8,96.7,110.6,48.4,45.4,27.3,61.4,19.3,26.1,83.7,113.4,70.7,184.3
1,178.3,83.8,51,26.37,2.037,0.26404,0.20548,0.19358,0.22304,0.33067,0.38077,0.61123,0.17466,0.12625,0.18248,0.04431,0.07125,113.8,93.2,112.3,46.6,43.9,27.5,58.3,18.5,25.8,79.5,107.8,67.1,178.3
1,174.7,75.0,43,24.56,1.907,0.25821,0.18776,0.20357,0.20385,0.3259,0.37528,0.60242,0.15959,0.13276,0.16678,0.04388,0.06953,102.6,96.7,101.3,44.9,42.2,28.6,56.7,17.9,25.2,77.3,104.8,65.3,174.7
1,178.9,90.9,18,28.42,2.125,0.25794,0.18305,0.20371,0.19854,0.32071,0.3693,0.59282,0.15559,0.13286,0.16244,0.04393,0.06974,105.8,102.4,104.4,47.5,44.8,30.5,59.0,18.8,26.7,80.5,109.1,68.0,178.9
1,163.7,65.9,21,24.6,1.732,0.25865,0.18944,0.18879,0.20534,0.32811,0.37783,0.60651,0.16103,0.12312,0.168,0.0414,0.06955,99.0,85.8,97.6,43.0,40.4,26.3,54.6,17.2,22.8,74.4,100.9,62.9,163.7
1,167.0,65.9,56,23.62,1.749,0.26297,0.17663,0.18769,0.19166,0.33412,0.38474,0.61761,0.15014,0.1224,0.15681,0.03852,0.07068,92.1,85.1,90.9,43.7,41.0,25.7,55.5,17.5,21.1,75.6,102.5,63.9,167.0
1,166.5,75.3,43,27.14,1.866,0.27493,0.19343,0.20993,0.20944,0.34549,0.39784,0.63864,0.16442,0.13691,0.17136,0.04477,0.07412,97.7,92.2,96.1,44.2,41.6,28.3,55.5,17.6,23.8,75.7,102.6,63.9,166.5
1,176.6,89.0,50,28.54,2.089,0.26594,0.19192,0.20821,0.20806,0.33092,0.38106,0.6117,0.16313,0.13579,0.17023,0.04485,0.07189,104.6,98.6,103.0,46.1,43.5,29.6,57.4,18.3,25.7,78.2,106.1,66.1,176.6
1,188.5,80.4,50,22.64,2.052,0.27599,0.1833,0.19667,0.19951,0.3485,0.4013,0.64419,0.1558,0.12827,0.16324,0.0414,0.0743,106.0,98.9,104.9,50.8,47.8,27.8,64.2,20.3,25.2,87.5,118.6,73.9,188.5
1,192.2,91.6,25,24.8,2.212,0.26337,0.18892,0.20538,0.20561,0.32941,0.37932,0.60891,0.16058,0.13395,0.16822,0.04475,0.07109,113.5,107.3,112.3,50.4,47.5,30.3,63.0,20.0,28.3,85.9,116.5,72.5,192.2
1,180.3,69.4,37,21.35,1.864,0.25992,0.17839,0.19726,0.19409,0.33086,0.38099,0.61158,0.15163,0.12865,0.1588,0.0412,0.06982,100.5,96.7,99.4,46.6,43.7,27.6,59.4,18.7,24.4,80.9,109.7,68.3,180.3
1,179.3,55.3,33,17.21,1.659,0.24483,0.1731,0.16458,0.18867,0.31632,0.36424,0.58471,0.14714,0.10733,0.15436,0.03432,0.06549,99.0,81.9,98.1,44.6,41.6,22.8,57.6,18.0,20.7,78.5,106.5,66.3,179.3
1,162.0,67.7,38,25.79,1.745,0.26359,0.18856,0.18643,0.20418,0.33341,0.38393,0.61631,0.16028,0.12158,0.16705,0.03966,0.07093,94.6,81.3,93.1,42.1,39.5,25.2,53.3,16.8,20.9,72.6,98.4,61.3,162.0
1,171.4,80.6,62,27.42,1.959,0.26602,0.1861,0.19122,0.20166,0.33315,0.38362,0.61582,0.15819,0.12471,0.16499,0.04081,0.07178,100.3,89.7,98.8,45.7,43.0,27.1,57.2,18.1,23.2,78.0,105.7,65.8,171.4
1,169.6,74.9,43,26.03,1.878,0.26884,0.1873,0.1843,0.20304,0.33851,0.3898,0.62574,0.15921,0.12019,0.16612,0.03926,0.07244,98.8,84.5,97.3,45.1,42.4,25.6,56.8,18.0,21.8,77.5,105.0,65.4,169.6
1,170.8,54.5,40,18.68,1.609,0.26408,0.17569,0.17743,0.19126,0.34047,0.39205,0.62935,0.14934,0.11572,0.15649,0.03681,0.07068,94.3,82.8,93.3,45.1,42.1,24.0,58.1,18.2,20.8,79.3,107.5,66.9,170.8
1,174.2,72.1,35,23.75,1.868,0.2645,0.19016,0.19528,0.20652,0.33483,0.38556,0.61893,0.16164,0.12735,0.16897,0.04256,0.07116,103.7,92.6,102.3,45.9,43.1,27.3,58.1,18.3,24.4,79.2,107.4,66.9,174.2
1,172.0,53.1,48,17.94,1.592,0.2565,0.17488,0.17596,0.19047,0.33139,0.3816,0.61257,0.14865,0.11475,0.15584,0.03648,0.06862,94.6,82.8,93.7,44.2,41.2,23.7,57.1,17.8,20.8,77.8,105.5,65.7,172.0
1,160.7,79.3,69,30.74,1.882,0.26321,0.19798,0.19884,0.21365,0.32816,0.37788,0.60659,0.16829,0.12968,0.1748,0.04363,0.07111,99.6,87.0,97.7,42.1,39.7,27.6,52.5,16.7,23.1,71.6,97.1,60.5,160.7
1,181.1,69.8,59,21.27,1.873,0.25966,0.18821,0.19692,0.20479,0.33052,0.3806,0.61096,0.15997,0.12843,0.16756,0.04254,0.06975,105.5,96.0,104.4,46.3,43.4,27.3,59.0,18.6,25.1,80.4,109.0,67.9,181.1
1,167.5,84.7,29,30.21,1.985,0.26531,0.19275,0.20021,0.2084,0.33001,0.38002,0.61003,0.16384,0.13057,0.17051,0.04405,0.07173,103.4,93.4,101.6,45.3,42.7,29.0,56.3,17.9,24.9,76.8,104.1,64.9,167.5
1,177.3,90.7,18,28.84,2.113,0.26456,0.19662,0.20035,0.21316,0.32875,0.37856,0.60768,0.16713,0.13067,0.17441,0.04523,0.07154,112.0,99.3,110.4,48.0,45.3,29.8,59.6,19.0,27.1,81.3,110.2,68.7,177.3
1,191.1,79.8,59,21.87,2.058,0.2569,0.17963,0.199,0.19562,0.32495,0.37419,0.60067,0.15269,0.12978,0.16005,0.04187,0.06913,107.1,103.2,106.1,48.8,45.8,28.6,61.7,19.5,26.3,84.1,114.0,71.0,191.1
1,168.6,60.0,26,21.12,1.677,0.26718,0.18137,0.18586,0.19712,0.34201,0.39383,0.63219,0.15416,0.12121,0.16128,0.03868,0.07166,94.0,83.8,92.9,44.1,41.3,24.8,56.4,17.7,21.1,77.0,104.3,65.0,168.6
1,156.5,64.6,20,26.38,1.676,0.27074,0.20039,0.21306,0.21669,0.34278,0.39472,0.63362,0.17033,0.13895,0.17729,0.04687,0.07284,96.1,88.8,94.5,41.3,38.8,28.1,52.3,16.5,23.7,71.4,96.7,60.3,156.5
1,173.4,66.3,68,22.05,1.786,0.24869,0.17748,0.1792,0.19289,0.31672,0.36471,0.58546,0.15086,0.11687,0.15782,0.03782,0.0668,98.5,86.5,97.3,43.9,41.2,25.3,55.9,17.6,22.1,76.3,103.4,64.4,173.4
1,183.8,85.8,43,25.42,2.093,0.26459,0.17203,0.21013,0.18696,0.33155,0.38179,0.61287,0.14623,0.13704,0.15297,0.04293,0.07139,99.9,106.1,98.7,48.9,46.1,30.7,61.3,19.4,26.2,83.6,113.3,70.6,183.8
1,190.2,84.2,26,23.28,2.109,0.25094,0.18154,0.18057,0.1976,0.3159,0.36377,0.58394,0.15431,0.11776,0.16167,0.03904,0.06762,110.9,95.9,109.8,48.8,45.9,26.9,61.4,19.4,25.1,83.8,113.6,70.8,190.2
1,166.3,53.0,59,19.16,1.564,0.24148,0.17614,0.18019,0.19164,0.31137,0.35855,0.57557,0.14972,0.11751,0.15679,0.03765,0.06464,92.8,82.5,91.8,40.5,37.8,24.4,52.2,16.3,20.9,71.2,96.5,60.1,166.3
1,179.2,57.5,68,17.91,1.692,0.25953,0.16569,0.17594,0.18053,0.33448,0.38516,0.61829,0.14084,0.11475,0.14771,0.03453,0.06947,91.7,84.7,90.9,45.7,42.7,23.7,59.0,18.4,20.1,80.4,109.0,67.9,179.2
1,172.0,76.6,33,25.89,1.913,0.26357,0.19516,0.20295,0.21166,0.33164,0.38189,0.61303,0.16589,0.13236,0.17318,0.045,0.07103,105.5,95.4,104.0,45.3,42.7,28.6,57.1,18.1,25.6,77.8,105.5,65.7,172.0
1,174.7,70.2,41,23.01,1.846,0.25804,0.1789,0.18369,0.19438,0.32739,0.377,0.60518,0.15207,0.1198,0.15904,0.03857,0.06938,98.7,88.2,97.5,45.3,42.6,25.8,57.5,18.1,22.4,78.4,106.3,66.2,174.7
1,195.3,87.9,67,23.04,2.184,0.27982,0.19064,0.19648,0.20765,0.35178,0.40508,0.65025,0.16204,0.12814,0.16989,0.04315,0.07543,116.0,104.0,114.9,54.2,51.0,28.8,68.2,21.6,27.6,92.9,126.0,78.5,195.3
1,164.2,74.9,31,27.78,1.849,0.26165,0.1855,0.18937,0.2007,0.32854,0.37831,0.60729,0.15768,0.1235,0.16421,0.04045,0.07055,96.9,86.0,95.3,43.5,40.9,26.7,54.6,17.3,22.2,74.5,100.9,62.9,164.2
1,177.4,93.9,20,29.84,2.151,0.27364,0.19157,0.21721,0.20761,0.33888,0.39022,0.62641,0.16283,0.14166,0.16986,0.04647,0.07407,104.3,102.8,102.7,47.4,44.8,31.0,58.7,18.7,26.6,80.1,108.5,67.6,177.4
1,179.0,77.0,51,24.03,1.957,0.26378,0.18014,0.18654,0.19574,0.33287,0.38331,0.61531,0.15312,0.12166,0.16015,0.03921,0.07103,101.3,91.2,100.1,47.2,44.4,26.5,59.6,18.8,23.2,81.2,110.1,68.6,179.0
1,183.6,80.2,50,23.78,2.023,0.25796,0.18017,0.20365,0.19592,0.32512,0.37438,0.60097,0.15315,0.13282,0.1603,0.04311,0.06949,104.6,102.8,103.4,47.7,44.8,29.5,60.1,19.0,26.3,81.9,111.0,69.2,183.6
1,176.2,83.8,67,26.98,2.025,0.27104,0.19799,0.19147,0.21477,0.33909,0.39047,0.62681,0.16829,0.12487,0.17572,0.0426,0.07316,108.7,91.4,107.2,47.4,44.6,27.2,59.2,18.8,24.6,80.8,109.5,68.2,176.2
1,177.8,64.6,41,20.42,1.786,0.26368,0.18217,0.17565,0.19823,0.33707,0.38814,0.62306,0.15484,0.11455,0.16219,0.03705,0.07075,100.3,84.1,99.3,46.2,43.3,24.0,59.1,18.6,21.5,80.6,109.2,68.1,177.8
1,172.6,77.1,26,25.88,1.922,0.2703,0.18925,0.2066,0.20527,0.34003,0.39155,0.62854,0.16086,0.13474,0.16795,0.04399,0.07285,100.2,95.1,98.8,45.6,42.9,28.5,57.3,18.1,24.5,78.1,105.9,66.0,172.6
1,177.5,85.7,30,27.19,2.055,0.26001,0.1847,0.19314,0.20038,0.32485,0.37407,0.60049,0.15699,0.12596,0.16395,0.04121,0.07021,103.3,94.0,101.9,46.3,43.6,27.9,57.8,18.4,24.3,78.9,106.9,66.6,177.5
1,172.9,82.9,19,27.72,1.995,0.25987,0.20062,0.20178,0.21742,0.32488,0.37411,0.60054,0.17052,0.1316,0.17789,0.04494,0.07016,107.2,93.8,105.7,44.2,41.7,28.3,55.3,17.6,25.3,75.4,102.2,63.7,172.9
1,180.2,60.8,24,18.72,1.744,0.25467,0.1863,0.17757,0.20292,0.32719,0.37676,0.6048,0.15835,0.11581,0.16602,0.03863,0.06824,105.3,87.3,104.3,45.8,42.8,24.4,58.9,18.4,23.0,80.3,108.8,67.8,180.2
1,172.7,66.6,65,22.33,1.788,0.25836,0.18727,0.17498,0.20349,0.32882,0.37864,0.60782,0.15918,0.11412,0.16649,0.03818,0.06941,102.6,83.3,101.3,45.0,42.2,24.5,57.3,18.0,22.0,78.2,106.0,66.0,172.7
1,178.3,69.8,38,21.94,1.859,0.25426,0.18336,0.18389,0.1994,0.32325,0.37223,0.59753,0.15585,0.11993,0.16314,0.03966,0.06832,103.9,90.6,102.8,45.9,43.0,26.1,58.3,18.4,23.7,79.5,107.8,67.2,178.3
1,175.3,78.1,36,25.41,1.949,0.25946,0.18606,0.20035,0.20194,0.32646,0.37593,0.60346,0.15815,0.13066,0.16522,0.0435,0.06992,104.2,97.5,102.8,46.2,43.5,28.9,58.2,18.4,25.6,79.3,107.5,67.0,175.3
1,183.9,91.0,42,26.9,2.157,0.26058,0.18234,0.20492,0.19807,0.32481,0.37403,0.60041,0.15499,0.13365,0.16206,0.04374,0.07041,106.6,104.1,105.2,48.5,45.7,30.4,60.4,19.2,26.9,82.4,111.7,69.6,183.9
1,175.1,96.1,64,31.33,2.162,0.27425,0.1982,0.21272,0.21455,0.33841,0.38969,0.62555,0.16847,0.13873,0.17554,0.04666,0.0743,107.2,100.1,105.5,47.2,44.7,30.5,58.3,18.6,26.6,79.5,107.7,67.1,175.1
1,162.2,61.1,39,23.24,1.66,0.25648,0.1803,0.1966,0.19556,0.32698,0.37653,0.60442,0.15325,0.12822,0.16,0.04079,0.06887,90.9,86.2,89.6,41.2,38.6,26.4,52.5,16.5,21.6,71.6,97.0,60.4,162.2
1,185.0,79.5,28,23.23,2.021,0.2576,0.17241,0.17946,0.18754,0.32511,0.37436,0.60095,0.14655,0.11704,0.15345,0.03717,0.06937,102.1,92.4,101.0,48.6,45.6,26.3,61.3,19.4,23.2,83.6,113.3,70.6,185.0
1,168.7,84.6,50,29.74,1.992,0.25483,0.19363,0.19432,0.20946,0.31724,0.3653,0.58641,0.16459,0.12673,0.17138,0.04321,0.06888,105.4,92.0,103.6,44.1,41.7,28.4,55.0,17.5,24.8,74.9,101.6,63.3,168.7
1,170.6,76.2,49,26.17,1.9,0.25001,0.18085,0.19437,0.19606,0.31451,0.36216,0.58137,0.15372,0.12676,0.16042,0.04118,0.06738,98.6,92.1,97.1,43.4,40.8,27.8,54.6,17.3,23.6,74.4,100.9,62.8,170.6
1,171.0,88.5,38,30.27,2.051,0.26192,0.19859,0.2005,0.21488,0.32508,0.37433,0.6009,0.16881,0.13076,0.17581,0.04493,0.07085,108.0,94.8,106.2,45.3,42.8,29.1,56.3,17.9,25.7,76.7,104.0,64.8,171.0
1,185.8,90.2,56,26.14,2.158,0.27116,0.19468,0.19504,0.21159,0.33859,0.38989,0.62588,0.16548,0.1272,0.17312,0.04354,0.07323,114.2,99.5,112.8,50.6,47.7,28.8,63.2,20.1,26.9,86.2,116.8,72.8,185.8
1,159.5,53.5,37,21.04,1.54,0.25367,0.18476,0.17519,0.20065,0.32601,0.37541,0.60262,0.15705,0.11425,0.16417,0.03701,0.06796,91.0,75.0,89.8,39.8,37.2,23.0,51.1,16.0,19.2,69.7,94.4,58.8,159.5
1,199.0,81.2,25,20.49,2.118,0.25887,0.18553,0.17031,0.20227,0.32807,0.37778,0.60643,0.1577,0.11107,0.1655,0.03726,0.06963,117.0,93.4,115.9,52.0,48.8,25.1,65.8,20.8,24.7,89.8,121.7,75.8,199.0
1,183.4,66.7,59,19.83,1.844,0.26892,0.18149,0.19353,0.19764,0.34372,0.39579,0.63535,0.15427,0.12621,0.16171,0.04046,0.07216,102.0,94.6,101.0,48.1,45.1,26.4,61.5,19.3,23.9,83.9,113.7,70.8,183.4
1,177.2,86.8,54,27.64,2.066,0.26968,0.19682,0.19627,0.21348,0.33648,0.38746,0.62198,0.1673,0.128,0.17466,0.04455,0.07285,112.4,97.5,110.8,49.0,46.2,29.1,61.2,19.4,26.8,83.4,113.0,70.4,177.2
1,175.1,91.7,26,29.91,2.112,0.26218,0.19349,0.21034,0.20958,0.32504,0.37429,0.60083,0.16447,0.13718,0.17148,0.04619,0.07094,107.0,101.1,105.4,46.1,43.6,30.7,57.2,18.2,26.9,78.0,105.8,65.9,175.1
1,177.6,104.2,42,33.03,2.268,0.26907,0.20367,0.21055,0.22045,0.32967,0.37962,0.60939,0.17312,0.13732,0.18037,0.04716,0.07304,112.3,101.0,110.5,47.2,44.8,30.9,57.9,18.6,27.4,78.9,107.0,66.7,177.6
1,179.4,91.4,42,28.4,2.134,0.26258,0.19147,0.19839,0.2077,0.3264,0.37585,0.60334,0.16275,0.12939,0.16994,0.04291,0.071,106.6,96.0,105.1,46.5,43.9,28.6,57.8,18.4,25.1,78.8,106.9,66.6,179.4
1,180.3,96.9,50,29.8,2.203,0.27158,0.18873,0.20409,0.20466,0.33583,0.38671,0.62077,0.16042,0.1331,0.16745,0.04417,0.07354,107.5,101.1,105.9,49.2,46.5,30.2,60.9,19.4,26.5,83.0,112.5,70.1,180.3
1,179.7,74.1,19,22.94,1.923,0.25994,0.19001,0.19861,0.20658,0.32915,0.37902,0.60842,0.16151,0.12953,0.16902,0.04306,0.06993,105.7,96.0,104.4,46.0,43.2,27.7,58.3,18.4,25.2,79.4,107.7,67.1,179.7
1,176.2,65.3,36,21.04,1.788,0.25975,0.18453,0.18468,0.20072,0.33154,0.38178,0.61286,0.15685,0.12044,0.16422,0.03933,0.06972,100.9,87.8,99.8,45.2,42.4,25.3,57.7,18.1,22.6,78.7,106.7,66.4,176.2
1,174.0,86.1,63,28.43,2.04,0.25234,0.18538,0.20479,0.20088,0.31455,0.3622,0.58143,0.15757,0.13356,0.16435,0.04386,0.06818,102.4,98.4,100.9,44.4,41.8,29.7,55.3,17.6,25.5,75.4,102.2,63.7,174.0
1,174.4,81.0,37,26.65,1.981,0.26915,0.18192,0.18949,0.19731,0.33742,0.38855,0.62372,0.15463,0.12358,0.16143,0.03973,0.07261,99.2,89.8,97.8,46.7,44.0,26.9,58.6,18.6,22.8,79.9,108.2,67.4,174.4
1,174.0,77.0,59,25.43,1.93,0.27104,0.18213,0.19447,0.19763,0.34121,0.39291,0.63072,0.15481,0.12683,0.1617,0.04071,0.07303,98.5,91.5,97.2,46.7,43.9,27.2,58.8,18.6,23.2,80.1,108.6,67.7,174.0
1,184.0,89.8,58,26.53,2.142,0.26641,0.19584,0.19601,0.21276,0.33251,0.38289,0.61464,0.16647,0.12783,0.17408,0.04404,0.07196,114.3,99.4,112.8,49.5,46.6,28.9,61.7,19.6,27.0,84.2,114.1,71.1,184.0
1,180.0,85.1,59,26.27,2.062,0.26166,0.19092,0.2118,0.2073,0.32752,0.37715,0.60542,0.16228,0.13813,0.16961,0.04548,0.07062,105.3,101.5,103.9,45.9,43.3,29.8,57.5,18.2,26.4,78.4,106.2,66.2,180.0
1,153.4,71.4,46,30.34,1.745,0.26314,0.18625,0.19908,0.20069,0.32982,0.37979,0.60967,0.15831,0.12983,0.1642,0.04209,0.07099,90.9,84.5,89.1,40.9,38.5,27.4,51.3,16.3,21.6,69.9,94.7,59.0,153.4
1,180.4,98.9,23,30.39,2.227,0.25903,0.20504,0.22136,0.2223,0.31965,0.36808,0.59087,0.17428,0.14436,0.18188,0.05051,0.07018,116.0,108.9,114.3,46.6,44.1,32.6,57.5,18.4,30.1,78.5,106.4,66.3,180.4
1,177.0,85.0,34,27.16,2.045,0.25938,0.18061,0.18405,0.19593,0.32419,0.37331,0.59926,0.15352,0.12003,0.16031,0.03908,0.07003,102.3,90.7,100.9,46.8,44.1,27.0,58.5,18.6,23.3,79.7,108.1,67.3,177.0
1,175.4,87.4,42,28.41,2.063,0.26641,0.18817,0.2021,0.20396,0.33187,0.38215,0.61345,0.15994,0.1318,0.16687,0.04342,0.07199,103.5,96.7,102.0,46.6,44.0,29.1,58.1,18.5,25.1,79.2,107.4,66.9,175.4
1,172.6,80.5,55,27.03,1.965,0.26072,0.18215,0.19522,0.19746,0.32673,0.37624,0.60396,0.15483,0.12732,0.16156,0.04153,0.07034,100.4,93.5,98.9,45.7,43.1,28.2,57.3,18.2,24.1,78.1,105.9,66.0,172.6
1,183.9,79.0,21,23.36,2.009,0.26311,0.19405,0.19491,0.21105,0.33206,0.38237,0.6138,0.16494,0.12711,0.17268,0.0436,0.07085,112.6,98.4,111.4,48.6,45.7,28.1,61.3,19.4,26.6,83.7,113.4,70.6,183.9
1,182.6,93.5,47,28.04,2.178,0.25924,0.19955,0.19035,0.21662,0.32209,0.3709,0.59539,0.16962,0.12414,0.17723,0.04367,0.0701,117.3,97.3,115.7,48.5,45.8,28.7,60.3,19.2,27.0,82.2,111.4,69.4,182.6
1,169.7,58.5,37,20.3,1.66,0.2501,0.1853,0.19576,0.20151,0.32085,0.36947,0.59309,0.1575,0.12767,0.16487,0.04182,0.06704,97.6,89.7,96.5,41.9,39.2,26.3,53.8,16.9,23.2,73.4,99.5,62.0,169.7
1,178.6,93.5,20,29.31,2.153,0.27046,0.19967,0.20474,0.21648,0.33531,0.38612,0.61982,0.16972,0.13352,0.17712,0.04578,0.07318,111.4,99.3,109.8,48.0,45.4,29.8,59.6,19.0,26.9,81.2,110.1,68.6,178.6
1,168.2,59.2,40,20.92,1.663,0.26231,0.1795,0.17724,0.1951,0.33604,0.38695,0.62116,0.15257,0.11559,0.15963,0.03675,0.07034,93.3,80.1,92.2,43.4,40.6,23.7,55.6,17.4,20.1,75.8,102.8,64.0,168.2
1,165.2,71.3,68,26.12,1.808,0.25551,0.19668,0.19216,0.21304,0.32235,0.37119,0.59586,0.16718,0.12532,0.1743,0.04286,0.06881,102.6,87.2,101.0,42.4,39.9,26.7,53.5,16.9,23.5,73.0,98.9,61.6,165.2
1,170.8,64.3,35,22.05,1.747,0.25497,0.18637,0.18615,0.2025,0.32508,0.37433,0.6009,0.15842,0.12141,0.16568,0.03966,0.06846,98.3,85.4,97.1,42.8,40.1,25.2,54.6,17.2,22.0,74.4,100.9,62.9,170.8
1,182.0,90.0,43,27.19,2.133,0.27306,0.19648,0.2218,0.21333,0.34036,0.39193,0.62916,0.16701,0.14465,0.17454,0.04948,0.07378,112.3,110.2,110.8,49.7,46.8,32.4,61.9,19.7,29.8,84.4,114.4,71.3,182.0
1,182.6,83.1,53,24.9,2.053,0.26967,0.18778,0.20284,0.20408,0.3387,0.39002,0.62608,0.15961,0.13229,0.16697,0.04393,0.07271,107.6,101.0,106.3,49.2,46.3,29.2,61.8,19.6,26.5,84.2,114.2,71.1,182.6
1,179.3,63.4,25,19.7,1.777,0.26959,0.18378,0.18785,0.20008,0.34527,0.39759,0.63823,0.15621,0.12251,0.1637,0.03942,0.0723,100.4,89.2,99.3,46.9,43.9,25.2,60.0,18.8,22.7,81.8,110.9,69.1,179.3
1,180.9,87.3,34,26.66,2.094,0.25865,0.1985,0.19568,0.21553,0.32317,0.37213,0.59737,0.16872,0.12762,0.17634,0.04427,0.06984,113.7,97.4,112.2,47.1,44.4,28.6,58.9,18.7,26.7,80.3,108.9,67.8,180.9
1,179.4,73.8,48,22.95,1.918,0.25202,0.19096,0.19997,0.2076,0.31916,0.36752,0.58996,0.16232,0.13042,0.16986,0.04341,0.0678,105.7,96.2,104.4,44.4,41.7,27.8,56.2,17.7,25.3,76.7,103.9,64.7,179.4
1,170.7,83.2,54,28.56,1.986,0.27035,0.20116,0.20949,0.21783,0.33746,0.38859,0.62379,0.17099,0.13663,0.17822,0.04692,0.07302,107.1,97.0,105.4,45.8,43.2,29.6,57.2,18.2,26.3,78.0,105.7,65.9,170.7
1,178.7,80.0,62,25.03,1.993,0.26203,0.1874,0.16975,0.20353,0.32957,0.3795,0.6092,0.15929,0.11071,0.16653,0.03692,0.07062,106.1,83.6,104.8,47.2,44.4,24.5,59.4,18.8,22.0,81.0,109.8,68.4,178.7
1,181.5,87.5,50,26.56,2.1,0.25695,0.18189,0.19898,0.19752,0.32106,0.36971,0.59348,0.15461,0.12977,0.16161,0.04264,0.06938,105.8,100.6,104.5,47.6,44.8,29.5,59.4,18.9,26.1,81.1,109.9,68.5,181.5
1,181.2,71.1,44,21.68,1.892,0.26136,0.17688,0.18392,0.19243,0.33219,0.38253,0.61406,0.15035,0.11995,0.15745,0.03876,0.07024,102.3,92.5,101.1,48.1,45.1,26.3,61.1,19.3,23.6,83.4,113.0,70.4,181.2
1,184.4,77.9,62,22.91,1.998,0.27006,0.189,0.18319,0.2056,0.34129,0.393,0.63087,0.16065,0.11947,0.16822,0.03957,0.07269,107.7,90.8,106.5,49.0,46.0,25.8,61.9,19.5,23.7,84.4,114.4,71.3,184.4
1,180.8,76.4,21,23.36,1.959,0.26886,0.18664,0.20224,0.2029,0.33978,0.39126,0.62807,0.15864,0.1319,0.16601,0.0429,0.07237,103.3,97.4,102.1,47.4,44.5,28.1,59.9,18.9,25.0,81.7,110.7,69.0,180.8
1,178.1,90.3,39,28.46,2.114,0.2659,0.18652,0.2199,0.20228,0.33068,0.38079,0.61126,0.15855,0.14341,0.1655,0.04702,0.07189,104.2,106.9,102.8,47.3,44.6,31.9,58.8,18.7,27.7,80.2,108.7,67.7,178.1
1,183.5,108.4,43,32.19,2.351,0.27039,0.20711,0.21653,0.22456,0.33105,0.38121,0.61194,0.17604,0.14122,0.18373,0.04967,0.07341,119.2,108.3,117.4,49.5,46.9,32.5,60.6,19.5,30.1,82.7,112.1,69.8,183.5
1,175.3,68.2,49,22.18,1.822,0.26603,0.18181,0.19706,0.19763,0.33838,0.38965,0.6255,0.15454,0.12851,0.1617,0.04142,0.07148,99.0,93.3,97.8,46.1,43.2,27.1,58.6,18.5,23.7,80.0,108.4,67.5,175.3
1,168.9,83.9,41,29.42,1.984,0.26058,0.1933,0.21628,0.20915,0.3247,0.37389,0.6002,0.16431,0.14105,0.17112,0.04711,0.07041,102.4,99.7,100.8,44.0,41.5,30.7,54.8,17.4,26.3,74.7,101.3,63.1,168.9
1,174.3,54.9,63,18.08,1.63,0.26218,0.18091,0.17401,0.19705,0.3383,0.38956,0.62534,0.15377,0.11348,0.16122,0.03655,0.07016,97.4,81.5,96.5,45.0,42.0,23.2,58.0,18.1,20.7,79.1,107.2,66.8,174.3
1,169.9,60.4,52,20.92,1.689,0.25414,0.1776,0.16983,0.19307,0.32534,0.37464,0.60139,0.15096,0.11076,0.15797,0.03527,0.06816,94.4,78.5,93.3,43.0,40.3,23.1,55.0,17.3,19.7,75.1,101.7,63.4,169.9
1,170.4,63.0,54,21.68,1.727,0.26592,0.18946,0.18968,0.20589,0.33951,0.39095,0.62758,0.16104,0.12371,0.16846,0.04143,0.07137,101.2,88.1,100.0,45.2,42.4,26.0,57.7,18.1,23.3,78.7,106.7,66.5,170.4
1,174.4,62.2,49,20.43,1.735,0.25783,0.1721,0.17873,0.18722,0.33001,0.38002,0.61003,0.14628,0.11656,0.15318,0.03673,0.06915,95.3,86.1,94.2,45.4,42.5,24.9,58.2,18.3,21.4,79.3,107.5,67.0,174.4
1,169.6,56.7,24,19.74,1.635,0.24961,0.17706,0.16762,0.19261,0.32084,0.36946,0.59307,0.1505,0.10932,0.15759,0.03531,0.06687,95.7,78.8,94.6,42.9,40.1,23.0,55.2,17.3,20.1,75.3,102.0,63.5,169.6
1,173.2,79.9,50,26.63,1.96,0.251,0.18136,0.18632,0.19666,0.31487,0.36258,0.58203,0.15416,0.12151,0.16091,0.04051,0.0677,103.6,92.5,102.1,45.6,43.0,27.8,57.2,18.1,24.4,78.1,105.8,65.9,173.2
1,161.3,63.1,48,24.24,1.681,0.25984,0.18651,0.19734,0.20214,0.33037,0.38043,0.61068,0.15853,0.1287,0.16539,0.04165,0.06982,92.8,85.4,91.4,41.1,38.6,26.3,52.3,16.5,21.8,71.3,96.7,60.2,161.3
1,177.1,83.1,29,26.49,2.022,0.27079,0.18173,0.19517,0.1972,0.33918,0.39057,0.62697,0.15447,0.12728,0.16135,0.04117,0.07307,101.3,94.6,100.0,48.1,45.3,28.1,60.2,19.1,24.2,82.1,111.3,69.3,177.1
1,175.5,85.5,28,27.76,2.042,0.2713,0.19493,0.19186,0.21135,0.33866,0.38998,0.62602,0.16569,0.12513,0.17292,0.04258,0.07327,108.1,92.5,106.6,47.9,45.2,27.7,59.8,19.0,24.9,81.5,110.5,68.9,175.5
1,169.4,74.7,41,26.05,1.875,0.25793,0.18601,0.18668,0.20163,0.3248,0.37401,0.60039,0.15811,0.12175,0.16497,0.04076,0.0695,102.0,89.0,100.5,45.0,42.3,26.9,56.7,17.9,23.5,77.3,104.8,65.3,169.4
1,180.4,89.9,25,27.62,2.123,0.27055,0.18614,0.19803,0.20202,0.33701,0.38807,0.62295,0.15822,0.12915,0.16529,0.04273,0.07311,106.5,98.6,105.1,49.3,46.5,29.1,61.4,19.5,25.7,83.7,113.5,70.7,180.4
1,182.5,82.5,49,24.77,2.046,0.26035,0.1896,0.17696,0.20606,0.32717,0.37674,0.60477,0.16116,0.11541,0.1686,0.03899,0.07019,110.0,89.3,108.7,48.1,45.2,25.8,60.4,19.1,23.8,82.4,111.7,69.6,182.5
1,163.4,56.0,55,20.95,1.594,0.25793,0.17891,0.17824,0.19438,0.33104,0.3812,0.61193,0.15207,0.11624,0.15904,0.03762,0.06913,93.0,80.5,91.8,42.7,39.9,24.3,54.8,17.2,20.6,74.7,101.2,63.1,163.4
1,169.8,84.5,39,29.33,1.997,0.27274,0.18588,0.19163,0.20116,0.33977,0.39125,0.62806,0.158,0.12498,0.16459,0.0405,0.0737,98.7,88.4,97.1,46.1,43.5,27.1,57.4,18.3,22.6,78.3,106.1,66.1,169.8
1,169.7,66.0,51,22.91,1.764,0.25989,0.17854,0.19237,0.19387,0.33057,0.38065,0.61105,0.15176,0.12546,0.15862,0.04003,0.06983,95.0,89.0,93.8,44.0,41.3,26.5,56.0,17.6,22.4,76.4,103.5,64.5,169.7
1,168.5,61.7,36,21.75,1.699,0.2534,0.18335,0.16919,0.1992,0.32372,0.37277,0.59839,0.15585,0.11034,0.16298,0.03664,0.068,99.1,79.5,97.8,43.6,40.8,23.6,55.7,17.5,20.8,75.9,102.9,64.1,168.5
1,181.7,80.5,69,24.37,2.015,0.26184,0.18514,0.19682,0.20122,0.32962,0.37956,0.60929,0.15737,0.12836,0.16464,0.04288,0.07056,107.8,99.6,106.5,48.5,45.6,28.8,61.1,19.3,26.3,83.3,112.9,70.3,181.7
1,174.0,66.1,37,21.83,1.788,0.25723,0.17541,0.17892,0.19068,0.32775,0.37741,0.60584,0.1491,0.11669,0.15601,0.03748,0.06908,97.8,86.8,96.7,45.7,42.8,25.3,58.2,18.3,22.0,79.3,107.5,67.0,174.0
1,173.5,70.8,31,23.51,1.847,0.26343,0.18453,0.19014,0.20041,0.33384,0.38442,0.6171,0.15685,0.124,0.16398,0.03983,0.07085,97.9,87.7,96.7,44.5,41.8,25.9,56.4,17.8,22.3,76.9,104.2,64.9,173.5
1,160.5,67.9,50,26.35,1.739,0.25531,0.18751,0.19941,0.20291,0.32263,0.37152,0.59638,0.15939,0.13005,0.16602,0.04191,0.06873,92.5,85.5,91.0,40.1,37.7,26.7,50.6,16.0,21.8,69.1,93.6,58.3,160.5
1,180.3,85.7,27,26.37,2.071,0.25948,0.18496,0.18793,0.20083,0.32464,0.37382,0.60009,0.15722,0.12256,0.16431,0.04054,0.07004,106.1,93.7,104.7,47.4,44.6,27.5,59.3,18.8,24.5,80.8,109.6,68.3,180.3
1,166.2,60.4,33,21.87,1.67,0.24002,0.17101,0.18058,0.18573,0.30679,0.35327,0.56709,0.14536,0.11777,0.15196,0.03728,0.0644,92.0,84.5,90.9,41.1,38.5,25.3,52.5,16.5,21.1,71.7,97.1,60.5,166.2
1,175.9,72.0,21,23.26,1.876,0.25579,0.17513,0.18398,0.19029,0.32408,0.37318,0.59906,0.14886,0.11999,0.15569,0.03781,0.0688,96.6,88.3,95.4,44.9,42.2,25.8,56.9,18.0,22.0,77.6,105.2,65.5,175.9
1,177.6,92.7,44,29.4,2.139,0.26164,0.20077,0.19913,0.21762,0.32446,0.37362,0.59976,0.17065,0.12986,0.17805,0.04482,0.07079,111.9,96.5,110.3,46.4,43.9,29.0,57.6,18.4,26.3,78.5,106.4,66.3,177.6
1,185.7,93.0,45,26.96,2.19,0.26327,0.19832,0.20398,0.21548,0.3278,0.37746,0.60593,0.16857,0.13303,0.17631,0.04578,0.07115,115.2,103.0,113.7,48.7,45.9,29.9,60.6,19.3,28.0,82.6,112.0,69.8,185.7
1,165.7,93.8,60,34.17,2.078,0.27574,0.19308,0.20396,0.20823,0.33914,0.39053,0.6269,0.16412,0.13302,0.17037,0.04354,0.07477,99.4,91.3,97.4,45.2,42.8,28.9,55.6,17.8,23.6,75.8,102.7,64.0,165.7
1,152.9,69.8,33,29.87,1.722,0.2701,0.19185,0.19001,0.20677,0.33913,0.39051,0.62688,0.16307,0.12392,0.16917,0.04051,0.07284,91.5,78.8,89.7,41.0,38.6,25.6,51.5,16.3,20.3,70.2,95.2,59.3,152.9
1,176.9,93.0,69,29.71,2.137,0.26448,0.18589,0.20263,0.20144,0.32778,0.37744,0.60589,0.15801,0.13215,0.16482,0.04367,0.07157,105.1,99.6,103.5,47.6,44.9,30.0,59.0,18.8,26.0,80.4,109.0,67.9,176.9
1,189.0,72.6,50,20.32,1.952,0.26364,0.18131,0.18562,0.1975,0.33565,0.3865,0.62044,0.15412,0.12105,0.16159,0.03943,0.07082,107.2,95.4,106.1,49.6,46.5,26.3,63.2,19.9,24.5,86.1,116.8,72.7,189.0
1,184.8,95.8,65,28.07,2.218,0.27287,0.19379,0.2061,0.21046,0.33861,0.38992,0.62592,0.16472,0.13441,0.17219,0.04512,0.07382,111.1,102.7,109.7,49.8,47.0,30.1,61.8,19.7,27.2,84.2,114.2,71.1,184.8
1,177.1,77.9,36,24.83,1.957,0.2462,0.18258,0.19338,0.19827,0.31012,0.3571,0.57324,0.15519,0.12611,0.16222,0.04131,0.06633,102.7,94.6,101.4,44.1,41.4,27.8,55.5,17.6,24.5,75.7,102.6,63.9,177.1
1,171.8,68.0,38,23.04,1.802,0.26102,0.19533,0.18909,0.21214,0.33155,0.38179,0.61287,0.16603,0.12332,0.17357,0.04208,0.07016,105.0,88.4,103.6,44.6,41.9,26.1,56.7,17.9,23.8,77.3,104.8,65.3,171.8
1,181.6,84.6,39,25.67,2.066,0.25173,0.185,0.19896,0.20096,0.31551,0.36331,0.58321,0.15725,0.12976,0.16442,0.04286,0.06792,106.4,99.5,105.1,46.1,43.4,29.0,57.8,18.3,25.9,78.8,106.8,66.5,181.6
1,168.2,81.6,26,28.84,1.952,0.27494,0.19227,0.20684,0.20806,0.34334,0.39536,0.63466,0.16343,0.1349,0.17023,0.044,0.07425,98.6,92.3,97.0,44.9,42.3,28.4,56.1,17.8,23.8,76.5,103.6,64.6,168.2
1,179.1,86.5,26,26.98,2.075,0.24806,0.18253,0.17877,0.1981,0.30989,0.35685,0.57283,0.15515,0.11659,0.16208,0.03833,0.06698,104.8,89.2,103.4,45.3,42.7,26.4,56.6,18.0,23.2,77.2,104.7,65.2,179.1
1,179.3,70.5,26,21.94,1.874,0.26322,0.19197,0.17678,0.20879,0.33451,0.38519,0.61834,0.16317,0.11529,0.17083,0.03863,0.07074,106.3,85.1,105.1,46.4,43.5,24.4,59.0,18.6,22.5,80.4,109.0,67.9,179.3
1,183.5,94.2,44,27.98,2.19,0.26184,0.17879,0.21172,0.19412,0.32525,0.37454,0.60123,0.15197,0.13808,0.15882,0.04494,0.07081,105.7,108.8,104.3,49.3,46.5,32.0,61.2,19.5,28.0,83.5,113.1,70.5,183.5
1,196.2,87.6,34,22.75,2.184,0.26335,0.18755,0.1973,0.20432,0.3313,0.3815,0.6124,0.15942,0.12867,0.16717,0.04226,0.07097,112.6,103.0,111.5,50.3,47.3,28.4,63.3,20.0,26.7,86.3,117.0,72.9,196.2
1,178.4,82.3,61,25.85,2.02,0.26354,0.1936,0.19957,0.21019,0.33059,0.38068,0.61109,0.16456,0.13015,0.17197,0.04468,0.07108,110.4,99.0,109.0,47.8,45.0,29.1,60.0,19.0,26.8,81.8,110.9,69.1,178.4
1,171.7,70.5,62,23.91,1.833,0.26392,0.18658,0.18766,0.20255,0.33429,0.38494,0.61793,0.15859,0.12239,0.16572,0.0403,0.07099,100.3,87.8,99.0,45.2,42.4,26.1,57.2,18.1,22.8,78.0,105.8,65.9,171.7
1,175.3,74.4,25,24.22,1.904,0.25679,0.18227,0.1861,0.19794,0.32439,0.37354,0.59963,0.15493,0.12137,0.16195,0.04013,0.06913,102.9,91.4,101.6,46.1,43.4,26.9,58.3,18.4,23.8,79.5,107.8,67.1,175.3
1,162.2,73.9,33,28.08,1.825,0.26105,0.19709,0.18949,0.21311,0.32783,0.3775,0.60599,0.16753,0.12358,0.17436,0.04253,0.07039,102.5,85.7,100.8,43.2,40.7,26.8,54.3,17.2,23.3,74.0,100.3,62.5,162.2
1,170.3,62.1,35,21.41,1.714,0.25983,0.18457,0.20468,0.2006,0.33204,0.38235,0.61377,0.15688,0.13349,0.16413,0.04345,0.06972,97.4,94.0,96.3,43.7,40.9,27.7,55.8,17.5,24.1,76.1,103.1,64.2,170.3
1,172.4,99.6,50,33.51,2.184,0.27387,0.19784,0.21701,0.21382,0.33611,0.38703,0.62129,0.16816,0.14153,0.17494,0.04729,0.07431,105.5,100.7,103.7,46.5,44.0,31.2,57.1,18.3,26.6,77.8,105.5,65.7,172.4
1,171.6,56.1,18,19.05,1.635,0.25731,0.17661,0.17556,0.19222,0.33125,0.38144,0.61231,0.15011,0.11449,0.15727,0.03646,0.0689,94.9,82.0,93.9,44.0,41.1,23.7,56.6,17.7,20.6,77.2,104.7,65.2,171.6
1,176.6,71.4,29,22.88,1.872,0.26304,0.17968,0.17795,0.19528,0.33358,0.38413,0.61663,0.15273,0.11605,0.15978,0.03706,0.07073,98.6,84.9,97.4,46.0,43.1,24.7,58.3,18.4,21.4,79.5,107.7,67.1,176.6
1,169.3,75.9,23,26.46,1.889,0.26293,0.19818,0.21365,0.21477,0.33067,0.38077,0.61123,0.16845,0.13934,0.17572,0.04723,0.07087,103.8,97.3,102.3,43.8,41.2,29.5,55.1,17.5,26.0,75.2,101.9,63.5,169.3
1,183.9,92.4,58,27.32,2.173,0.25588,0.19332,0.19685,0.20997,0.3185,0.36675,0.58874,0.16433,0.12838,0.17179,0.04378,0.06916,112.9,99.9,111.4,47.5,44.9,29.2,59.2,18.8,26.9,80.7,109.4,68.1,183.9
1,175.5,75.9,22,24.65,1.924,0.25442,0.18869,0.1938,0.20488,0.3209,0.36952,0.59318,0.16039,0.12639,0.16763,0.04274,0.06852,106.3,94.9,104.9,45.6,42.9,28.0,57.5,18.2,25.3,78.4,106.3,66.2,175.5
1,175.4,76.4,33,24.81,1.929,0.25966,0.19343,0.19913,0.21,0.32735,0.37694,0.60509,0.16442,0.12987,0.17182,0.04403,0.06994,106.6,95.5,105.2,45.6,42.8,28.2,57.4,18.2,25.5,78.3,106.2,66.1,175.4
1,173.0,79.7,35,26.62,1.957,0.25691,0.18499,0.19085,0.20059,0.32232,0.37116,0.59581,0.15724,0.12447,0.16412,0.04088,0.06929,101.4,91.0,100.0,44.8,42.2,27.3,56.3,17.8,23.6,76.7,104.0,64.8,173.0
1,176.7,75.5,66,24.18,1.924,0.26736,0.18171,0.19769,0.19737,0.33758,0.38873,0.62401,0.15445,0.12893,0.16149,0.0416,0.07198,100.3,94.9,99.0,47.0,44.1,27.8,59.3,18.7,24.2,80.9,109.6,68.3,176.7
1,181.7,101.8,35,30.85,2.267,0.26389,0.19833,0.20445,0.21504,0.32491,0.37414,0.6006,0.16858,0.13334,0.17595,0.04536,0.07154,112.3,100.6,110.7,47.6,45.0,30.2,58.6,18.7,27.0,79.8,108.2,67.4,181.7
1,169.0,81.1,18,28.39,1.951,0.26039,0.18391,0.18937,0.19909,0.32551,0.37482,0.60169,0.15632,0.1235,0.16289,0.0402,0.0703,98.6,88.3,97.1,44.5,41.9,27.1,55.6,17.6,22.7,75.8,102.7,64.0,169.0
1,170.6,83.0,36,28.53,1.983,0.27335,0.19429,0.21142,0.21039,0.34126,0.39297,0.63082,0.16515,0.13788,0.17213,0.04604,0.07383,103.0,97.5,101.4,46.1,43.5,29.7,57.6,18.3,25.7,78.5,106.5,66.3,170.6
1,173.2,65.0,25,21.65,1.768,0.26604,0.1896,0.18559,0.2061,0.3393,0.39071,0.62719,0.16116,0.12104,0.16863,0.04035,0.07143,102.2,87.0,101.0,45.6,42.8,25.4,58.2,18.3,22.9,79.4,107.6,67.0,173.2
1,165.4,67.7,20,24.73,1.763,0.26968,0.18589,0.1963,0.20153,0.3417,0.39347,0.63162,0.15801,0.12802,0.16489,0.0416,0.07254,95.6,87.7,94.2,44.1,41.4,26.7,55.9,17.6,22.5,76.2,103.4,64.4,165.4
1,169.4,68.6,42,23.93,1.797,0.25561,0.18402,0.19122,0.19971,0.32411,0.37321,0.59911,0.15642,0.12471,0.1634,0.04087,0.06874,98.5,89.0,97.2,43.6,40.9,26.7,55.2,17.4,23.0,75.3,102.1,63.6,169.4
1,171.9,63.6,22,21.52,1.743,0.26563,0.1828,0.19133,0.1987,0.3391,0.39048,0.62682,0.15538,0.12478,0.16257,0.04038,0.0713,97.6,88.8,96.4,45.1,42.3,26.0,57.6,18.1,22.7,78.6,106.5,66.4,171.9
1,182.1,87.6,57,26.42,2.104,0.26045,0.19639,0.18684,0.21329,0.3255,0.37482,0.60169,0.16693,0.12185,0.17451,0.04151,0.07032,111.5,92.2,110.0,47.0,44.3,27.0,58.8,18.7,24.8,80.2,108.7,67.7,182.1
1,177.5,72.7,36,23.09,1.893,0.26154,0.18246,0.18643,0.19831,0.33133,0.38153,0.61246,0.15509,0.12159,0.16225,0.03932,0.07035,100.8,89.5,99.6,46.0,43.2,26.0,58.2,18.4,22.9,79.4,107.7,67.1,177.5
1,177.0,86.5,35,27.61,2.062,0.2701,0.18306,0.20165,0.19855,0.33708,0.38815,0.62308,0.1556,0.13151,0.16245,0.04186,0.07296,99.3,95.1,97.9,46.6,44.0,28.4,58.2,18.5,23.9,79.3,107.5,67.0,177.0
1,181.9,70.5,67,21.32,1.888,0.25766,0.1859,0.18061,0.2023,0.3278,0.37747,0.60594,0.15802,0.11779,0.16552,0.03895,0.06923,105.7,89.3,104.6,46.6,43.7,25.3,59.3,18.7,23.3,80.9,109.7,68.3,181.9
1,174.5,98.6,48,32.39,2.186,0.26389,0.20185,0.21121,0.21837,0.32463,0.37382,0.60007,0.17157,0.13774,0.17867,0.04767,0.07156,111.7,101.6,109.8,46.5,44.0,31.2,57.2,18.3,27.8,77.9,105.7,65.8,174.5
1,178.4,69.7,50,21.88,1.858,0.25268,0.18211,0.19212,0.19805,0.3213,0.36998,0.59392,0.15479,0.1253,0.16204,0.04138,0.0679,103.8,95.2,102.6,45.8,43.0,27.4,58.3,18.4,24.8,79.5,107.8,67.1,178.4
1,174.7,79.0,64,25.87,1.958,0.26179,0.18764,0.20877,0.20359,0.32899,0.37884,0.60813,0.15949,0.13615,0.16658,0.04445,0.07058,101.3,98.0,99.9,45.0,42.3,29.2,56.5,17.9,25.3,77.1,104.5,65.1,174.7
1,177.5,88.8,35,28.18,2.092,0.271,0.18658,0.19905,0.20234,0.33745,0.38858,0.62377,0.15859,0.12982,0.16555,0.04245,0.07324,103.5,96.0,102.0,47.8,45.1,28.7,59.6,19.0,24.8,81.2,110.1,68.6,177.5
1,171.1,67.3,56,22.97,1.788,0.26519,0.19059,0.19446,0.20699,0.33703,0.3881,0.623,0.16201,0.12682,0.16936,0.04181,0.07127,100.0,88.7,98.7,44.3,41.5,26.3,56.3,17.7,23.1,76.7,104.0,64.8,171.1
1,157.2,70.3,33,28.44,1.752,0.25539,0.18367,0.19406,0.19834,0.32124,0.36992,0.59381,0.15612,0.12656,0.16228,0.04148,0.06883,93.6,86.0,91.8,41.4,39.0,27.4,52.1,16.5,22.2,71.0,96.3,60.0,157.2
1,174.5,63.4,33,20.81,1.753,0.26254,0.18231,0.19043,0.19829,0.3356,0.38645,0.62036,0.15496,0.1242,0.16224,0.04013,0.07044,98.6,89.6,97.5,45.2,42.3,25.9,57.8,18.1,22.8,78.8,106.8,66.5,174.5
1,186.2,107.9,64,31.12,2.362,0.26821,0.20839,0.20139,0.22616,0.32907,0.37893,0.60828,0.17713,0.13134,0.18504,0.04676,0.07278,122.4,102.8,120.7,50.1,47.5,30.5,61.5,19.7,28.9,83.9,113.7,70.8,186.2
1,182.4,83.5,55,25.08,2.057,0.26197,0.18198,0.20778,0.19776,0.32886,0.37869,0.60789,0.15468,0.13551,0.1618,0.04418,0.07065,104.9,104.1,103.6,48.1,45.2,30.2,60.3,19.1,26.8,82.3,111.5,69.5,182.4
1,182.7,76.4,58,22.89,1.97,0.25634,0.19258,0.19448,0.20946,0.32422,0.37335,0.59932,0.1637,0.12683,0.17137,0.04351,0.06898,111.8,98.2,110.6,47.4,44.5,28.1,59.9,18.9,26.6,81.7,110.8,69.0,182.7
1,184.8,81.7,24,23.93,2.048,0.27318,0.18962,0.20257,0.20621,0.34394,0.39605,0.63577,0.16118,0.13211,0.16872,0.04392,0.07361,108.6,100.9,107.4,49.8,46.8,28.9,62.7,19.8,26.5,85.5,115.9,72.2,184.8
1,176.2,87.7,31,28.26,2.072,0.27139,0.18308,0.21216,0.19849,0.3381,0.38933,0.62498,0.15562,0.13837,0.1624,0.04448,0.07334,100.4,101.2,99.0,47.4,44.7,30.3,59.0,18.8,25.7,80.5,109.1,68.0,176.2
1,177.0,71.8,60,22.93,1.879,0.25592,0.17997,0.18934,0.1956,0.32446,0.37363,0.59977,0.15297,0.12349,0.16004,0.04034,0.06883,101.8,93.1,100.6,46.1,43.3,27.1,58.4,18.4,24.0,79.7,108.0,67.3,177.0
1,170.9,65.3,65,22.37,1.761,0.25743,0.18799,0.17889,0.20422,0.32786,0.37753,0.60604,0.15979,0.11667,0.16709,0.03877,0.06914,100.7,83.3,99.4,43.9,41.1,24.6,55.9,17.6,21.9,76.2,103.3,64.3,170.9
1,173.1,72.6,42,24.21,1.868,0.26309,0.18529,0.19167,0.20116,0.3327,0.38311,0.615,0.1575,0.125,0.16459,0.04071,0.07081,99.7,89.7,98.4,45.1,42.3,26.6,57.0,18.0,23.1,77.7,105.4,65.6,173.1
1,180.1,68.1,49,20.98,1.845,0.26175,0.17406,0.17305,0.1894,0.33364,0.3842,0.61674,0.14795,0.11286,0.15496,0.03555,0.07029,98.2,84.9,97.2,47.0,44.1,24.2,59.9,18.8,21.1,81.7,110.8,69.0,180.1
1,184.5,112.0,55,32.89,2.396,0.28308,0.2031,0.22037,0.22021,0.34555,0.3979,0.63874,0.17263,0.14372,0.18017,0.04933,0.07692,115.8,109.3,114.2,51.4,48.7,32.9,62.7,20.2,29.6,85.5,115.9,72.2,184.5
1,174.5,70.0,39,22.99,1.841,0.25181,0.17828,0.18615,0.19369,0.31954,0.36796,0.59067,0.15153,0.1214,0.15848,0.03895,0.0677,98.1,89.1,96.9,44.1,41.4,26.1,56.0,17.6,22.6,76.3,103.5,64.5,174.5
1,172.1,84.0,33,28.35,2.004,0.25883,0.18761,0.19279,0.20323,0.32305,0.37199,0.59715,0.15947,0.12573,0.16628,0.04235,0.06991,105.0,93.8,103.4,46.1,43.5,28.5,57.6,18.3,24.9,78.5,106.4,66.3,172.1
1,175.5,79.6,69,25.83,1.969,0.26933,0.19312,0.20486,0.20957,0.33838,0.38965,0.62549,0.16415,0.1336,0.17146,0.04504,0.07262,106.2,97.9,104.8,47.1,44.4,29.1,59.2,18.8,26.1,80.8,109.5,68.2,175.5
1,180.0,70.0,46,21.59,1.87,0.2524,0.17725,0.18327,0.19282,0.32106,0.3697,0.59347,0.15066,0.11952,0.15776,0.03814,0.06782,100.0,89.9,98.9,45.3,42.5,25.7,57.6,18.1,22.6,78.6,106.5,66.4,180.0
1,164.7,67.8,33,25.01,1.761,0.26086,0.18203,0.18966,0.19728,0.33034,0.38039,0.61063,0.15472,0.12369,0.16141,0.0397,0.07018,93.7,84.9,92.3,42.8,40.2,26.0,54.1,17.1,21.5,73.8,100.1,62.3,164.7
1,158.3,70.5,29,28.15,1.761,0.26096,0.1959,0.19968,0.21165,0.32834,0.37809,0.60693,0.16652,0.13023,0.17317,0.04329,0.07033,95.8,84.9,94.1,40.6,38.2,26.9,51.1,16.2,22.3,69.7,94.5,58.9,158.3
1,171.4,71.5,34,24.33,1.844,0.25539,0.1752,0.17142,0.19015,0.32309,0.37205,0.59723,0.14892,0.1118,0.15558,0.03595,0.06872,97.2,82.7,95.9,45.1,42.4,24.6,57.0,18.0,21.0,77.8,105.4,65.7,171.4
1,166.3,82.8,54,29.93,1.956,0.26206,0.18563,0.19919,0.20067,0.32646,0.37593,0.60346,0.15778,0.12991,0.16419,0.04217,0.07082,97.4,90.8,95.7,43.7,41.3,28.2,54.5,17.3,23.3,74.3,100.7,62.8,166.3
1,171.7,86.0,44,29.17,2.025,0.26069,0.18311,0.17905,0.19826,0.32459,0.37377,0.59999,0.15564,0.11677,0.16221,0.038,0.07046,100.2,85.2,98.6,45.4,42.8,26.0,56.5,18.0,21.9,77.1,104.5,65.1,171.7
1,174.4,87.4,42,28.73,2.057,0.25811,0.19086,0.19295,0.2068,0.32136,0.37005,0.59402,0.16223,0.12584,0.1692,0.04244,0.06976,106.5,93.6,104.9,45.8,43.2,28.3,57.1,18.2,24.9,77.8,105.5,65.7,174.4
1,172.1,69.2,30,23.36,1.819,0.26356,0.18545,0.19483,0.20139,0.33439,0.38506,0.61811,0.15764,0.12706,0.16478,0.04183,0.07087,100.4,91.7,99.1,45.4,42.6,27.1,57.6,18.2,23.8,78.6,106.5,66.3,172.1
1,186.4,74.0,25,21.29,1.957,0.26378,0.18119,0.19208,0.19726,0.335,0.38576,0.61925,0.15401,0.12527,0.1614,0.04051,0.0709,105.0,96.8,103.9,48.7,45.7,27.1,61.8,19.5,24.7,84.3,114.2,71.2,186.4
1,178.0,72.3,22,22.83,1.89,0.26269,0.18496,0.18493,0.20106,0.33302,0.38348,0.61558,0.15722,0.12061,0.1645,0.03958,0.07065,102.9,89.5,101.7,46.5,43.7,25.9,59.0,18.6,23.2,80.4,109.1,67.9,178.0
1,177.8,81.4,29,25.78,2.005,0.26103,0.19514,0.19358,0.21184,0.32765,0.37729,0.60565,0.16587,0.12625,0.17333,0.04336,0.0704,110.1,95.0,108.7,46.9,44.1,28.0,58.8,18.6,25.8,80.2,108.8,67.8,177.8
1,180.2,88.2,58,27.16,2.101,0.26691,0.18509,0.19002,0.20091,0.33305,0.38351,0.61564,0.15733,0.12392,0.16438,0.04064,0.0721,105.0,93.7,103.6,48.2,45.4,27.7,60.1,19.1,24.3,82.0,111.2,69.2,180.2
1,167.0,50.4,20,18.07,1.528,0.25729,0.16744,0.17813,0.1823,0.33285,0.38328,0.61527,0.14232,0.11617,0.14916,0.03521,0.0688,86.6,80.1,85.7,42.4,39.5,23.4,54.8,17.1,19.2,74.7,101.3,63.1,167.0
1,183.3,84.0,52,25.0,2.068,0.27464,0.19284,0.21974,0.20959,0.34472,0.39695,0.63721,0.16392,0.14331,0.17149,0.04824,0.07406,109.9,108.9,108.6,49.8,46.9,31.5,62.5,19.8,28.9,85.3,115.6,72.0,183.3
1,174.9,78.4,50,25.63,1.952,0.25381,0.18564,0.20694,0.20145,0.31918,0.36754,0.59,0.15779,0.13496,0.16482,0.04456,0.06841,102.9,99.7,101.5,44.8,42.1,29.6,56.3,17.8,26.0,76.8,104.1,64.8,174.9
1,180.5,78.2,39,24.01,1.981,0.2503,0.18067,0.19045,0.19636,0.31566,0.36348,0.58349,0.15357,0.12421,0.16065,0.04043,0.06741,103.4,94.8,102.2,45.6,42.9,27.4,57.5,18.2,24.4,78.4,106.3,66.2,180.5
1,167.5,85.2,67,30.38,1.991,0.24925,0.19212,0.19935,0.2077,0.30987,0.35682,0.5728,0.1633,0.13001,0.16993,0.04396,0.06739,103.7,93.6,102.0,42.8,40.4,29.0,53.3,17.0,25.0,72.6,98.5,61.3,167.5
1,163.8,71.6,61,26.66,1.805,0.24934,0.19082,0.18539,0.20657,0.31424,0.36185,0.58086,0.1622,0.12091,0.16901,0.04037,0.06717,98.9,83.5,97.3,41.1,38.7,25.8,51.8,16.4,22.0,70.7,95.8,59.7,163.8
1,181.6,100.5,26,30.46,2.252,0.26421,0.17863,0.19506,0.19371,0.32574,0.37509,0.60212,0.15184,0.12722,0.15849,0.04123,0.0716,104.7,99.4,103.2,49.3,46.6,29.7,60.7,19.4,25.4,82.8,112.3,70.0,181.6
1,178.3,77.1,58,24.23,1.954,0.27269,0.18831,0.20068,0.20458,0.34398,0.3961,0.63585,0.16006,0.13088,0.16738,0.0426,0.07344,102.3,94.8,101.1,47.2,44.3,27.7,59.5,18.8,24.4,81.1,110.0,68.5,178.3
1,168.7,82.0,35,28.81,1.961,0.26722,0.20205,0.19338,0.21867,0.33364,0.38419,0.61672,0.17174,0.12612,0.17891,0.04403,0.07217,108.5,90.3,106.7,45.7,43.1,27.7,57.0,18.1,24.9,77.8,105.4,65.7,168.7
1,169.0,91.3,67,31.98,2.07,0.26573,0.20283,0.21835,0.21917,0.3284,0.37816,0.60704,0.1724,0.1424,0.17932,0.04842,0.07196,105.9,99.1,104.0,44.2,41.8,30.8,54.6,17.4,26.6,74.4,100.9,62.9,169.0
1,183.9,103.1,46,30.47,2.295,0.27944,0.20637,0.22653,0.2239,0.34405,0.39618,0.63598,0.17542,0.14774,0.18319,0.05111,0.07575,116.1,110.8,114.5,50.0,47.3,33.0,61.6,19.7,30.3,84.0,113.9,70.9,183.9
1,166.6,59.0,56,21.25,1.652,0.25883,0.1869,0.18575,0.20308,0.33145,0.38167,0.61267,0.15887,0.12114,0.16616,0.0401,0.06941,97.5,84.3,96.3,43.0,40.2,25.1,55.0,17.3,22.0,75.0,101.7,63.4,166.6
1,187.8,85.0,44,24.09,2.106,0.26311,0.1875,0.19406,0.20398,0.3306,0.38069,0.61111,0.15937,0.12656,0.16689,0.04222,0.07093,110.8,99.7,109.6,49.5,46.6,28.3,62.2,19.7,26.3,84.8,115.0,71.6,187.8
1,168.7,67.7,53,23.77,1.781,0.25808,0.18465,0.17261,0.20039,0.3275,0.37712,0.60538,0.15695,0.11257,0.16395,0.03739,0.06939,99.9,81.2,98.5,44.4,41.7,24.3,56.4,17.8,21.3,76.9,104.2,64.9,168.7
1,180.3,87.5,62,26.93,2.094,0.25831,0.19339,0.20288,0.20993,0.32255,0.37142,0.59623,0.16438,0.13231,0.17176,0.045,0.06976,110.4,100.7,108.9,46.9,44.2,29.7,58.6,18.6,27.0,79.9,108.3,67.5,180.3
1,173.0,83.1,34,27.74,1.998,0.28434,0.19836,0.19416,0.21498,0.35543,0.40928,0.657,0.16861,0.12663,0.17589,0.04265,0.07677,105.3,89.6,103.7,48.0,45.3,27.0,60.1,19.1,23.8,81.9,111.0,69.2,173.0
1,180.0,71.5,51,22.07,1.891,0.26819,0.18247,0.18511,0.19846,0.34058,0.39218,0.62955,0.1551,0.12073,0.16237,0.03927,0.07209,102.7,90.6,101.5,48.0,45.1,25.9,61.0,19.2,23.3,83.2,112.7,70.2,180.0
1,171.4,74.3,63,25.28,1.881,0.259,0.18772,0.20027,0.20364,0.32663,0.37612,0.60377,0.15957,0.13061,0.16661,0.04315,0.06976,101.1,93.7,99.7,44.4,41.7,28.1,56.0,17.7,24.5,76.3,103.5,64.4,171.4
1,174.3,56.1,20,18.49,1.649,0.25545,0.17732,0.18897,0.19309,0.32915,0.37903,0.60844,0.15072,0.12324,0.15798,0.03895,0.06839,95.2,88.2,94.3,43.7,40.8,25.2,56.3,17.6,22.0,76.7,104.0,64.8,174.3
1,175.8,96.0,22,31.07,2.166,0.26963,0.19827,0.20515,0.21468,0.33286,0.38329,0.61529,0.16853,0.13379,0.17565,0.04525,0.07304,108.4,97.5,106.7,46.9,44.4,29.7,57.9,18.5,26.0,79.0,107.1,66.7,175.8
1,168.0,65.4,31,23.18,1.747,0.25983,0.1762,0.18385,0.19126,0.33047,0.38054,0.61087,0.14977,0.1199,0.15648,0.03795,0.06982,93.2,84.6,92.0,43.7,41.0,25.3,55.6,17.5,21.1,75.9,102.8,64.1,168.0
1,181.1,82.7,20,25.24,2.04,0.26932,0.18443,0.18993,0.20036,0.33813,0.38936,0.62502,0.15676,0.12387,0.16393,0.0405,0.07263,104.6,93.6,103.3,48.6,45.8,27.3,61.0,19.3,24.2,83.2,112.8,70.3,181.1
1,171.7,70.4,40,23.89,1.832,0.25149,0.18099,0.17852,0.19648,0.31857,0.36684,0.58888,0.15384,0.11643,0.16075,0.03788,0.06765,98.7,84.7,97.4,43.7,41.0,25.2,55.3,17.5,21.8,75.4,102.3,63.7,171.7
1,173.8,89.8,56,29.72,2.082,0.26509,0.18665,0.19651,0.20213,0.32909,0.37895,0.60832,0.15865,0.12816,0.16538,0.04213,0.07171,102.8,94.1,101.2,46.5,43.9,28.6,57.7,18.4,24.4,78.6,106.6,66.4,173.8
1,168.0,48.0,47,17.0,1.497,0.24574,0.17082,0.16181,0.18612,0.31892,0.36724,0.58952,0.1452,0.10553,0.15228,0.03301,0.06565,90.5,74.5,89.6,41.4,38.6,21.6,53.8,16.8,18.4,73.3,99.4,61.9,168.0
1,156.3,61.0,67,24.97,1.627,0.26396,0.18421,0.19559,0.1994,0.33566,0.38652,0.62047,0.15658,0.12756,0.16314,0.04103,0.07093,89.7,82.8,88.3,40.9,38.4,26.1,52.0,16.4,21.0,70.9,96.2,59.9,156.3
1,174.1,74.6,62,24.63,1.9,0.256,0.18489,0.19126,0.20071,0.32313,0.37209,0.5973,0.15716,0.12474,0.16422,0.04145,0.06893,103.0,92.7,101.7,45.4,42.7,27.4,57.3,18.1,24.3,78.2,106.0,66.0,174.1
1,193.6,87.6,40,23.38,2.171,0.27312,0.19308,0.19766,0.21024,0.34317,0.39517,0.63435,0.16412,0.12891,0.17202,0.04401,0.07363,117.3,104.4,116.1,52.8,49.7,29.1,66.4,21.0,28.1,90.5,122.7,76.4,193.6
1,181.4,106.7,44,32.43,2.318,0.25955,0.19545,0.20211,0.2118,0.31793,0.3661,0.58768,0.16613,0.13181,0.17329,0.04469,0.07046,112.0,100.7,110.4,47.4,44.9,30.4,58.0,18.6,27.0,79.1,107.2,66.8,181.4
1,175.4,67.4,27,21.91,1.812,0.26272,0.18705,0.17469,0.20335,0.33446,0.38514,0.61825,0.15899,0.11393,0.16638,0.03827,0.07057,104.5,84.8,103.2,46.7,43.8,24.6,59.5,18.7,22.5,81.1,109.9,68.5,175.4
1,173.5,84.6,42,28.1,2.02,0.2539,0.1955,0.19888,0.21186,0.31692,0.36493,0.58582,0.16617,0.12971,0.17334,0.04415,0.06858,107.2,94.8,105.6,44.3,41.8,28.6,55.3,17.6,25.5,75.4,102.2,63.7,173.5
1,175.7,81.5,30,26.4,1.994,0.24728,0.18528,0.18989,0.20102,0.31005,0.35703,0.57313,0.15749,0.12384,0.16447,0.04161,0.06671,105.9,94.4,104.5,45.0,42.4,28.1,56.4,17.9,25.0,77.0,104.3,65.0,175.7
1,179.6,97.6,33,30.24,2.206,0.25526,0.19434,0.20238,0.21067,0.31531,0.36308,0.58284,0.16519,0.13198,0.17236,0.04487,0.06914,110.9,100.4,109.3,46.4,43.8,30.2,57.3,18.3,27.0,78.1,105.9,66.0,179.6
1,166.6,62.9,58,22.64,1.706,0.25587,0.18072,0.18067,0.1962,0.32618,0.3756,0.60294,0.15361,0.11783,0.16053,0.03846,0.06871,96.2,83.6,94.9,43.4,40.6,25.1,55.3,17.4,21.6,75.4,102.2,63.6,166.6
1,183.9,75.8,51,22.42,1.967,0.25343,0.1902,0.20094,0.20693,0.3209,0.36952,0.59318,0.16167,0.13105,0.1693,0.04434,0.06818,110.3,101.4,109.1,46.8,43.9,28.8,59.2,18.7,27.1,80.8,109.5,68.2,183.9
1,180.9,96.5,54,29.5,2.202,0.25061,0.19503,0.20089,0.21154,0.31012,0.35711,0.57325,0.16578,0.13101,0.17308,0.0455,0.06785,114.7,102.8,113.1,46.9,44.4,30.6,58.1,18.5,28.2,79.2,107.4,66.9,180.9
1,180.9,87.3,39,26.68,2.094,0.26596,0.19867,0.21426,0.2157,0.33229,0.38263,0.61423,0.16887,0.13973,0.17649,0.04814,0.07181,112.6,105.6,111.1,48.0,45.2,31.0,59.9,19.0,28.7,81.7,110.8,69.0,180.9
1,178.8,63.5,34,19.85,1.775,0.26362,0.1824,0.19379,0.19855,0.33752,0.38866,0.62391,0.15504,0.12639,0.16245,0.04098,0.0707,101.1,93.4,100.0,46.5,43.5,26.5,59.5,18.7,23.9,81.2,110.0,68.6,178.8
1,175.6,71.2,40,23.08,1.864,0.26002,0.18685,0.2012,0.20303,0.32968,0.37963,0.60941,0.15882,0.13122,0.16612,0.04355,0.06993,103.3,96.7,102.0,45.8,42.9,28.3,58.0,18.3,25.3,79.1,107.2,66.8,175.6
1,180.5,86.5,53,26.52,2.082,0.26505,0.19932,0.19052,0.21641,0.33139,0.3816,0.61257,0.16942,0.12425,0.17706,0.04277,0.07156,112.2,93.3,110.8,47.5,44.8,27.4,59.4,18.9,25.3,81.0,109.8,68.4,180.5
1,179.9,91.9,66,28.38,2.143,0.27313,0.18783,0.20492,0.20377,0.33944,0.39087,0.62745,0.15965,0.13365,0.16672,0.04438,0.07386,107.0,101.5,105.5,49.5,46.7,30.2,61.6,19.6,26.6,83.9,113.8,70.9,179.9
1,172.8,67.5,26,22.6,1.801,0.25422,0.17697,0.17952,0.19228,0.32324,0.37222,0.59751,0.15043,0.11708,0.15732,0.0379,0.06831,98.4,86.8,97.2,45.0,42.2,25.5,57.2,18.0,22.2,78.0,105.7,65.9,172.8
1,171.2,49.8,69,17.0,1.539,0.25866,0.17449,0.1625,0.19014,0.33533,0.38613,0.61985,0.14832,0.10598,0.15557,0.03365,0.06913,93.8,76.0,93.0,44.3,41.3,21.7,57.4,17.9,19.1,78.3,106.1,66.1,171.2
1,176.3,84.1,19,27.07,2.029,0.26731,0.19735,0.21188,0.21407,0.33432,0.38498,0.61799,0.16774,0.13818,0.17515,0.04698,0.07216,108.2,101.0,106.7,46.6,43.9,30.1,58.3,18.5,27.1,79.5,107.8,67.2,176.3
1,187.1,73.0,49,20.84,1.948,0.24876,0.18376,0.18001,0.2001,0.31634,0.36427,0.58475,0.1562,0.1174,0.16372,0.03931,0.06684,110.2,93.9,109.1,47.5,44.5,26.1,60.4,19.0,24.8,82.4,111.6,69.5,187.1
1,166.2,51.1,67,18.49,1.536,0.25638,0.17348,0.16787,0.18882,0.3313,0.3815,0.6124,0.14746,0.10948,0.15449,0.03467,0.06858,91.2,76.8,90.3,42.9,40.1,22.6,55.5,17.3,19.2,75.6,102.5,63.9,166.2
1,164.5,46.0,39,17.0,1.45,0.24972,0.16506,0.16936,0.17982,0.32446,0.37363,0.59977,0.1403,0.11045,0.14713,0.03361,0.06669,85.6,76.4,84.8,41.2,38.4,22.4,53.6,16.7,18.4,73.1,99.0,61.7,164.5
1,176.7,88.3,60,28.28,2.082,0.27582,0.20182,0.20267,0.21883,0.34349,0.39553,0.63493,0.17155,0.13218,0.17904,0.04453,0.07454,107.5,93.8,105.9,46.7,44.1,28.1,58.2,18.5,25.0,79.4,107.6,67.0,176.7
1,175.9,78.9,30,25.52,1.964,0.26493,0.18325,0.18952,0.1989,0.33313,0.3836,0.61578,0.15576,0.1236,0.16273,0.0401,0.07141,100.9,90.8,99.6,46.4,43.7,26.9,58.4,18.5,23.2,79.6,107.9,67.2,175.9
1,176.8,75.6,25,24.2,1.927,0.24406,0.17259,0.18434,0.18747,0.30812,0.35481,0.56956,0.1467,0.12022,0.15338,0.03831,0.06571,98.7,91.7,97.4,44.4,41.7,26.9,56.1,17.7,23.1,76.5,103.7,64.6,176.8
1,177.3,96.9,18,30.83,2.185,0.25037,0.18256,0.21387,0.19776,0.30906,0.35589,0.5713,0.15518,0.13948,0.16181,0.04595,0.06783,105.1,107.1,103.5,45.9,43.4,32.4,56.6,18.1,27.8,77.2,104.7,65.2,177.3
1,173.8,83.2,34,27.54,2.004,0.27168,0.19444,0.19524,0.21078,0.33968,0.39115,0.6279,0.16527,0.12733,0.17245,0.0427,0.07334,105.0,91.7,103.5,46.7,44.0,27.6,58.4,18.5,24.3,79.6,108.0,67.3,173.8
1,186.7,111.1,29,31.89,2.401,0.27611,0.21559,0.23391,0.23394,0.33776,0.38893,0.62434,0.18325,0.15255,0.1914,0.05399,0.07498,121.9,115.0,120.2,49.7,47.1,34.3,60.8,19.5,32.1,82.9,112.4,70.0,186.7
1,163.5,54.3,21,20.31,1.57,0.25237,0.1776,0.18535,0.19304,0.32456,0.37373,0.59994,0.15096,0.12088,0.15794,0.03872,0.0676,91.6,83.1,90.5,41.4,38.7,25.0,53.3,16.7,21.0,72.7,98.5,61.4,163.5
1,169.3,71.4,30,24.9,1.832,0.26061,0.18596,0.19349,0.2017,0.32941,0.37932,0.6089,0.15807,0.12619,0.16503,0.04157,0.07014,99.4,89.9,98.0,44.3,41.7,27.1,56.1,17.7,23.4,76.4,103.6,64.5,169.3
1,174.7,60.0,48,19.64,1.706,0.25682,0.18635,0.1873,0.20281,0.32957,0.37951,0.60921,0.1584,0.12215,0.16594,0.04047,0.06883,101.6,88.8,100.6,44.6,41.7,25.5,57.2,17.9,23.2,78.0,105.8,65.9,174.7
1,163.2,64.4,58,24.18,1.708,0.25876,0.17305,0.1864,0.18761,0.32877,0.37859,0.60773,0.14709,0.12156,0.1535,0.03808,0.06955,89.8,84.1,88.5,42.7,40.1,25.8,54.3,17.1,20.8,74.0,100.4,62.5,163.2
1,174.2,73.2,24,24.11,1.881,0.25078,0.18112,0.19288,0.19667,0.31708,0.36512,0.58612,0.15395,0.12579,0.16091,0.04183,0.06749,103.0,95.4,101.7,45.4,42.7,28.2,57.4,18.1,25.0,78.3,106.1,66.1,174.2
1,188.0,97.1,40,27.49,2.252,0.27105,0.19599,0.2093,0.21299,0.33647,0.38745,0.62195,0.16659,0.1365,0.17427,0.04622,0.07332,114.0,105.8,112.6,50.2,47.4,30.7,62.3,19.8,28.3,84.9,115.1,71.7,188.0
1,175.7,77.8,41,25.2,1.948,0.25608,0.18872,0.17896,0.20486,0.32238,0.37122,0.59591,0.16042,0.11671,0.16762,0.03908,0.069,105.1,86.7,103.7,45.4,42.7,25.6,57.2,18.1,22.9,77.9,105.6,65.8,175.7
1,177.2,86.3,22,27.48,2.061,0.26956,0.19121,0.20458,0.20741,0.3365,0.38748,0.62201,0.16253,0.13342,0.1697,0.04413,0.0728,104.8,97.5,103.4,47.0,44.3,29.0,58.7,18.7,25.5,80.1,108.5,67.6,177.2
1,166.0,76.7,22,27.81,1.881,0.26584,0.18265,0.20112,0.19768,0.33344,0.38397,0.61637,0.15526,0.13117,0.16174,0.0425,0.0717,96.4,92.3,94.8,44.7,42.0,28.4,56.0,17.8,23.6,76.4,103.5,64.5,166.0
1,170.9,101.0,34,34.58,2.189,0.26697,0.20152,0.2115,0.2176,0.32685,0.37637,0.60418,0.17129,0.13794,0.17803,0.04697,0.07248,108.0,98.6,106.0,45.5,43.2,30.8,55.7,17.9,26.5,76.0,103.1,64.2,170.9
1,172.7,71.2,47,23.87,1.848,0.26879,0.19643,0.19327,0.21328,0.34035,0.39192,0.62913,0.16697,0.12605,0.1745,0.04286,0.07231,105.2,90.0,103.9,45.8,43.0,26.7,58.0,18.3,24.2,79.1,107.3,66.8,172.7
1,173.1,65.1,26,21.73,1.77,0.2627,0.18938,0.18348,0.20585,0.33495,0.3857,0.61915,0.16097,0.11966,0.16843,0.03966,0.07054,101.4,85.4,100.2,44.8,42.0,25.0,57.1,17.9,22.3,77.8,105.5,65.7,173.1
1,185.1,89.0,23,25.97,2.139,0.26885,0.1879,0.18712,0.20421,0.33602,0.38693,0.62112,0.15972,0.12203,0.16708,0.04047,0.07259,108.9,94.3,107.6,49.6,46.7,27.3,62.0,19.7,24.7,84.5,114.6,71.4,185.1
1,179.7,71.6,42,22.19,1.891,0.26132,0.17652,0.17634,0.19197,0.33176,0.38203,0.61325,0.15004,0.115,0.15707,0.03655,0.07025,99.4,86.3,98.2,46.8,43.9,24.8,59.4,18.7,21.7,81.1,109.9,68.5,179.7
1,167.2,87.3,36,31.26,2.014,0.26842,0.18653,0.19439,0.20155,0.33284,0.38328,0.61526,0.15855,0.12677,0.1649,0.04083,0.07263,97.1,88.0,95.3,44.5,42.0,27.4,55.1,17.6,22.4,75.2,101.9,63.5,167.2
1,177.3,75.4,33,23.99,1.928,0.26493,0.19444,0.19759,0.21123,0.33462,0.38532,0.61854,0.16527,0.12886,0.17283,0.04373,0.07132,107.6,95.1,106.3,46.7,43.8,27.8,58.9,18.6,25.5,80.4,108.9,67.9,177.3
1,179.2,73.9,38,22.99,1.918,0.26176,0.1758,0.16708,0.19112,0.33146,0.38168,0.6127,0.14943,0.10896,0.15637,0.03506,0.07042,100.9,83.4,99.8,47.8,44.9,24.1,60.6,19.1,21.2,82.6,112.0,69.8,179.2
1,184.1,79.0,19,23.32,2.01,0.25768,0.18053,0.18234,0.19634,0.32523,0.37451,0.60119,0.15345,0.11892,0.16064,0.03907,0.06939,106.4,93.5,105.2,48.3,45.4,26.7,61.0,19.3,24.2,83.2,112.8,70.3,184.1
1,187.4,97.8,27,27.88,2.257,0.26016,0.19484,0.18988,0.2117,0.32262,0.3715,0.59636,0.16561,0.12383,0.17321,0.04317,0.07039,118.4,100.4,117.0,50.3,47.5,29.2,62.4,19.9,27.6,85.1,115.4,71.9,187.4
1,167.9,68.9,33,24.44,1.792,0.26157,0.17791,0.19015,0.19297,0.33133,0.38154,0.61247,0.15122,0.12401,0.15789,0.03904,0.07036,92.8,86.2,91.5,43.4,40.8,26.0,55.0,17.3,21.4,75.0,101.7,63.3,167.9
1,169.4,65.2,54,22.73,1.752,0.26581,0.18962,0.17173,0.20592,0.33835,0.38961,0.62543,0.16118,0.112,0.16848,0.03766,0.07141,101.5,80.0,100.2,45.3,42.5,23.8,57.7,18.1,21.2,78.6,106.6,66.4,169.4
1,166.1,88.6,32,32.13,2.022,0.27342,0.19658,0.21282,0.21225,0.33834,0.3896,0.62541,0.16709,0.1388,0.17366,0.04618,0.07402,101.3,95.4,99.4,44.9,42.4,29.9,55.5,17.7,25.1,75.7,102.6,63.9,166.1
1,173.7,66.4,30,22.01,1.791,0.2611,0.17699,0.17748,0.19238,0.33251,0.3829,0.61465,0.15045,0.11575,0.1574,0.03669,0.07013,96.0,83.7,94.9,45.1,42.3,24.5,57.4,18.1,21.0,78.3,106.1,66.1,173.7
1,179.0,80.6,30,25.16,2.002,0.25794,0.18363,0.19989,0.19943,0.32424,0.37337,0.59935,0.15608,0.13036,0.16317,0.04302,0.06953,104.8,99.2,103.5,46.9,44.1,29.0,58.9,18.7,25.9,80.4,108.9,67.9,179.0
1,182.9,92.3,49,27.6,2.166,0.26994,0.18776,0.19528,0.20386,0.33585,0.38673,0.62081,0.15959,0.12735,0.1668,0.04222,0.07297,108.1,97.7,106.7,49.5,46.7,28.7,61.5,19.6,25.6,83.9,113.8,70.9,182.9
1,174.9,60.0,62,19.6,1.707,0.25229,0.1799,0.17871,0.1958,0.32377,0.37283,0.59849,0.15292,0.11655,0.1602,0.03796,0.06762,99.5,86.0,98.5,44.4,41.6,24.7,57.0,17.9,22.1,77.8,105.4,65.7,174.9
1,173.1,80.6,64,26.9,1.969,0.25157,0.184,0.19502,0.19949,0.31532,0.3631,0.58287,0.1564,0.12719,0.16322,0.0416,0.06787,101.0,93.1,99.5,43.9,41.4,28.0,55.1,17.5,24.0,75.1,101.8,63.4,173.1
1,176.6,66.7,63,21.36,1.809,0.2628,0.17362,0.18936,0.18883,0.33502,0.38577,0.61927,0.14758,0.12349,0.15449,0.03844,0.07057,95.0,90.1,94.0,45.8,42.9,26.0,58.4,18.4,22.1,79.6,107.9,67.2,176.6
1,169.2,81.1,25,28.32,1.953,0.28042,0.19662,0.20692,0.21287,0.35058,0.4037,0.64804,0.16713,0.13494,0.17417,0.04457,0.07571,100.7,92.2,99.2,45.7,43.1,28.2,57.2,18.2,24.0,78.0,105.7,65.8,169.2
1,191.2,79.2,60,21.66,2.05,0.27351,0.17985,0.18844,0.19587,0.3462,0.39866,0.63995,0.15287,0.1229,0.16026,0.03939,0.07359,106.2,96.8,105.2,51.4,48.3,26.8,65.1,20.5,24.5,88.8,120.3,75.0,191.2
1,163.4,74.2,35,27.77,1.835,0.26202,0.18994,0.19919,0.20546,0.32916,0.37903,0.60844,0.16145,0.12991,0.16811,0.0429,0.07065,97.6,89.0,95.9,42.8,40.3,27.7,53.8,17.0,23.2,73.4,99.5,62.0,163.4
1,176.9,92.4,53,29.54,2.131,0.27139,0.19069,0.21139,0.20665,0.33653,0.38752,0.62207,0.16209,0.13786,0.16908,0.04524,0.07343,104.0,100.3,102.5,47.1,44.5,30.2,58.4,18.6,26.0,79.7,108.0,67.3,176.9
1,190.7,103.5,43,28.48,2.342,0.27686,0.19721,0.2033,0.21437,0.342,0.39381,0.63217,0.16763,0.13259,0.17539,0.04477,0.07499,115.2,103.2,113.8,51.5,48.7,29.9,63.6,20.3,27.5,86.7,117.5,73.2,190.7
1,175.6,80.1,27,25.99,1.976,0.25596,0.18554,0.19446,0.20133,0.3214,0.3701,0.5941,0.15771,0.12682,0.16472,0.04223,0.06902,104.5,95.2,103.1,45.9,43.2,28.3,57.6,18.3,25.0,78.6,106.5,66.4,175.6
1,174.1,73.3,48,24.17,1.882,0.26858,0.18769,0.20361,0.2038,0.33953,0.39098,0.62762,0.15954,0.13279,0.16674,0.04344,0.07229,100.8,95.1,99.5,45.9,43.1,28.1,58.0,18.3,24.6,79.1,107.3,66.8,174.1
1,172.8,68.6,50,22.96,1.814,0.26239,0.18698,0.19535,0.20311,0.33324,0.38373,0.61599,0.15893,0.1274,0.16618,0.04185,0.07053,100.4,91.2,99.1,44.8,42.1,26.9,56.9,17.9,23.6,77.6,105.2,65.6,172.8
1,174.1,94.6,46,31.21,2.14,0.27744,0.20357,0.21833,0.22033,0.34268,0.3946,0.63343,0.17304,0.14239,0.18027,0.04875,0.07515,109.4,102.0,107.7,47.5,44.9,31.2,58.6,18.7,27.6,80.0,108.4,67.5,174.1
1,185.8,77.8,22,22.54,2.004,0.26794,0.18067,0.19315,0.1966,0.33886,0.3902,0.62637,0.15357,0.12597,0.16085,0.04053,0.07211,104.2,96.9,103.1,49.2,46.2,27.4,62.2,19.6,24.6,84.8,115.0,71.6,185.8
1,158.9,54.1,30,21.42,1.545,0.26029,0.17808,0.17418,0.19333,0.3342,0.38484,0.61777,0.15137,0.11359,0.15818,0.03629,0.06975,89.2,75.9,88.0,41.5,38.8,23.3,53.3,16.7,19.1,72.7,98.5,61.4,158.9
1,187.0,96.7,18,27.65,2.241,0.27284,0.17913,0.2011,0.19464,0.33867,0.38998,0.62602,0.15226,0.13115,0.15925,0.04121,0.0738,102.1,99.7,100.9,49.5,46.7,29.0,61.5,19.6,24.7,83.8,113.6,70.8,187.0
1,164.8,60.3,40,22.21,1.662,0.26962,0.18336,0.18783,0.19908,0.34446,0.39665,0.63672,0.15586,0.1225,0.16288,0.03978,0.07235,94.5,84.1,93.2,44.2,41.4,25.4,56.5,17.7,21.6,77.0,104.4,65.0,164.8
1,173.5,65.3,57,21.7,1.774,0.25963,0.1789,0.19086,0.19447,0.33102,0.38118,0.61189,0.15206,0.12447,0.15911,0.04018,0.06971,98.2,91.1,97.0,45.3,42.5,26.6,57.8,18.2,23.2,78.8,106.9,66.6,173.5
1,172.3,59.8,20,20.16,1.692,0.2606,0.17525,0.20313,0.19065,0.33415,0.38478,0.61767,0.14897,0.13248,0.15598,0.04174,0.06986,94.1,94.9,93.1,44.6,41.7,27.6,57.1,17.9,23.6,77.9,105.6,65.8,172.3
1,179.9,75.4,20,23.28,1.941,0.26072,0.18959,0.20037,0.2061,0.32972,0.37968,0.60948,0.16115,0.13068,0.16862,0.04336,0.07016,105.6,97.1,104.4,46.2,43.4,28.0,58.5,18.5,25.4,79.7,108.1,67.3,179.9
1,163.5,66.1,24,24.72,1.733,0.26007,0.19125,0.18119,0.20728,0.32983,0.3798,0.60968,0.16256,0.11817,0.16959,0.03948,0.06994,98.1,80.8,96.7,42.5,39.9,24.8,53.9,17.0,21.3,73.4,99.5,62.0,163.5
1,179.0,83.1,53,25.96,2.033,0.26539,0.18743,0.19106,0.20349,0.33271,0.38312,0.615,0.15931,0.12461,0.16649,0.04105,0.07159,104.8,92.9,103.4,47.2,44.5,27.3,59.2,18.8,24.2,80.7,109.4,68.2,179.0
1,190.7,105.0,52,28.87,2.358,0.26366,0.19044,0.22439,0.20699,0.32523,0.37451,0.60119,0.16187,0.14634,0.16936,0.04901,0.07144,113.9,116.7,112.6,50.2,47.5,33.9,61.9,19.8,30.9,84.5,114.5,71.3,190.7
1,165.3,74.0,32,27.09,1.843,0.25827,0.18727,0.19187,0.20273,0.32482,0.37404,0.60043,0.15918,0.12513,0.16587,0.0413,0.06961,98.2,87.5,96.7,43.1,40.6,27.0,54.2,17.2,22.8,73.9,100.2,62.4,165.3
1,176.9,76.1,57,24.32,1.934,0.25744,0.17653,0.18978,0.19174,0.32485,0.37407,0.60048,0.15005,0.12377,0.15688,0.03961,0.06932,99.3,92.9,98.1,46.1,43.3,27.2,58.2,18.4,23.5,79.4,107.6,67.0,176.9
1,170.5,70.7,20,24.3,1.829,0.25552,0.17758,0.1792,0.19271,0.32342,0.37242,0.59783,0.15095,0.11687,0.15767,0.03771,0.06875,97.2,85.3,95.9,44.5,41.8,25.5,56.3,17.8,21.7,76.8,104.1,64.9,170.5
1,178.7,86.3,46,27.02,2.069,0.26063,0.20208,0.21554,0.2193,0.32562,0.37495,0.6019,0.17177,0.14057,0.17942,0.04825,0.07038,110.9,102.9,109.4,45.5,42.9,30.4,56.9,18.1,27.9,77.6,105.2,65.5,178.7
1,175.6,93.5,47,30.29,2.135,0.26499,0.19465,0.20848,0.21083,0.328,0.3777,0.60631,0.16545,0.13597,0.17249,0.0459,0.07173,107.8,100.4,106.1,46.7,44.1,30.4,57.8,18.4,26.7,78.8,106.9,66.6,175.6
1,170.7,74.3,56,25.51,1.877,0.24644,0.16728,0.17752,0.18142,0.31067,0.35774,0.57427,0.14219,0.11577,0.14843,0.0365,0.06638,94.6,87.3,93.2,44.3,41.7,26.2,55.9,17.7,21.7,76.2,103.3,64.4,170.7
1,179.2,74.9,35,23.33,1.93,0.26234,0.17612,0.18351,0.19144,0.33182,0.3821,0.61337,0.14971,0.11968,0.15663,0.03781,0.0706,98.5,89.3,97.4,46.7,43.9,25.8,59.1,18.7,22.3,80.6,109.2,68.1,179.2
1,189.0,77.1,28,21.56,2.012,0.26727,0.18584,0.19129,0.20236,0.33873,0.39005,0.62614,0.15796,0.12475,0.16557,0.04129,0.07189,109.7,98.2,108.6,50.2,47.2,27.3,63.7,20.1,25.7,86.8,117.7,73.3,189.0
1,174.1,61.1,60,20.15,1.718,0.2606,0.17897,0.17695,0.19471,0.33393,0.38452,0.61726,0.15212,0.1154,0.15931,0.03802,0.06988,100.7,86.6,99.6,46.7,43.7,25.0,59.8,18.8,22.5,81.5,110.5,68.9,174.1
1,180.9,90.5,66,27.66,2.133,0.26526,0.18038,0.20437,0.19578,0.3303,0.38035,0.61056,0.15332,0.13329,0.16018,0.04322,0.07169,103.8,102.3,102.4,48.6,45.8,30.2,60.5,19.3,26.2,82.5,111.8,69.7,180.9
1,165.8,75.0,55,27.29,1.859,0.25278,0.18864,0.1977,0.20421,0.31762,0.36575,0.58712,0.16035,0.12894,0.16708,0.04288,0.06815,99.6,90.7,98.0,42.5,40.0,27.9,53.4,16.9,23.8,72.8,98.6,61.4,165.8
1,168.3,77.3,57,27.29,1.902,0.25825,0.19443,0.19236,0.21058,0.32407,0.37317,0.59904,0.16527,0.12545,0.17229,0.04266,0.06965,104.0,89.5,102.4,44.0,41.4,27.3,55.2,17.5,24.0,75.2,102.0,63.5,168.3
1,179.0,78.7,18,24.55,1.978,0.26992,0.20108,0.19199,0.21844,0.34001,0.39152,0.6285,0.17092,0.12521,0.17873,0.0432,0.07272,111.1,92.2,109.7,47.5,44.6,26.9,59.8,18.9,25.1,81.5,110.5,68.8,179.0
1,186.6,107.7,46,30.91,2.362,0.27084,0.19966,0.20736,0.21671,0.33245,0.38282,0.61452,0.16971,0.13524,0.17731,0.04669,0.07348,117.3,106.0,115.8,50.7,48.0,31.4,62.2,19.9,28.9,84.8,114.9,71.6,186.6
1,178.2,73.9,27,23.28,1.912,0.26418,0.18642,0.18429,0.20261,0.33436,0.38502,0.61806,0.15846,0.12019,0.16577,0.03998,0.07108,105.0,90.3,103.8,47.4,44.5,26.2,60.0,18.9,23.7,81.8,110.8,69.0,178.2
1,173.2,86.6,45,28.88,2.041,0.26894,0.18306,0.20362,0.1983,0.3349,0.38565,0.61906,0.1556,0.1328,0.16224,0.04234,0.07269,97.9,94.7,96.4,45.8,43.2,28.7,57.0,18.1,23.8,77.8,105.4,65.7,173.2
1,175.5,76.6,48,24.88,1.933,0.26186,0.20003,0.19431,0.21717,0.33004,0.38004,0.61006,0.17003,0.12673,0.17768,0.04381,0.07054,109.5,92.5,108.0,45.6,42.9,27.3,57.5,18.2,25.2,78.4,106.3,66.2,175.5
1,166.1,63.0,36,22.85,1.706,0.26105,0.17439,0.17482,0.1893,0.33265,0.38305,0.61489,0.14824,0.11401,0.15488,0.03646,0.07011,93.5,81.5,92.2,44.5,41.7,24.5,56.7,17.8,20.6,77.4,104.9,65.3,166.1
1,180.0,88.7,20,27.35,2.106,0.26248,0.18427,0.20254,0.19999,0.32733,0.37693,0.60507,0.15663,0.13209,0.16363,0.04338,0.07091,105.2,100.5,103.8,47.7,45.0,29.7,59.5,18.9,26.1,81.1,109.9,68.5,180.0
1,182.1,88.3,53,26.61,2.113,0.26011,0.19005,0.19617,0.2064,0.32485,0.37407,0.60048,0.16155,0.12794,0.16887,0.04263,0.07024,108.2,97.1,106.8,47.1,44.4,28.4,58.9,18.7,25.6,80.3,108.8,67.8,182.1
1,172.1,78.2,60,26.4,1.934,0.26668,0.19425,0.18623,0.21062,0.33498,0.38573,0.6192,0.16511,0.12145,0.17233,0.04153,0.07191,106.5,88.8,105.0,46.6,43.8,26.7,58.5,18.5,24.0,79.7,108.1,67.3,172.1
1,172.0,74.9,32,25.34,1.892,0.26168,0.2053,0.19609,0.22271,0.32987,0.37985,0.60976,0.1745,0.12789,0.18222,0.04421,0.07049,107.6,89.4,106.2,43.7,41.1,26.7,55.1,17.4,24.4,75.1,101.8,63.4,172.0
1,177.5,78.4,50,24.89,1.966,0.24418,0.18816,0.19539,0.20434,0.30745,0.35404,0.56832,0.15994,0.12743,0.16719,0.04229,0.06579,104.7,94.6,103.4,43.3,40.7,27.8,54.5,17.2,24.8,74.3,100.7,62.7,177.5
1,172.2,106.2,58,35.81,2.254,0.2719,0.20614,0.21498,0.22255,0.33129,0.38149,0.61239,0.17522,0.1402,0.18209,0.04887,0.07391,112.8,102.3,110.7,47.4,44.9,32.0,57.7,18.6,28.2,78.7,106.7,66.5,172.2
1,175.0,91.6,60,29.89,2.11,0.26644,0.19119,0.20397,0.20708,0.33035,0.3804,0.61065,0.16251,0.13302,0.16943,0.04478,0.07209,106.9,99.2,105.3,47.4,44.8,30.1,58.8,18.8,26.4,80.2,108.7,67.7,175.0
1,191.2,102.0,68,27.89,2.328,0.27262,0.19087,0.21345,0.20753,0.33736,0.38848,0.62361,0.16224,0.13921,0.1698,0.04636,0.07381,113.1,110.0,111.8,51.4,48.6,31.7,63.6,20.3,28.9,86.8,117.6,73.3,191.2
1,173.6,76.7,62,25.45,1.924,0.25279,0.19372,0.20177,0.21019,0.31828,0.3665,0.58834,0.16466,0.13159,0.17198,0.04489,0.06811,106.7,96.7,105.3,44.3,41.7,28.8,55.8,17.7,26.0,76.1,103.2,64.3,173.6
1,172.8,86.9,43,29.11,2.043,0.26635,0.19009,0.20519,0.20587,0.33149,0.38172,0.61275,0.16158,0.13382,0.16844,0.04415,0.072,102.6,96.3,101.0,45.8,43.2,29.3,57.0,18.1,25.1,77.7,105.3,65.6,172.8
1,170.6,78.8,33,27.05,1.932,0.2571,0.19445,0.18493,0.21071,0.3225,0.37136,0.59613,0.16528,0.1206,0.1724,0.04128,0.06935,106.1,87.7,104.5,44.6,42.0,26.6,56.0,17.8,23.7,76.4,103.5,64.5,170.6
1,181.1,82.4,53,25.13,2.036,0.2602,0.19567,0.19262,0.21258,0.3268,0.37631,0.60408,0.16632,0.12562,0.17393,0.04299,0.07016,111.2,95.2,109.8,47.1,44.3,27.7,59.1,18.7,25.7,80.6,109.3,68.1,181.1
1,174.1,72.5,50,23.91,1.873,0.26563,0.18672,0.18088,0.20277,0.33608,0.387,0.62124,0.15871,0.11797,0.1659,0.03927,0.07148,103.1,86.9,101.8,46.7,43.9,25.6,59.1,18.7,22.8,80.6,109.2,68.0,174.1
1,170.6,72.0,37,24.73,1.847,0.25442,0.19498,0.20338,0.21155,0.32156,0.37029,0.59441,0.16574,0.13264,0.17308,0.04532,0.06848,105.0,95.3,103.6,43.6,41.0,28.5,55.1,17.4,25.7,75.2,101.9,63.5,170.6
1,185.4,58.4,30,17.0,1.735,0.2543,0.1858,0.18836,0.20258,0.32812,0.37783,0.60652,0.15793,0.12284,0.16574,0.0415,0.06805,109.5,96.6,108.6,47.7,44.6,26.2,61.6,19.2,25.8,84.0,113.8,70.9,185.4
1,186.1,89.5,50,25.83,2.151,0.27451,0.19202,0.20549,0.20873,0.34308,0.39506,0.63418,0.16322,0.13402,0.17078,0.04479,0.07412,110.6,102.9,109.3,50.3,47.4,29.7,62.9,20.0,27.2,85.8,116.3,72.4,186.1
1,171.0,68.0,22,23.26,1.797,0.25994,0.17784,0.19316,0.19311,0.33007,0.38008,0.61013,0.15117,0.12597,0.158,0.04035,0.06988,96.2,90.9,95.0,44.8,42.0,27.0,56.9,17.9,23.0,77.5,105.1,65.5,171.0
1,161.5,82.9,54,31.78,1.928,0.27167,0.18296,0.20662,0.19735,0.33746,0.38859,0.6238,0.15552,0.13475,0.16147,0.04293,0.07347,93.0,91.4,91.2,44.0,41.5,29.0,54.6,17.4,23.0,74.5,101.0,62.9,161.5
1,183.1,84.1,31,25.1,2.068,0.26556,0.20084,0.19745,0.21827,0.33324,0.38374,0.616,0.17071,0.12877,0.17858,0.04505,0.07162,115.7,98.9,114.3,48.7,45.8,28.6,61.1,19.4,27.3,83.3,112.9,70.3,183.1
1,170.4,60.8,44,20.94,1.696,0.26634,0.18202,0.17524,0.19788,0.34088,0.39253,0.63012,0.15472,0.11429,0.1619,0.03654,0.07144,95.1,79.6,94.0,44.3,41.5,23.4,56.7,17.8,20.1,77.3,104.8,65.3,170.4
1,181.4,81.8,40,24.84,2.03,0.26799,0.19674,0.19594,0.21378,0.33686,0.3879,0.62268,0.16723,0.12779,0.17491,0.04354,0.07224,110.7,95.8,109.3,48.0,45.1,27.8,60.3,19.1,25.8,82.2,111.5,69.4,181.4
1,160.7,55.3,31,21.39,1.571,0.26344,0.17737,0.17754,0.19259,0.33801,0.38922,0.62481,0.15076,0.11579,0.15758,0.03647,0.07061,88.5,77.0,87.4,41.8,39.1,23.5,53.7,16.8,19.2,73.2,99.2,61.8,160.7
1,182.2,89.2,57,26.87,2.125,0.25623,0.19509,0.19625,0.21186,0.31971,0.36815,0.59097,0.16583,0.12799,0.17334,0.04438,0.06921,114.4,100.0,112.9,47.8,45.1,29.3,59.7,19.0,27.4,81.4,110.3,68.7,182.2
1,166.4,72.4,21,26.14,1.83,0.25243,0.18132,0.19126,0.19644,0.31824,0.36646,0.58827,0.15413,0.12473,0.16073,0.0403,0.06799,95.7,87.8,94.3,42.4,39.9,26.8,53.5,16.9,22.4,72.9,98.9,61.6,166.4
1,181.0,94.6,56,28.9,2.181,0.27606,0.19029,0.22288,0.20644,0.34229,0.39416,0.63272,0.16174,0.14535,0.1689,0.04783,0.0747,106.3,108.3,104.8,49.1,46.4,32.2,60.9,19.4,28.1,83.0,112.5,70.1,181.0
1,175.6,68.5,69,22.23,1.829,0.26088,0.17849,0.19019,0.19402,0.33174,0.382,0.61321,0.15172,0.12404,0.15875,0.04031,0.0701,100.2,92.9,99.0,46.6,43.7,27.0,59.3,18.7,23.8,80.9,109.6,68.3,175.6
1,168.3,71.3,36,25.16,1.826,0.26282,0.18322,0.19426,0.19867,0.33208,0.3824,0.61385,0.15574,0.12669,0.16255,0.04103,0.07075,96.8,89.2,95.4,44.2,41.5,27.0,55.8,17.6,22.8,76.1,103.2,64.3,168.3
1,172.4,60.6,64,20.39,1.704,0.25069,0.17989,0.17714,0.19567,0.32117,0.36983,0.59367,0.15291,0.11553,0.16009,0.03782,0.06722,99.0,84.8,97.9,43.9,41.1,24.7,56.3,17.7,21.9,76.8,104.0,64.8,172.4
1,180.6,90.7,21,27.81,2.134,0.25314,0.18908,0.21092,0.2052,0.31509,0.36283,0.58244,0.16072,0.13756,0.16789,0.04619,0.06842,108.9,105.6,107.4,46.4,43.8,31.2,57.8,18.4,28.0,78.8,106.8,66.5,180.6
1,176.3,84.1,47,27.05,2.029,0.27096,0.19867,0.20261,0.2155,0.3389,0.39025,0.62645,0.16887,0.13214,0.17632,0.04466,0.07314,107.3,95.2,105.8,46.6,43.9,28.4,58.3,18.5,25.4,79.5,107.7,67.1,176.3
1,179.9,87.2,36,26.96,2.088,0.25989,0.19109,0.20326,0.20743,0.32456,0.37374,0.59995,0.16243,0.13256,0.16971,0.04408,0.07019,106.8,98.8,105.4,46.3,43.6,29.1,57.8,18.4,25.9,78.8,106.8,66.5,179.9
1,190.3,90.7,48,25.03,2.19,0.25974,0.18855,0.19953,0.20514,0.32489,0.37412,0.60056,0.16027,0.13013,0.16784,0.04307,0.07011,111.1,102.2,109.9,48.7,45.9,29.0,60.9,19.3,26.7,83.1,112.6,70.2,190.3
1,163.8,71.4,48,26.63,1.803,0.26478,0.18617,0.19323,0.20154,0.33374,0.38431,0.61692,0.15824,0.12602,0.1649,0.04076,0.07132,94.7,85.4,93.2,42.9,40.3,26.4,54.0,17.1,21.8,73.7,99.9,62.2,163.8
1,187.6,112.1,26,31.84,2.417,0.26519,0.21161,0.21144,0.22968,0.32428,0.37341,0.59943,0.17987,0.1379,0.18792,0.04954,0.07202,125.0,108.6,123.3,49.9,47.3,32.3,61.0,19.6,30.8,83.1,112.7,70.2,187.6
1,176.3,74.5,30,23.98,1.91,0.26021,0.18489,0.17406,0.20083,0.32883,0.37866,0.60784,0.15715,0.11352,0.16431,0.03756,0.07004,103.5,84.7,102.2,46.4,43.6,24.8,58.6,18.5,22.1,79.9,108.3,67.5,176.3
1,168.8,72.8,31,25.55,1.847,0.25916,0.17445,0.17978,0.18913,0.32696,0.3765,0.60439,0.14828,0.11725,0.15474,0.0368,0.06979,93.0,83.4,91.7,44.0,41.4,25.2,55.5,17.5,20.7,75.7,102.6,63.9,168.8
1,165.5,58.3,63,21.27,1.637,0.25374,0.17652,0.18457,0.19178,0.32506,0.37431,0.60087,0.15004,0.12037,0.15691,0.03828,0.06804,92.1,83.7,90.9,42.1,39.4,25.1,54.0,16.9,21.0,73.6,99.7,62.1,165.5
1,174.1,66.6,27,21.97,1.794,0.25696,0.1876,0.20277,0.20392,0.32724,0.37682,0.6049,0.15946,0.13224,0.16684,0.04316,0.06902,99.9,93.9,98.8,43.6,40.9,27.4,55.5,17.5,24.2,75.7,102.6,63.9,174.1
1,182.4,84.5,65,25.4,2.069,0.25349,0.19524,0.19418,0.21214,0.31787,0.36603,0.58758,0.16595,0.12664,0.17357,0.04395,0.06838,114.2,98.7,112.8,47.2,44.4,28.7,59.2,18.8,27.1,80.7,109.4,68.1,182.4
1,174.5,90.0,48,29.54,2.089,0.25927,0.1979,0.19561,0.21437,0.32192,0.37069,0.59506,0.16822,0.12757,0.17539,0.04378,0.07013,109.4,94.1,107.8,45.6,43.1,28.5,56.7,18.1,25.5,77.3,104.7,65.2,174.5
1,186.8,84.1,54,24.08,2.089,0.25256,0.17982,0.17968,0.1956,0.3175,0.36561,0.5869,0.15285,0.11718,0.16004,0.03824,0.06808,107.0,93.0,105.8,47.8,45.0,26.5,60.1,19.0,24.0,82.0,111.2,69.3,186.8
1,164.6,65.5,40,24.16,1.73,0.26227,0.20033,0.19782,0.21723,0.33302,0.38348,0.61559,0.17028,0.12901,0.17773,0.04426,0.0705,102.0,87.6,100.5,42.5,39.9,26.7,54.0,17.0,23.7,73.6,99.8,62.1,164.6
1,175.4,72.4,44,23.55,1.879,0.26175,0.18973,0.19055,0.20611,0.33139,0.38161,0.61258,0.16127,0.12427,0.16863,0.04077,0.07042,101.7,88.8,100.5,44.7,42.0,26.0,56.6,17.8,23.0,77.1,104.5,65.1,175.4
1,166.1,63.7,23,23.1,1.715,0.25953,0.19029,0.19245,0.20651,0.33044,0.38051,0.61082,0.16174,0.12551,0.16897,0.04188,0.06971,98.8,86.9,97.5,42.9,40.2,26.2,54.6,17.2,22.9,74.5,101.0,62.9,166.1
1,178.2,83.1,43,26.16,2.028,0.26613,0.18372,0.20049,0.19943,0.33353,0.38407,0.61653,0.15616,0.13075,0.16317,0.04242,0.0718,102.3,97.0,100.9,47.2,44.4,28.6,59.1,18.7,24.9,80.6,109.2,68.1,178.2
1,182.2,66.3,19,19.99,1.832,0.25429,0.16767,0.18668,0.18256,0.32499,0.37423,0.60074,0.14252,0.12175,0.14937,0.03738,0.06823,95.8,92.8,94.8,46.3,43.3,26.0,59.1,18.6,22.5,80.6,109.3,68.1,182.2
1,172.3,90.1,62,30.33,2.077,0.27016,0.18734,0.20599,0.20276,0.33499,0.38575,0.61923,0.15924,0.13434,0.16589,0.04372,0.0731,100.8,96.4,99.1,46.3,43.7,29.5,57.4,18.3,24.8,78.2,106.0,66.0,172.3
1,156.0,55.1,30,22.65,1.545,0.25356,0.1646,0.18865,0.17847,0.32474,0.37394,0.60027,0.13991,0.12303,0.14602,0.03643,0.068,79.7,79.5,78.6,39.1,36.6,24.9,50.1,15.7,18.6,68.3,92.6,57.7,156.0
1,177.0,87.4,68,27.89,2.073,0.26045,0.20503,0.20024,0.22235,0.32472,0.37392,0.60024,0.17428,0.13059,0.18193,0.04572,0.07037,113.3,96.2,111.7,45.8,43.2,28.7,57.1,18.2,26.6,77.9,105.6,65.8,177.0
1,178.8,66.1,67,20.69,1.812,0.25984,0.18351,0.18053,0.19969,0.33172,0.38198,0.61317,0.15599,0.11774,0.16338,0.03848,0.06974,102.3,87.5,101.2,46.1,43.2,25.0,58.9,18.5,22.6,80.3,108.8,67.8,178.8
1,178.5,88.2,36,27.67,2.091,0.27146,0.1884,0.19431,0.20439,0.33843,0.3897,0.62557,0.16014,0.12672,0.16723,0.04161,0.07334,104.5,93.7,103.0,47.9,45.2,27.8,59.7,19.0,24.3,81.4,110.4,68.8,178.5
1,184.8,94.5,18,27.68,2.202,0.26297,0.19015,0.17718,0.20652,0.32677,0.37628,0.60403,0.16163,0.11555,0.16897,0.0394,0.07111,113.4,91.9,112.0,49.9,47.1,26.9,62.0,19.8,24.7,84.6,114.7,71.4,184.8
1,167.5,74.4,57,26.51,1.86,0.27066,0.18885,0.19327,0.20459,0.34065,0.39227,0.62969,0.16053,0.12604,0.16739,0.04165,0.07294,99.4,88.4,97.9,45.3,42.6,27.0,57.0,18.1,23.1,77.8,105.4,65.7,167.5
1,180.6,70.3,49,21.56,1.878,0.25869,0.18685,0.19844,0.20328,0.32901,0.37886,0.60818,0.15882,0.12942,0.16632,0.04294,0.06951,105.5,97.5,104.4,46.5,43.6,27.8,59.1,18.6,25.5,80.7,109.3,68.1,180.6
1,184.4,88.4,39,25.98,2.128,0.26493,0.19817,0.20425,0.21535,0.33121,0.3814,0.61224,0.16844,0.13321,0.17619,0.04582,0.07152,114.1,102.3,112.7,48.6,45.8,29.6,60.7,19.3,27.8,82.8,112.2,69.9,184.4
1,162.2,55.1,65,20.96,1.576,0.25104,0.17687,0.18238,0.19213,0.32236,0.3712,0.59587,0.15034,0.11894,0.1572,0.03786,0.06727,90.3,81.0,89.2,40.8,38.2,24.5,52.4,16.4,20.4,71.5,96.9,60.3,162.2
1,177.9,76.3,46,24.1,1.941,0.25549,0.18154,0.1863,0.19723,0.3225,0.37136,0.59614,0.15431,0.1215,0.16137,0.0393,0.06879,101.2,90.3,100.0,45.3,42.6,26.4,57.2,18.1,23.1,78.0,105.8,65.9,177.9
1,171.7,86.1,19,29.21,2.027,0.26341,0.19519,0.20747,0.21134,0.32793,0.37761,0.60617,0.16591,0.13531,0.17291,0.04601,0.0712,106.4,98.4,104.8,45.7,43.1,30.0,56.9,18.1,26.4,77.6,105.2,65.6,171.7
1,174.9,86.3,57,28.21,2.047,0.25362,0.19105,0.1939,0.20708,0.31623,0.36414,0.58455,0.16239,0.12646,0.16943,0.043,0.06852,107.8,95.2,106.3,45.6,43.0,28.6,56.8,18.1,25.6,77.5,105.0,65.4,174.9
1,178.1,79.6,55,25.09,1.984,0.27277,0.19089,0.20902,0.2073,0.34312,0.39511,0.63425,0.16226,0.13632,0.16961,0.04528,0.07352,105.3,100.2,103.9,47.9,45.0,29.4,60.2,19.1,26.3,82.1,111.3,69.3,178.1
1,171.8,63.9,65,21.62,1.746,0.24675,0.18989,0.17435,0.2064,0.3149,0.36261,0.58208,0.16141,0.11371,0.16887,0.03874,0.06624,104.3,83.3,103.1,43.1,40.4,24.4,55.1,17.3,22.4,75.1,101.8,63.4,171.8
1,170.4,80.1,28,27.57,1.947,0.26542,0.18694,0.19132,0.20251,0.33241,0.38277,0.61445,0.1589,0.12478,0.16569,0.04097,0.07162,100.3,89.3,98.8,45.3,42.7,27.1,56.8,18.0,23.1,77.4,105.0,65.4,170.4
1,175.8,77.5,34,25.1,1.946,0.2539,0.18007,0.18465,0.19548,0.31973,0.36817,0.59101,0.15306,0.12043,0.15994,0.03901,0.06841,100.6,89.7,99.2,45.1,42.4,26.5,56.8,18.0,22.9,77.5,105.1,65.4,175.8
1,167.3,49.5,68,17.67,1.517,0.25657,0.18128,0.16843,0.19743,0.33231,0.38266,0.61427,0.15409,0.10984,0.16154,0.03523,0.06859,93.1,75.2,92.2,41.9,39.1,21.9,54.3,16.9,19.0,74.1,100.4,62.5,167.3
1,167.4,78.8,60,28.15,1.914,0.26608,0.18607,0.19064,0.20139,0.33316,0.38364,0.61584,0.15816,0.12433,0.16477,0.04053,0.0718,97.9,87.3,96.4,44.6,42.0,26.8,55.8,17.7,22.5,76.1,103.2,64.3,167.4
1,180.6,81.3,25,24.94,2.02,0.25776,0.18966,0.19387,0.20606,0.32402,0.37312,0.59895,0.16121,0.12644,0.16859,0.04246,0.06948,108.1,96.1,106.8,46.8,44.0,28.0,58.8,18.6,25.5,80.2,108.7,67.7,180.6
1,166.9,83.5,39,29.98,1.967,0.26522,0.19,0.19872,0.20543,0.33026,0.3803,0.61048,0.1615,0.1296,0.16808,0.04234,0.07168,98.5,89.6,96.8,43.8,41.3,27.8,54.5,17.3,23.1,74.3,100.7,62.8,166.9
1,180.5,69.2,21,21.24,1.862,0.2632,0.18572,0.16192,0.20207,0.33514,0.38592,0.6195,0.15786,0.1056,0.16533,0.03417,0.0707,102.0,77.3,100.9,46.0,43.1,22.0,58.6,18.4,19.8,79.9,108.3,67.5,180.5
1,179.0,54.5,28,17.0,1.645,0.26593,0.18649,0.18412,0.20327,0.34386,0.39596,0.63562,0.15852,0.12008,0.16632,0.04007,0.07112,104.2,89.5,103.3,47.3,44.2,24.9,61.2,19.1,23.6,83.4,113.1,70.4,179.0
1,162.6,69.0,25,26.1,1.765,0.25653,0.18299,0.17867,0.19812,0.32408,0.37318,0.59906,0.15554,0.11653,0.1621,0.03771,0.06906,94.0,79.8,92.5,41.9,39.4,24.7,53.0,16.7,20.4,72.2,97.9,61.0,162.6
1,170.4,75.9,26,26.15,1.896,0.26529,0.18519,0.20117,0.20077,0.33379,0.38437,0.61701,0.15741,0.1312,0.16427,0.0425,0.0715,98.1,92.7,96.7,44.7,42.1,28.0,56.3,17.8,23.7,76.8,104.1,64.8,170.4
1,184.5,66.1,43,19.42,1.84,0.25081,0.1818,0.17796,0.19802,0.32091,0.36954,0.5932,0.15453,0.11606,0.16202,0.03872,0.06728,107.9,91.8,106.8,47.4,44.4,25.5,60.6,19.0,24.2,82.7,112.1,69.8,184.5
1,168.1,61.1,19,21.61,1.689,0.25949,0.17516,0.19956,0.19032,0.33169,0.38195,0.61313,0.14889,0.13015,0.15571,0.04104,0.06963,92.5,91.6,91.3,43.6,40.8,27.2,55.7,17.5,22.8,76.0,103.0,64.2,168.1
1,172.0,112.0,33,37.84,2.313,0.27724,0.20714,0.23693,0.22342,0.33569,0.38655,0.62052,0.17607,0.15452,0.1828,0.05231,0.07549,108.7,108.1,106.6,46.3,44.0,34.1,56.1,18.1,28.9,76.5,103.6,64.6,172.0
1,179.0,76.6,48,23.91,1.951,0.26096,0.18957,0.18785,0.206,0.32945,0.37937,0.60899,0.16114,0.12251,0.16854,0.04096,0.07026,106.3,91.6,105.0,46.6,43.8,26.6,58.8,18.6,24.2,80.2,108.7,67.7,179.0
1,181.4,91.9,23,27.93,2.151,0.26785,0.19822,0.19569,0.21514,0.33314,0.38361,0.6158,0.16848,0.12763,0.17602,0.04383,0.07241,112.8,96.8,111.3,48.5,45.8,28.6,60.3,19.2,26.2,82.3,111.5,69.5,181.4
1,173.6,68.4,38,22.7,1.817,0.2553,0.18998,0.19874,0.20642,0.3244,0.37356,0.59966,0.16148,0.12961,0.16889,0.0435,0.06862,103.6,94.2,102.3,44.3,41.6,27.6,56.3,17.7,25.0,76.8,104.1,64.8,173.6
1,171.0,53.5,43,18.29,1.594,0.25966,0.17131,0.16552,0.18653,0.33519,0.38598,0.61959,0.14561,0.10795,0.15262,0.03386,0.06948,92.6,77.8,91.7,44.7,41.7,22.4,57.7,18.0,19.3,78.6,106.6,66.4,171.0
1,186.2,84.6,36,24.4,2.091,0.27021,0.19214,0.19632,0.20896,0.33942,0.39084,0.62741,0.16332,0.12804,0.17097,0.04325,0.07285,111.8,99.4,110.6,50.1,47.1,28.4,62.9,19.9,26.5,85.8,116.3,72.4,186.2
1,188.5,85.5,45,24.05,2.116,0.26895,0.18727,0.19484,0.20375,0.33789,0.38908,0.62458,0.15918,0.12707,0.1667,0.04196,0.07251,109.6,99.2,108.5,50.1,47.2,28.1,63.0,19.9,25.9,85.9,116.4,72.5,188.5
1,182.8,78.8,25,23.57,2.001,0.26061,0.18175,0.18774,0.19763,0.32882,0.37864,0.60781,0.15449,0.12244,0.1617,0.03997,0.07018,104.9,94.2,103.7,47.9,45.0,27.0,60.4,19.1,24.3,82.4,111.7,69.6,182.8
1,176.1,76.3,31,24.6,1.932,0.23682,0.18599,0.18768,0.20197,0.29867,0.34392,0.55209,0.15809,0.1224,0.16525,0.04149,0.06378,106.9,93.8,105.5,43.3,40.7,27.6,54.6,17.3,25.1,74.5,101.0,62.9,176.1
1,169.4,74.8,41,26.04,1.876,0.26613,0.18564,0.19689,0.20123,0.33512,0.3859,0.61947,0.1578,0.1284,0.16465,0.04177,0.07171,98.1,90.5,96.7,44.8,42.1,27.4,56.4,17.8,23.2,76.9,104.2,64.9,169.4
1,169.3,70.1,65,24.47,1.816,0.26695,0.19263,0.20018,0.20898,0.33789,0.38909,0.62459,0.16373,0.13055,0.17098,0.043,0.07182,99.3,89.7,97.9,43.8,41.1,26.9,55.4,17.5,23.3,75.6,102.4,63.8,169.3
1,179.4,66.7,61,20.71,1.823,0.25585,0.18093,0.18401,0.19689,0.32652,0.37599,0.60357,0.15379,0.12,0.16109,0.03919,0.06868,102.6,90.7,101.5,46.2,43.3,25.8,58.9,18.5,23.4,80.3,108.9,67.8,179.4
1,178.6,85.9,54,26.92,2.065,0.24842,0.18025,0.19695,0.19561,0.31047,0.35751,0.5739,0.15321,0.12845,0.16005,0.04191,0.06707,103.4,98.3,102.1,45.4,42.8,29.1,56.7,18.0,25.3,77.3,104.8,65.3,178.6
1,186.0,64.6,43,18.68,1.828,0.26256,0.186,0.18313,0.20268,0.33664,0.38765,0.62228,0.1581,0.11943,0.16583,0.03956,0.07039,107.6,92.1,106.6,48.3,45.2,25.3,62.0,19.4,24.1,84.5,114.6,71.4,186.0
1,180.4,59.9,48,18.4,1.732,0.25568,0.18545,0.17877,0.20203,0.32882,0.37864,0.60782,0.15763,0.11659,0.16529,0.03803,0.06849,102.4,85.8,101.4,44.9,42.0,24.0,57.8,18.1,22.1,78.8,106.8,66.6,180.4
1,164.2,75.4,68,27.96,1.855,0.26568,0.17942,0.19878,0.19409,0.33341,0.38392,0.6163,0.1525,0.12964,0.1588,0.04082,0.07165,91.8,88.5,90.3,43.3,40.8,27.5,54.3,17.2,22.0,74.1,100.4,62.6,164.2
1,183.4,90.8,49,27.01,2.151,0.27653,0.19802,0.19867,0.21507,0.34466,0.39688,0.6371,0.16832,0.12957,0.17597,0.04382,0.07472,111.2,97.0,109.8,49.4,46.6,28.4,61.6,19.6,25.9,84.0,113.9,70.9,183.4
1,168.0,70.0,67,24.81,1.808,0.26147,0.18325,0.18723,0.19874,0.33079,0.38091,0.61147,0.15577,0.12211,0.1626,0.03926,0.07036,95.6,84.9,94.2,43.4,40.8,25.7,54.9,17.3,21.6,74.9,101.5,63.2,168.0
1,172.6,60.5,58,20.3,1.703,0.26658,0.18736,0.18124,0.20381,0.34161,0.39337,0.63146,0.15926,0.1182,0.16675,0.03913,0.07148,100.5,84.6,99.4,45.5,42.6,24.6,58.4,18.3,22.1,79.6,107.9,67.2,172.6
1,177.4,70.8,19,22.51,1.868,0.25409,0.1742,0.18539,0.18938,0.32254,0.37141,0.59622,0.14807,0.12091,0.15495,0.03829,0.06831,97.8,90.5,96.7,45.4,42.6,26.2,57.7,18.2,22.6,78.6,106.6,66.4,177.4
1,190.5,87.3,42,24.06,2.149,0.26721,0.18686,0.19515,0.20336,0.33539,0.38621,0.61997,0.15884,0.12727,0.16639,0.04222,0.07206,111.3,101.1,110.2,50.7,47.7,28.5,63.6,20.2,26.5,86.7,117.6,73.2,190.5
1,198.8,77.9,69,19.7,2.074,0.2527,0.18427,0.19209,0.20092,0.32125,0.36992,0.59382,0.15663,0.12528,0.16439,0.0416,0.06791,115.1,104.4,114.1,50.3,47.2,27.9,63.9,20.1,27.4,87.1,118.1,73.6,198.8
1,180.1,72.6,61,22.4,1.906,0.26528,0.18392,0.18412,0.20001,0.33648,0.38747,0.62198,0.15633,0.12008,0.16364,0.03946,0.07133,104.1,90.6,102.9,47.8,44.9,26.0,60.6,19.1,23.5,82.7,112.1,69.8,180.1
1,174.1,83.7,19,27.6,2.012,0.26763,0.19424,0.19942,0.21056,0.3345,0.38519,0.61832,0.1651,0.13005,0.17228,0.04405,0.07226,106.7,95.2,105.1,46.8,44.1,28.6,58.5,18.6,25.5,79.7,108.1,67.3,174.1
1,179.5,99.9,59,31.0,2.232,0.27125,0.18848,0.20932,0.20426,0.33422,0.38486,0.6178,0.16021,0.13651,0.16712,0.04488,0.07352,105.9,102.3,104.4,48.5,45.9,30.8,59.8,19.1,26.6,81.5,110.5,68.9,179.5
1,182.2,78.0,18,23.5,1.986,0.25431,0.19124,0.18273,0.20793,0.32104,0.36968,0.59343,0.16255,0.11917,0.17012,0.04086,0.06847,111.6,92.7,110.3,47.2,44.4,26.6,59.6,18.8,25.1,81.3,110.2,68.7,182.2
1,173.1,84.0,53,28.04,2.01,0.25998,0.19644,0.20239,0.21287,0.32465,0.37384,0.60011,0.16698,0.13199,0.17416,0.04449,0.07021,105.5,94.6,104.0,44.5,41.9,28.6,55.5,17.6,25.2,75.7,102.6,63.9,173.1
1,189.0,67.1,29,18.78,1.876,0.25236,0.18437,0.18618,0.20093,0.32311,0.37207,0.59727,0.15671,0.12142,0.1644,0.0407,0.06768,110.9,97.4,109.9,48.3,45.2,26.5,61.9,19.4,25.8,84.4,114.4,71.2,189.0
1,177.2,86.8,26,27.63,2.067,0.26934,0.19552,0.20012,0.21207,0.33606,0.38698,0.6212,0.16619,0.13051,0.17351,0.04449,0.07275,109.3,97.3,107.7,47.9,45.2,29.0,59.8,19.0,26.2,81.5,110.5,68.8,177.2
1,179.2,71.3,53,22.18,1.884,0.26185,0.18418,0.19001,0.20029,0.3325,0.38288,0.61462,0.15655,0.12392,0.16387,0.04059,0.07039,103.2,92.6,102.0,46.7,43.8,26.6,59.3,18.7,23.9,80.9,109.6,68.3,179.2
1,180.5,85.4,58,26.21,2.069,0.25191,0.17984,0.18866,0.19529,0.3153,0.36308,0.58283,0.15286,0.12304,0.15978,0.03992,0.06799,103.4,94.3,102.1,46.1,43.4,27.7,57.7,18.3,24.2,78.7,106.7,66.5,180.5
1,178.7,77.0,45,24.12,1.955,0.24812,0.17763,0.20067,0.19299,0.31306,0.3605,0.57869,0.15098,0.13087,0.1579,0.04268,0.06682,102.7,100.9,101.5,45.7,42.9,29.4,57.6,18.2,26.0,78.6,106.5,66.4,178.7
1,181.8,100.8,55,30.51,2.256,0.27287,0.20471,0.20053,0.222,0.33633,0.38729,0.6217,0.174,0.13078,0.18163,0.04599,0.07395,117.6,100.2,115.9,49.9,47.2,30.0,61.5,19.7,27.8,83.9,113.7,70.8,181.8
1,170.9,64.1,50,21.95,1.744,0.25567,0.18515,0.1691,0.20119,0.32607,0.37547,0.60273,0.15738,0.11028,0.16461,0.03694,0.06864,101.6,80.7,100.3,44.6,41.8,23.8,56.9,17.9,21.3,77.6,105.2,65.6,170.9
1,171.3,80.7,59,27.5,1.96,0.2598,0.1884,0.20674,0.20414,0.32529,0.37458,0.6013,0.16014,0.13483,0.16702,0.04413,0.07011,100.3,95.7,98.8,44.0,41.5,29.0,55.1,17.5,24.7,75.2,101.9,63.5,171.3
1,167.2,67.1,63,24.0,1.766,0.24654,0.1656,0.18489,0.17966,0.31284,0.36024,0.57828,0.14076,0.12058,0.14699,0.03678,0.06629,88.5,86.0,87.3,42.0,39.4,25.9,53.2,16.8,20.7,72.6,98.4,61.3,167.2
1,178.8,78.1,39,24.44,1.97,0.26434,0.18963,0.19435,0.20601,0.33313,0.38361,0.61579,0.16119,0.12675,0.16856,0.04173,0.07121,104.2,92.9,102.9,46.2,43.5,27.1,58.3,18.4,24.1,79.5,107.7,67.1,178.8
1,181.3,80.1,42,24.35,2.008,0.25235,0.18535,0.18855,0.20144,0.31775,0.3659,0.58736,0.15755,0.12297,0.16482,0.04051,0.06799,105.6,93.4,104.3,45.8,43.0,27.0,57.6,18.2,24.3,78.6,106.5,66.4,181.3
1,178.9,70.6,35,22.05,1.873,0.25914,0.18186,0.20118,0.19778,0.32926,0.37915,0.60864,0.15459,0.1312,0.16182,0.0427,0.06965,102.1,98.3,101.0,46.3,43.5,28.2,58.9,18.5,25.2,80.3,108.8,67.8,178.9
1,188.1,88.3,23,24.98,2.148,0.26819,0.1864,0.19255,0.20273,0.3359,0.38679,0.6209,0.15844,0.12558,0.16587,0.04255,0.07237,113.5,102.0,112.2,52.0,49.0,29.1,65.1,20.7,27.3,88.8,120.3,75.0,188.1
1,175.5,76.3,35,24.79,1.929,0.25394,0.19198,0.1972,0.20843,0.32015,0.36866,0.5918,0.16318,0.12861,0.17053,0.04328,0.0684,105.6,94.3,104.2,44.5,41.8,27.8,56.1,17.7,25.1,76.4,103.6,64.5,175.5
1,180.5,84.6,69,25.95,2.059,0.26213,0.19468,0.19732,0.21142,0.32838,0.37813,0.607,0.16548,0.12869,0.17298,0.04386,0.07073,110.5,97.4,109.1,47.4,44.6,28.5,59.3,18.8,26.2,80.9,109.7,68.3,180.5
1,167.3,71.0,33,25.35,1.816,0.26283,0.18487,0.19033,0.2004,0.33206,0.38237,0.61381,0.15714,0.12413,0.16397,0.04108,0.07075,99.1,88.7,97.7,44.8,42.1,26.9,56.7,17.9,23.2,77.3,104.7,65.2,167.3
1,172.6,84.0,32,28.21,2.007,0.26866,0.18114,0.21109,0.19625,0.33538,0.3862,0.61995,0.15397,0.13767,0.16057,0.04407,0.07256,98.1,99.4,96.6,46.3,43.7,30.1,57.8,18.4,25.1,78.8,106.9,66.6,172.6
1,180.7,93.9,65,28.75,2.171,0.2636,0.19048,0.19952,0.20665,0.32705,0.37661,0.60456,0.16191,0.13012,0.16908,0.04358,0.07131,108.8,99.1,107.3,47.9,45.3,29.4,59.5,19.0,26.2,81.1,109.9,68.5,180.7
1,181.9,70.7,25,21.38,1.89,0.25784,0.19449,0.17464,0.21164,0.32796,0.37766,0.60624,0.16532,0.1139,0.17316,0.03924,0.06928,111.5,87.1,110.3,47.0,44.1,24.7,59.8,18.8,23.7,81.6,110.6,68.9,181.9
1,173.3,85.6,30,28.51,2.03,0.25869,0.19404,0.20753,0.21023,0.3225,0.37136,0.59613,0.16494,0.13535,0.17201,0.04556,0.06989,105.6,98.2,104.0,44.8,42.3,29.7,55.9,17.8,26.1,76.2,103.3,64.3,173.3
1,175.0,64.1,60,20.95,1.765,0.25513,0.18151,0.18603,0.19741,0.32591,0.37529,0.60244,0.15428,0.12133,0.16152,0.0397,0.06847,100.5,89.6,99.3,45.0,42.1,25.9,57.4,18.0,23.1,78.3,106.2,66.1,175.0
1,164.1,73.6,24,27.34,1.832,0.26468,0.19109,0.19733,0.2068,0.33283,0.38326,0.61524,0.16243,0.12869,0.1692,0.04263,0.07134,98.2,88.1,96.6,43.3,40.7,27.3,54.4,17.2,23.1,74.2,100.6,62.7,164.1
1,172.8,82.0,34,27.47,1.984,0.26921,0.19229,0.20148,0.20841,0.33686,0.38789,0.62267,0.16345,0.1314,0.17052,0.04408,0.07266,104.5,95.2,103.0,46.6,43.9,28.7,58.3,18.5,25.2,79.5,107.8,67.1,172.8
1,182.2,62.4,67,18.79,1.776,0.25573,0.16699,0.17874,0.1819,0.32822,0.37795,0.60671,0.14194,0.11657,0.14883,0.03556,0.06854,94.9,88.3,94.0,46.3,43.3,24.6,59.4,18.6,21.3,81.0,109.8,68.4,182.2
1,179.8,82.1,49,25.38,2.025,0.25974,0.18546,0.19343,0.20143,0.32614,0.37556,0.60287,0.15764,0.12615,0.16481,0.04172,0.07004,105.6,95.8,104.3,47.1,44.3,28.0,59.1,18.7,25.0,80.6,109.3,68.1,179.8
1,179.3,75.0,39,23.33,1.932,0.25187,0.18192,0.18598,0.19773,0.31856,0.36683,0.58886,0.15463,0.12129,0.16178,0.03991,0.06778,104.1,92.6,102.9,45.9,43.1,26.8,58.0,18.3,24.0,79.1,107.3,66.8,179.3
1,175.9,69.1,68,22.34,1.837,0.25804,0.18804,0.18068,0.2044,0.32796,0.37765,0.60623,0.15984,0.11783,0.16724,0.03963,0.06935,105.0,87.7,103.8,45.9,43.0,25.5,58.3,18.4,23.3,79.5,107.8,67.1,175.9
1,175.6,94.5,30,30.65,2.146,0.27695,0.19998,0.22033,0.21656,0.34243,0.39431,0.63297,0.16998,0.14369,0.17718,0.04854,0.075,108.0,103.4,106.3,47.6,45.0,31.4,58.8,18.8,27.6,80.2,108.8,67.8,175.6
1,170.5,66.0,64,22.69,1.768,0.26638,0.17617,0.17873,0.19134,0.33895,0.3903,0.62654,0.14974,0.11657,0.15655,0.0365,0.07157,93.1,82.1,91.9,44.8,42.0,24.3,57.0,17.9,20.3,77.7,105.3,65.6,170.5
1,180.7,72.4,40,22.18,1.907,0.25858,0.18931,0.20913,0.20591,0.32814,0.37786,0.60657,0.16091,0.13639,0.16847,0.04519,0.06952,105.6,101.4,104.4,45.9,43.1,29.0,58.2,18.4,26.5,79.4,107.7,67.1,180.7
1,178.7,80.8,46,25.31,2.002,0.26845,0.18699,0.20511,0.20306,0.33734,0.38845,0.62356,0.15894,0.13377,0.16614,0.04361,0.07237,103.0,98.2,101.7,47.1,44.3,28.8,59.1,18.7,25.3,80.6,109.3,68.1,178.7
1,179.2,89.1,39,27.74,2.106,0.25944,0.18348,0.18456,0.19908,0.32325,0.37223,0.59753,0.15596,0.12036,0.16288,0.03931,0.07011,104.0,91.0,102.6,46.8,44.2,27.0,58.3,18.6,23.5,79.5,107.8,67.2,179.2
1,171.6,72.1,18,24.5,1.854,0.26748,0.18171,0.19017,0.19719,0.33817,0.3894,0.6251,0.15445,0.12403,0.16134,0.03994,0.07199,97.5,88.7,96.2,45.7,42.9,26.5,57.8,18.2,22.6,78.8,106.8,66.5,171.6
1,159.3,75.7,46,29.81,1.831,0.2632,0.19431,0.19903,0.20975,0.32931,0.3792,0.60872,0.16516,0.1298,0.17161,0.04321,0.07104,97.2,86.5,95.3,41.9,39.5,27.5,52.4,16.6,22.7,71.5,96.9,60.4,159.3
1,183.7,91.5,65,27.1,2.161,0.25939,0.20085,0.20479,0.21815,0.32314,0.3721,0.59731,0.17073,0.13356,0.17849,0.04616,0.0701,114.8,101.8,113.3,47.2,44.5,29.7,58.8,18.7,27.8,80.2,108.7,67.7,183.7
1,171.9,53.3,22,18.05,1.596,0.25329,0.17783,0.16885,0.19367,0.32712,0.37669,0.60468,0.15115,0.11012,0.15845,0.03556,0.06776,96.5,79.6,95.5,43.7,40.8,22.9,56.5,17.6,20.3,77.0,104.4,65.0,171.9
1,169.0,66.0,52,23.12,1.761,0.26228,0.18682,0.18791,0.20282,0.33349,0.38402,0.61645,0.15879,0.12255,0.16595,0.04046,0.07048,99.1,86.6,97.8,44.3,41.5,25.9,56.3,17.7,22.6,76.8,104.1,64.8,169.0
1,180.7,75.1,27,23.01,1.942,0.26234,0.18765,0.18885,0.20403,0.33197,0.38227,0.61364,0.1595,0.12316,0.16693,0.041,0.07059,106.4,93.1,105.2,47.4,44.5,26.8,59.9,18.9,24.5,81.7,110.8,69.0,180.7
1,172.6,80.1,36,26.89,1.959,0.26259,0.19136,0.19239,0.20746,0.32923,0.37911,0.60858,0.16266,0.12547,0.16974,0.0417,0.07084,102.9,90.0,101.4,45.0,42.3,27.1,56.4,17.9,23.6,76.9,104.2,64.9,172.6
1,183.4,57.2,54,17.0,1.707,0.25509,0.18144,0.17174,0.1978,0.32935,0.37925,0.60879,0.15422,0.11201,0.16184,0.03647,0.06825,103.5,85.2,102.6,46.3,43.3,23.3,59.8,18.7,21.9,81.6,110.6,68.9,183.4
1,180.1,119.0,24,36.68,2.44,0.26802,0.19096,0.22926,0.20656,0.32394,0.37302,0.59879,0.16231,0.14951,0.169,0.04927,0.07302,107.9,112.7,106.1,48.2,45.8,34.8,58.3,18.8,29.3,79.5,107.7,67.1,180.1
1,180.6,88.4,63,27.1,2.106,0.26288,0.19207,0.1858,0.2085,0.328,0.3777,0.60631,0.16326,0.12117,0.17059,0.04071,0.07101,108.8,91.5,107.4,47.4,44.7,27.0,59.1,18.8,24.3,80.6,109.3,68.1,180.6
1,165.3,69.9,52,25.59,1.791,0.25755,0.18083,0.19647,0.19593,0.32545,0.37476,0.60159,0.1537,0.12813,0.16031,0.04093,0.06933,93.6,88.4,92.2,42.4,39.9,27.1,53.6,16.9,22.3,73.1,99.1,61.7,165.3
1,184.6,101.8,62,29.88,2.285,0.27951,0.20797,0.21812,0.22571,0.34471,0.39694,0.63719,0.17678,0.14225,0.18468,0.04965,0.07574,117.7,107.3,116.1,50.4,47.6,31.8,62.1,19.9,29.6,84.7,114.8,71.5,184.6
1,177.5,112.0,30,35.57,2.35,0.25975,0.19714,0.21006,0.21317,0.31564,0.36347,0.58346,0.16757,0.13699,0.17441,0.04699,0.07066,112.8,104.5,110.9,47.3,44.9,32.3,57.5,18.5,28.3,78.4,106.3,66.2,177.5
1,172.7,85.1,27,28.52,2.021,0.26142,0.18911,0.19787,0.20486,0.326,0.37539,0.6026,0.16074,0.12905,0.16761,0.04309,0.07063,104.1,94.7,102.6,45.8,43.2,28.7,57.1,18.2,25.0,77.9,105.6,65.8,172.7
1,176.6,90.0,19,28.86,2.101,0.26845,0.18612,0.21357,0.20174,0.3337,0.38426,0.61683,0.1582,0.13928,0.16506,0.04524,0.07259,102.2,102.0,100.7,46.9,44.3,30.6,58.3,18.6,26.2,79.5,107.8,67.2,176.6
1,162.2,67.1,23,25.52,1.739,0.2667,0.19184,0.18667,0.20776,0.3376,0.38875,0.62405,0.16306,0.12174,0.16999,0.04058,0.07176,97.3,82.4,95.8,43.1,40.5,25.5,54.5,17.2,21.7,74.4,100.8,62.8,162.2
1,178.6,78.1,25,24.5,1.969,0.26864,0.19101,0.18865,0.2075,0.33852,0.38981,0.62575,0.16236,0.12303,0.16977,0.04127,0.07237,106.7,91.7,105.4,47.8,44.9,26.8,60.2,19.0,24.3,82.1,111.3,69.3,178.6
1,167.8,65.6,53,23.3,1.749,0.2658,0.18808,0.18569,0.20414,0.33794,0.38915,0.62468,0.15987,0.1211,0.16702,0.03989,0.07142,98.2,84.3,96.8,44.2,41.4,25.3,56.1,17.7,21.9,76.6,103.8,64.6,167.8
1,165.4,60.5,42,22.11,1.666,0.26094,0.17718,0.19362,0.19239,0.3334,0.38391,0.61628,0.1506,0.12627,0.15741,0.04001,0.07002,91.7,87.2,90.6,43.0,40.3,26.2,55.0,17.3,21.8,74.9,101.6,63.3,165.4
1,164.1,60.8,61,22.58,1.664,0.25098,0.1758,0.19312,0.19081,0.32037,0.36891,0.5922,0.14943,0.12595,0.15612,0.03996,0.06737,91.4,87.3,90.2,41.5,38.9,26.5,53.0,16.7,21.9,72.3,98.0,61.0,164.1
1,183.8,69.1,64,20.44,1.878,0.25564,0.1843,0.17562,0.20066,0.32599,0.37538,0.60259,0.15665,0.11454,0.16417,0.03757,0.06864,105.5,87.4,104.4,46.6,43.6,24.5,59.4,18.7,22.6,81.0,109.7,68.4,183.8
1,170.8,72.2,57,24.74,1.85,0.25679,0.18196,0.1992,0.19742,0.32452,0.37369,0.59987,0.15467,0.12991,0.16153,0.04197,0.06912,97.6,92.9,96.3,43.8,41.2,27.8,55.4,17.5,23.7,75.6,102.4,63.8,170.8
1,187.0,68.0,24,19.44,1.879,0.2603,0.18139,0.18727,0.19761,0.33271,0.38313,0.61502,0.15418,0.12213,0.16168,0.04016,0.06984,107.3,96.3,106.3,49.0,45.9,26.5,62.6,19.7,25.0,85.4,115.8,72.1,187.0
1,171.5,75.7,63,25.76,1.899,0.26519,0.17706,0.20804,0.19202,0.33391,0.3845,0.61722,0.1505,0.13568,0.15711,0.04258,0.07145,94.4,96.5,93.1,45.0,42.3,29.0,56.7,17.9,23.9,77.3,104.8,65.3,171.5
1,162.7,65.9,40,24.89,1.726,0.26736,0.18367,0.19484,0.19902,0.33901,0.39038,0.62666,0.15612,0.12707,0.16283,0.04088,0.0719,93.0,85.8,91.6,43.1,40.4,26.4,54.6,17.2,21.8,74.5,101.0,62.9,162.7
1,167.1,71.5,36,25.59,1.821,0.26748,0.19705,0.1928,0.21357,0.3377,0.38887,0.62424,0.16749,0.12574,0.17474,0.04289,0.07202,103.1,87.7,101.6,44.6,41.9,26.7,56.3,17.8,23.6,76.7,104.0,64.8,167.1
1,184.8,79.0,63,23.14,2.014,0.26422,0.19299,0.20459,0.20993,0.33359,0.38413,0.61663,0.16404,0.13343,0.17176,0.04459,0.07114,109.2,100.7,108.0,47.6,44.7,28.7,60.1,19.0,26.6,81.9,111.1,69.2,184.8
1,174.3,120.7,39,39.71,2.417,0.28026,0.21397,0.23705,0.23079,0.33678,0.38781,0.62254,0.18187,0.1546,0.18883,0.05375,0.07646,114.9,110.7,112.7,47.9,45.6,35.0,57.6,18.7,30.4,78.5,106.4,66.3,174.3
1,171.4,90.2,30,30.69,2.072,0.27023,0.20937,0.22672,0.22651,0.33487,0.38561,0.61901,0.17796,0.14786,0.18533,0.05174,0.07313,111.1,104.6,109.2,45.6,43.1,32.1,56.5,18.0,28.9,77.1,104.5,65.1,171.4
1,176.7,64.8,38,20.77,1.784,0.26653,0.1746,0.19802,0.18994,0.34046,0.39204,0.62933,0.14841,0.12914,0.15541,0.03966,0.07153,93.3,92.0,92.3,45.4,42.5,26.4,57.9,18.2,22.3,79.0,107.1,66.7,176.7
1,179.3,83.3,18,25.92,2.037,0.25984,0.18399,0.1967,0.19978,0.32575,0.37511,0.60215,0.15639,0.12828,0.16345,0.04195,0.0701,103.8,96.5,102.5,46.7,44.0,28.4,58.5,18.6,24.9,79.8,108.2,67.4,179.3
1,183.9,77.2,36,22.85,1.986,0.26533,0.18159,0.17967,0.19753,0.33546,0.38629,0.6201,0.15435,0.11718,0.16162,0.03834,0.07141,105.6,90.9,104.5,49.1,46.2,25.9,62.1,19.6,23.5,84.7,114.8,71.5,183.9
1,186.4,74.7,50,21.5,1.966,0.26366,0.19053,0.18522,0.20742,0.33461,0.3853,0.61851,0.16195,0.1208,0.1697,0.0405,0.07089,110.1,93.1,109.0,48.5,45.5,26.1,61.6,19.4,24.6,84.0,113.8,70.9,186.4
1,172.8,61.1,21,20.47,1.713,0.25678,0.18379,0.17109,0.19991,0.32884,0.37866,0.60785,0.15622,0.11158,0.16356,0.03678,0.06886,100.2,81.1,99.0,44.5,41.7,23.5,57.0,17.9,21.1,77.8,105.4,65.7,172.8
1,165.6,73.2,59,26.7,1.835,0.25794,0.18287,0.19304,0.19802,0.32476,0.37397,0.60031,0.15544,0.12589,0.16202,0.04056,0.0695,95.1,87.3,93.6,42.7,40.2,26.8,53.8,17.0,22.2,73.3,99.4,61.9,165.6
1,172.4,67.2,20,22.6,1.793,0.25909,0.18555,0.19098,0.20159,0.32951,0.37944,0.60909,0.15772,0.12455,0.16494,0.04153,0.06962,102.0,91.3,100.7,45.3,42.5,26.9,57.7,18.2,24.0,78.6,106.6,66.4,172.4
1,177.5,91.1,44,28.94,2.119,0.2627,0.19266,0.20424,0.20887,0.32631,0.37575,0.60318,0.16376,0.1332,0.17089,0.0444,0.07105,106.4,98.1,104.9,46.2,43.6,29.4,57.4,18.3,25.8,78.2,106.1,66.1,177.5
1,168.3,82.3,69,29.05,1.961,0.26096,0.19422,0.20413,0.21015,0.32565,0.375,0.60197,0.16509,0.13313,0.17194,0.04541,0.07049,105.0,96.0,103.3,44.9,42.3,29.5,56.0,17.8,25.8,76.4,103.6,64.5,168.3
1,168.3,87.1,58,30.76,2.018,0.26806,0.18785,0.20683,0.20309,0.3327,0.38311,0.61499,0.15968,0.13489,0.16616,0.04408,0.07251,99.5,95.2,97.8,45.2,42.7,29.5,56.1,17.9,24.6,76.5,103.7,64.6,168.3
1,178.1,69.8,52,22.02,1.859,0.25741,0.18219,0.18372,0.19812,0.3272,0.37678,0.60483,0.15486,0.11982,0.1621,0.03907,0.06918,101.9,89.4,100.8,45.8,43.0,25.8,58.3,18.4,23.0,79.5,107.7,67.1,178.1
1,175.1,82.4,45,26.88,2.003,0.26348,0.18571,0.1966,0.20142,0.32992,0.37991,0.60986,0.15785,0.12822,0.1648,0.04219,0.0711,102.8,94.7,101.4,46.4,43.8,28.3,58.2,18.5,24.6,79.3,107.5,67.0,175.1
1,175.7,85.0,23,27.52,2.037,0.25817,0.19165,0.19721,0.20783,0.32249,0.37136,0.59613,0.1629,0.12862,0.17004,0.04392,0.06972,108.7,97.2,107.1,46.6,43.9,29.1,58.2,18.5,26.2,79.4,107.6,67.0,175.7
1,169.8,67.2,23,23.31,1.781,0.25272,0.17584,0.18404,0.1909,0.32101,0.36965,0.59339,0.14946,0.12003,0.15619,0.03866,0.06793,96.4,87.7,95.1,44.1,41.4,26.1,56.0,17.6,22.3,76.4,103.5,64.5,169.8
1,173.8,67.3,61,22.29,1.803,0.25653,0.18036,0.18554,0.196,0.32639,0.37584,0.60333,0.1533,0.121,0.16037,0.03941,0.06892,99.6,89.1,98.4,45.1,42.3,26.1,57.4,18.1,22.9,78.2,106.0,66.1,173.8
1,168.6,90.5,40,31.86,2.059,0.26935,0.2004,0.20216,0.21654,0.33308,0.38355,0.61569,0.17034,0.13184,0.17717,0.04472,0.07293,105.3,92.3,103.4,45.0,42.6,28.7,55.7,17.8,24.7,75.9,103.0,64.1,168.6
1,182.2,85.9,50,25.9,2.086,0.26542,0.19344,0.19396,0.21014,0.33229,0.38264,0.61424,0.16443,0.12649,0.17193,0.04277,0.07163,110.2,96.1,108.9,48.1,45.4,28.0,60.3,19.1,25.7,82.2,111.4,69.4,182.2
1,183.3,92.5,33,27.53,2.17,0.26548,0.19729,0.21861,0.21424,0.33032,0.38036,0.61058,0.1677,0.14257,0.17528,0.04895,0.07177,113.6,109.5,112.2,48.7,45.9,32.1,60.6,19.3,29.7,82.6,111.9,69.7,183.3
1,161.7,57.8,41,22.12,1.611,0.24884,0.1792,0.19015,0.1945,0.31843,0.36668,0.58862,0.15232,0.12401,0.15914,0.04009,0.06675,92.2,85.1,91.0,40.8,38.2,26.0,52.2,16.4,21.7,71.1,96.4,60.1,161.7
1,168.5,59.2,22,20.84,1.665,0.25809,0.17833,0.17234,0.19385,0.33068,0.38078,0.61125,0.15158,0.1124,0.15861,0.03587,0.06921,93.9,78.9,92.8,43.3,40.5,23.3,55.4,17.4,19.9,75.6,102.5,63.8,168.5
1,164.3,62.0,58,22.98,1.682,0.25322,0.17534,0.16394,0.19026,0.3228,0.3717,0.59668,0.14904,0.10692,0.15567,0.03433,0.068,93.0,75.6,91.7,42.8,40.1,22.9,54.5,17.1,19.2,74.3,100.7,62.8,164.3
1,170.6,71.5,59,24.57,1.841,0.25207,0.17895,0.18469,0.19417,0.31876,0.36705,0.58922,0.15211,0.12045,0.15887,0.03952,0.06784,99.5,89.3,98.1,44.6,41.9,26.7,56.4,17.8,23.1,76.9,104.3,65.0,170.6
1,174.9,65.2,30,21.34,1.78,0.26263,0.18206,0.19047,0.19798,0.33507,0.38584,0.61937,0.15475,0.12422,0.16198,0.0406,0.07051,100.4,91.3,99.2,46.1,43.2,26.5,58.8,18.5,23.6,80.2,108.7,67.7,174.9
1,164.6,67.7,64,24.99,1.76,0.26164,0.18274,0.18517,0.19806,0.33136,0.38156,0.61251,0.15533,0.12076,0.16205,0.03926,0.07039,95.3,84.0,93.9,43.4,40.8,25.7,55.0,17.4,21.5,75.0,101.7,63.3,164.6
1,168.6,55.2,29,19.43,1.608,0.25574,0.18042,0.18919,0.19629,0.32918,0.37906,0.60849,0.15335,0.12339,0.1606,0.03955,0.06849,94.1,85.8,93.1,42.5,39.7,25.2,54.7,17.1,21.7,74.5,101.0,62.9,168.6
1,168.0,59.7,22,21.16,1.669,0.25752,0.17226,0.18367,0.18721,0.32968,0.37963,0.60941,0.14642,0.11978,0.15317,0.03727,0.06907,90.7,84.1,89.6,43.2,40.4,24.9,55.2,17.3,20.7,75.3,102.1,63.6,168.0
1,177.1,86.8,54,27.68,2.066,0.26936,0.19994,0.20306,0.21686,0.33607,0.38698,0.62121,0.16995,0.13243,0.17743,0.04494,0.07276,108.5,95.8,107.0,46.5,43.9,28.6,58.1,18.5,25.7,79.2,107.3,66.9,177.1
1,176.0,84.9,48,27.4,2.037,0.26192,0.19013,0.20292,0.2062,0.32726,0.37684,0.60493,0.16161,0.13234,0.16871,0.04433,0.07072,106.0,98.4,104.5,46.5,43.8,29.4,58.1,18.4,26.0,79.2,107.4,66.9,176.0
1,170.1,68.3,45,23.6,1.796,0.26195,0.19088,0.18604,0.20721,0.33239,0.38275,0.61442,0.16225,0.12133,0.16953,0.04052,0.07043,101.3,85.8,99.9,44.2,41.5,25.6,56.1,17.7,22.6,76.5,103.7,64.6,170.1
1,176.8,67.2,45,21.48,1.816,0.26117,0.18121,0.18248,0.19707,0.33277,0.38319,0.61512,0.15403,0.11901,0.16124,0.03877,0.07014,101.0,88.5,99.9,46.4,43.5,25.5,59.1,18.6,22.8,80.5,109.2,68.0,176.8
1,171.4,63.0,47,21.45,1.732,0.26468,0.17513,0.193,0.19036,0.33803,0.38925,0.62485,0.14886,0.12587,0.15575,0.03915,0.07103,92.4,88.5,91.3,44.4,41.6,26.0,56.8,17.8,21.7,77.4,104.9,65.4,171.4
1,173.5,71.2,35,23.67,1.852,0.26612,0.18208,0.18874,0.19774,0.33709,0.38816,0.6231,0.15477,0.12309,0.16178,0.04002,0.07159,99.5,89.7,98.3,46.3,43.5,26.5,58.7,18.5,23.0,80.0,108.4,67.5,173.5
1,188.1,97.5,61,27.57,2.257,0.27063,0.19448,0.21991,0.21136,0.33584,0.38673,0.6208,0.16531,0.14342,0.17293,0.04838,0.07321,113.4,111.5,112.1,50.2,47.4,32.4,62.4,19.9,29.7,85.0,115.3,71.8,188.1
1,185.6,99.0,44,28.77,2.259,0.25802,0.1957,0.2062,0.21251,0.31927,0.36765,0.59017,0.16634,0.13448,0.17387,0.04638,0.06985,116.0,106.2,114.5,48.7,46.0,31.2,60.2,19.2,28.9,82.1,111.3,69.3,185.6
1,165.8,63.8,52,23.23,1.714,0.25523,0.1703,0.19049,0.1848,0.32488,0.3741,0.60054,0.14476,0.12423,0.1512,0.0384,0.06856,89.2,86.8,88.0,42.6,39.9,26.2,54.2,17.1,21.2,73.9,100.2,62.4,165.8
1,181.7,69.5,43,21.05,1.873,0.26193,0.18198,0.18467,0.19805,0.33356,0.3841,0.61659,0.15468,0.12044,0.16204,0.03938,0.07035,104.0,91.8,102.9,47.7,44.7,26.0,60.7,19.1,23.7,82.8,112.2,69.9,181.7
1,181.6,85.9,56,26.05,2.082,0.25998,0.19621,0.2075,0.21312,0.3254,0.3747,0.60149,0.16678,0.13533,0.17437,0.04572,0.07017,109.9,101.0,108.5,46.3,43.6,29.5,58.0,18.4,26.9,79.1,107.2,66.8,181.6
1,166.9,61.6,66,22.12,1.69,0.24321,0.17183,0.17634,0.18661,0.31053,0.35758,0.57402,0.14606,0.115,0.15268,0.03663,0.06528,93.2,83.1,92.0,42.0,39.3,24.9,53.6,16.8,20.9,73.1,99.1,61.7,166.9
1,181.6,76.4,68,23.16,1.963,0.25978,0.18469,0.19129,0.20083,0.32842,0.37818,0.60709,0.15699,0.12475,0.16431,0.04123,0.06992,105.9,95.4,104.7,47.4,44.6,27.4,60.0,18.9,24.9,81.8,110.8,69.0,181.6
1,187.0,106.8,35,30.53,2.356,0.27216,0.19285,0.19965,0.20936,0.33443,0.3851,0.61818,0.16392,0.1302,0.1713,0.04401,0.07382,113.9,102.6,112.5,51.2,48.5,30.3,62.9,20.1,27.4,85.8,116.3,72.4,187.0
1,167.1,79.1,50,28.33,1.916,0.26213,0.1804,0.20047,0.19522,0.32808,0.37779,0.60644,0.15334,0.13074,0.15973,0.04258,0.07075,97.7,94.4,96.2,45.2,42.6,29.1,56.6,18.0,24.3,77.2,104.6,65.2,167.1
1,168.6,72.9,42,25.63,1.847,0.25866,0.18312,0.19383,0.19852,0.32628,0.37572,0.60312,0.15566,0.12641,0.16243,0.04114,0.06966,97.7,89.9,96.3,43.9,41.3,27.2,55.4,17.5,23.1,75.5,102.4,63.8,168.6
1,183.1,69.4,48,20.68,1.878,0.25832,0.17365,0.19473,0.18903,0.32921,0.37909,0.60855,0.1476,0.127,0.15466,0.04079,0.06937,102.3,99.7,101.2,48.4,45.4,28.1,61.7,19.4,25.3,84.2,114.1,71.1,183.1
1,177.5,81.4,54,25.83,2.004,0.25411,0.18572,0.20657,0.20161,0.31892,0.36725,0.58953,0.15786,0.13472,0.16495,0.04544,0.06853,107.3,103.8,105.9,46.7,44.0,30.6,58.7,18.6,27.6,80.0,108.5,67.6,177.5
1,179.6,94.7,19,29.35,2.174,0.25719,0.18929,0.20928,0.20527,0.31863,0.36691,0.58899,0.16089,0.13649,0.16794,0.04537,0.06961,107.2,103.1,105.7,46.4,43.8,30.8,57.5,18.3,27.1,78.4,106.2,66.2,179.6
1,178.1,75.0,50,23.66,1.926,0.25986,0.17955,0.19018,0.19511,0.32848,0.37825,0.60719,0.15262,0.12403,0.15964,0.04002,0.06994,100.9,92.9,99.7,46.5,43.7,27.0,58.7,18.6,23.7,80.1,108.6,67.6,178.1
1,178.4,97.6,56,30.65,2.199,0.26307,0.20569,0.19802,0.22289,0.32472,0.37392,0.60024,0.17484,0.12914,0.18236,0.0454,0.07127,115.7,96.9,114.0,47.1,44.6,29.2,58.2,18.6,26.9,79.3,107.5,67.0,178.4
1,165.6,83.3,60,30.38,1.957,0.27104,0.19935,0.21101,0.21542,0.33733,0.38845,0.62356,0.16945,0.13762,0.17626,0.04671,0.07326,103.3,95.1,101.5,44.7,42.2,29.7,55.6,17.7,25.5,75.9,102.8,64.1,165.6
1,183.4,108.0,60,32.12,2.345,0.26576,0.18572,0.21013,0.20136,0.32548,0.37479,0.60164,0.15786,0.13704,0.16475,0.04516,0.07215,108.4,106.7,106.9,49.4,46.8,32.0,60.5,19.4,27.7,82.5,111.8,69.6,183.4
1,184.3,89.0,49,26.2,2.134,0.2643,0.19098,0.20737,0.20751,0.3302,0.38023,0.61038,0.16233,0.13524,0.16978,0.04459,0.07137,107.7,101.7,106.4,47.4,44.7,29.5,59.3,18.8,26.5,80.8,109.5,68.2,184.3
1,173.8,82.5,35,27.33,1.996,0.25571,0.19144,0.21152,0.20754,0.31994,0.36842,0.59141,0.16272,0.13795,0.16981,0.04614,0.06902,104.6,100.5,103.1,44.5,41.9,30.2,55.6,17.7,26.5,75.9,102.8,64.1,173.8
1,175.2,94.9,34,30.94,2.149,0.27214,0.20154,0.20348,0.2182,0.33623,0.38717,0.62151,0.17131,0.13271,0.17853,0.04512,0.07371,108.8,95.5,107.1,46.8,44.2,29.1,57.8,18.5,25.6,78.8,106.8,66.5,175.2
1,164.0,72.0,51,26.77,1.811,0.24299,0.17462,0.18256,0.18903,0.30611,0.35249,0.56585,0.14843,0.11906,0.15466,0.03774,0.06546,92.3,83.9,90.8,40.9,38.4,25.9,51.5,16.3,21.0,70.2,95.2,59.3,164.0
1,179.4,74.7,56,23.22,1.929,0.25489,0.18895,0.18562,0.2054,0.32249,0.37135,0.59612,0.16061,0.12105,0.16805,0.0409,0.06859,107.8,92.1,106.5,46.3,43.5,26.6,58.6,18.5,24.6,79.9,108.3,67.4,179.4
1,179.8,75.6,24,23.4,1.944,0.26494,0.19181,0.19855,0.2085,0.33494,0.38569,0.61913,0.16304,0.12949,0.17059,0.04348,0.07131,107.2,96.5,106.0,47.1,44.3,27.9,59.6,18.8,25.6,81.3,110.2,68.6,179.8
1,175.0,79.5,59,25.94,1.966,0.25627,0.19037,0.1987,0.20656,0.32193,0.3707,0.59508,0.16181,0.12959,0.169,0.0434,0.0691,105.0,95.3,103.6,45.0,42.4,28.3,56.5,17.9,25.2,77.1,104.5,65.1,175.0
1,183.9,69.8,52,20.62,1.888,0.25986,0.18601,0.17523,0.20251,0.33114,0.38132,0.61211,0.15811,0.11428,0.16569,0.0385,0.06979,109.2,89.5,108.1,48.6,45.5,25.1,61.9,19.5,23.8,84.4,114.4,71.3,183.9
1,173.0,73.3,47,24.5,1.877,0.26003,0.18311,0.19169,0.19876,0.32854,0.37832,0.60731,0.15565,0.12502,0.16262,0.04151,0.07,102.3,93.2,101.0,46.3,43.5,27.7,58.4,18.5,24.4,79.7,108.0,67.3,173.0
1,179.7,95.3,29,29.5,2.181,0.26397,0.19935,0.19658,0.21617,0.32685,0.37637,0.60417,0.16945,0.1282,0.17687,0.04374,0.07145,111.3,95.5,109.8,46.9,44.3,28.5,58.1,18.5,25.7,79.2,107.4,66.9,179.7
1,167.9,50.8,52,18.02,1.538,0.25608,0.18544,0.17152,0.20192,0.33124,0.38143,0.61229,0.15763,0.11186,0.16521,0.03692,0.06848,96.8,77.9,95.9,42.6,39.7,22.7,55.1,17.2,20.3,75.1,101.8,63.4,167.9
1,175.3,96.8,28,31.51,2.172,0.27394,0.20394,0.20755,0.22075,0.33779,0.38897,0.62441,0.17335,0.13536,0.18062,0.04688,0.07423,111.9,99.0,110.1,47.9,45.3,30.2,59.0,18.9,27.1,80.5,109.1,67.9,175.3
1,174.2,89.9,61,29.62,2.085,0.26381,0.18735,0.19722,0.20291,0.32754,0.37716,0.60545,0.15925,0.12862,0.16602,0.04239,0.07136,103.3,94.6,101.7,46.3,43.7,28.7,57.5,18.3,24.6,78.4,106.3,66.2,174.2
1,177.2,73.3,21,23.36,1.9,0.24919,0.18515,0.19312,0.2012,0.31544,0.36323,0.58309,0.15738,0.12595,0.16462,0.04199,0.06705,104.8,95.1,103.5,44.9,42.2,27.7,56.8,17.9,25.0,77.5,105.1,65.5,177.2
1,172.7,81.0,42,27.15,1.972,0.26249,0.18576,0.19939,0.20136,0.32879,0.37861,0.60777,0.1579,0.13004,0.16475,0.04254,0.07083,100.9,94.2,99.4,45.4,42.7,28.4,56.8,18.0,24.3,77.5,105.1,65.4,172.7
1,174.5,76.3,65,25.04,1.923,0.2523,0.18594,0.20245,0.20182,0.31797,0.36615,0.58776,0.15805,0.13203,0.16513,0.04406,0.06797,104.0,98.5,102.6,44.9,42.2,29.2,56.6,17.9,25.9,77.2,104.6,65.2,174.5
1,181.7,99.4,49,30.1,2.239,0.27019,0.19643,0.20175,0.21305,0.33351,0.38404,0.61649,0.16697,0.13158,0.17431,0.04514,0.0732,113.4,101.3,111.8,49.7,47.0,30.2,61.3,19.6,27.4,83.6,113.3,70.6,181.7
1,172.2,86.0,37,29.0,2.029,0.27326,0.18784,0.20416,0.20342,0.34032,0.39188,0.62907,0.15967,0.13314,0.16644,0.04314,0.07385,99.7,94.3,98.2,46.2,43.6,28.7,57.5,18.3,24.1,78.4,106.3,66.2,172.2
1,163.5,54.2,67,20.29,1.569,0.24789,0.17253,0.18344,0.18753,0.31883,0.36713,0.58934,0.14665,0.11963,0.15343,0.03817,0.0664,91.1,84.2,90.0,41.7,39.0,25.3,53.6,16.8,21.2,73.1,99.1,61.7,163.5
1,188.6,97.2,48,27.33,2.257,0.26924,0.19643,0.20261,0.21351,0.3343,0.38495,0.61795,0.16697,0.13214,0.17469,0.04501,0.07282,115.2,103.3,113.9,50.3,47.5,29.9,62.4,19.9,27.8,85.1,115.4,71.9,188.6
1,185.9,83.8,21,24.27,2.08,0.26141,0.18932,0.20972,0.20589,0.32857,0.37835,0.60736,0.16092,0.13677,0.16846,0.04511,0.07047,108.1,104.1,106.9,47.5,44.7,29.8,59.7,18.9,27.1,81.4,110.4,68.8,185.9
1,165.8,69.7,55,25.34,1.791,0.26022,0.18983,0.19824,0.20574,0.329,0.37885,0.60816,0.16136,0.12929,0.16833,0.04258,0.07004,97.7,88.7,96.2,42.6,40.0,27.1,53.9,17.0,23.1,73.5,99.6,62.1,165.8
1,180.7,73.2,64,22.44,1.917,0.26996,0.18952,0.17155,0.20611,0.34228,0.39415,0.63271,0.16109,0.11188,0.16864,0.03743,0.0726,106.9,84.2,105.7,48.5,45.5,24.1,61.5,19.4,22.2,83.8,113.6,70.8,180.7
1,171.7,95.9,18,32.53,2.139,0.26635,0.19591,0.21752,0.21179,0.32806,0.37776,0.60641,0.16653,0.14186,0.17328,0.04789,0.0722,106.4,102.8,104.6,46.1,43.6,31.8,56.7,18.2,27.4,77.4,104.9,65.3,171.7
1,177.5,92.1,20,29.25,2.131,0.26828,0.19316,0.20853,0.20938,0.33288,0.38332,0.61533,0.16418,0.13599,0.17131,0.046,0.07258,108.8,102.1,107.2,48.1,45.4,30.7,59.7,19.0,27.3,81.3,110.3,68.7,177.5
1,177.7,70.7,54,22.4,1.869,0.2523,0.18459,0.18813,0.20068,0.32035,0.36889,0.59216,0.1569,0.12269,0.16419,0.04144,0.06782,106.6,94.5,105.4,46.4,43.5,27.3,58.9,18.6,25.2,80.3,108.9,67.8,177.7
1,173.7,61.8,39,20.49,1.728,0.26472,0.18259,0.16857,0.19861,0.33886,0.39021,0.62638,0.1552,0.10994,0.1625,0.03594,0.071,99.6,80.0,98.5,46.0,43.0,23.2,58.8,18.5,20.6,80.2,108.8,67.8,173.7
1,169.6,68.0,34,23.62,1.789,0.24813,0.18392,0.18255,0.19963,0.3149,0.36261,0.58208,0.15633,0.11905,0.16333,0.03903,0.06671,98.6,85.1,97.3,42.3,39.7,25.4,53.7,16.9,22.0,73.3,99.3,61.9,169.6
1,170.3,77.5,31,26.71,1.915,0.25902,0.18126,0.18915,0.19644,0.32532,0.37461,0.60134,0.15407,0.12336,0.16072,0.0399,0.06984,98.0,88.9,96.6,44.6,42.0,26.9,56.0,17.7,22.7,76.4,103.5,64.5,170.3
1,168.6,73.8,58,25.95,1.859,0.27041,0.19087,0.18709,0.20689,0.34075,0.39238,0.62988,0.16224,0.12201,0.16927,0.04073,0.07284,101.1,86.2,99.7,45.6,42.9,26.1,57.5,18.2,22.7,78.4,106.2,66.2,168.6
1,169.3,86.5,52,30.2,2.017,0.27089,0.19562,0.21773,0.21159,0.33663,0.38763,0.62225,0.16628,0.142,0.17312,0.04777,0.07325,103.9,100.6,102.2,45.8,43.2,31.0,56.9,18.1,26.7,77.6,105.2,65.5,169.3
1,175.0,86.3,30,28.18,2.048,0.26908,0.19712,0.19812,0.21367,0.33552,0.38635,0.6202,0.16756,0.12921,0.17482,0.04439,0.0727,109.4,95.6,107.8,47.5,44.8,28.8,59.3,18.8,25.9,80.8,109.6,68.3,175.0
1,170.1,83.8,52,28.95,1.99,0.27099,0.19676,0.20529,0.213,0.33794,0.38914,0.62468,0.16725,0.13388,0.17427,0.04463,0.07321,102.7,93.2,101.0,45.0,42.5,28.5,56.1,17.8,24.5,76.5,103.8,64.6,170.1
1,180.6,85.7,60,26.29,2.074,0.26376,0.18145,0.20363,0.19703,0.33003,0.38004,0.61006,0.15423,0.1328,0.16121,0.04259,0.07119,101.8,99.4,100.5,47.1,44.4,29.1,59.0,18.7,25.2,80.4,109.0,67.9,180.6
1,186.7,70.8,19,20.32,1.916,0.25705,0.17465,0.19128,0.1902,0.32757,0.3772,0.6055,0.14845,0.12475,0.15562,0.03919,0.06903,101.1,96.2,100.0,47.3,44.4,26.7,60.3,19.0,23.9,82.3,111.5,69.5,186.7
1,171.1,71.2,64,24.3,1.84,0.25468,0.18898,0.16485,0.2051,0.32226,0.37109,0.59569,0.16063,0.10751,0.16781,0.03583,0.06853,101.8,77.2,100.4,43.7,41.0,23.0,55.2,17.4,20.3,75.3,102.1,63.6,171.1
1,177.3,92.2,30,29.34,2.131,0.27238,0.19199,0.19957,0.20809,0.3379,0.38909,0.6246,0.16319,0.13015,0.17026,0.04328,0.07369,106.1,95.9,104.6,47.9,45.3,28.8,59.5,19.0,25.2,81.1,109.9,68.5,177.3
1,179.2,79.8,68,24.84,1.993,0.26139,0.18727,0.18007,0.20343,0.32891,0.37874,0.60798,0.15918,0.11743,0.16644,0.03931,0.07044,106.9,89.4,105.6,47.5,44.7,26.1,59.8,18.9,23.6,81.5,110.5,68.8,179.2
1,179.0,86.5,33,26.99,2.074,0.26645,0.19317,0.20353,0.20965,0.33285,0.38329,0.61528,0.1642,0.13273,0.17153,0.0445,0.07195,107.6,98.6,106.1,47.2,44.5,29.1,59.0,18.7,26.1,80.5,109.1,67.9,179.0
1,176.1,74.0,35,23.86,1.902,0.26285,0.18386,0.18777,0.19972,0.33233,0.38269,0.61431,0.15628,0.12246,0.16341,0.04013,0.07074,102.0,90.6,100.7,46.4,43.6,26.6,58.7,18.5,23.4,80.0,108.5,67.6,176.1
1,181.1,70.3,24,21.45,1.881,0.25617,0.17917,0.18331,0.19495,0.32587,0.37524,0.60236,0.1523,0.11955,0.1595,0.03902,0.06883,103.5,92.1,102.4,47.1,44.2,26.2,59.9,18.9,23.7,81.7,110.8,69.0,181.1
1,179.1,78.8,62,24.57,1.98,0.26695,0.18203,0.17672,0.19775,0.33624,0.38718,0.62153,0.15472,0.11525,0.16179,0.03742,0.07192,102.5,86.5,101.2,47.8,45.0,25.2,60.2,19.1,22.2,82.2,111.4,69.4,179.1
1,166.2,72.4,53,26.22,1.829,0.26561,0.18622,0.19049,0.20173,0.33481,0.38554,0.6189,0.15828,0.12424,0.16505,0.04076,0.07154,97.7,86.9,96.2,44.3,41.7,26.6,55.9,17.7,22.5,76.2,103.3,64.4,166.2
1,182.0,75.2,58,22.68,1.949,0.26398,0.18762,0.20441,0.20406,0.33422,0.38486,0.6178,0.15948,0.13331,0.16696,0.04332,0.07102,103.7,98.2,102.5,46.4,43.6,28.1,58.8,18.5,25.2,80.2,108.7,67.7,182.0
1,182.2,80.2,47,24.16,2.014,0.26516,0.18595,0.2047,0.20213,0.33397,0.38458,0.61734,0.15806,0.1335,0.16538,0.0439,0.07144,105.7,101.2,104.5,48.0,45.1,29.2,60.4,19.1,26.3,82.4,111.7,69.6,182.2
1,169.8,62.7,59,21.74,1.719,0.25575,0.18367,0.19426,0.19958,0.32654,0.37602,0.60361,0.15612,0.12669,0.16329,0.04073,0.06864,95.7,88.0,94.5,42.4,39.7,26.0,54.2,17.0,22.3,73.8,100.1,62.4,169.8
1,175.8,91.5,58,29.6,2.113,0.27125,0.19588,0.19594,0.21223,0.33649,0.38748,0.622,0.1665,0.12779,0.17364,0.04277,0.07339,106.4,92.5,104.8,46.9,44.3,28.0,58.2,18.5,24.4,79.3,107.5,67.0,175.8
1,180.6,78.1,24,23.95,1.98,0.26494,0.19151,0.20148,0.20815,0.33418,0.38481,0.61772,0.16278,0.1314,0.1703,0.04436,0.07135,108.6,99.4,107.3,47.8,45.0,28.7,60.3,19.1,26.5,82.3,111.5,69.5,180.6
1,173.9,94.1,32,31.12,2.133,0.25832,0.19377,0.21111,0.20972,0.31919,0.36755,0.59002,0.16471,0.13768,0.17159,0.04631,0.06996,106.6,101.0,104.9,45.2,42.8,30.9,55.9,17.9,26.8,76.2,103.3,64.4,173.9
1,183.5,106.1,57,31.48,2.325,0.25969,0.19913,0.20329,0.21596,0.31871,0.367,0.58913,0.16926,0.13258,0.1767,0.04634,0.07046,117.9,104.7,116.2,48.9,46.4,31.3,60.1,19.3,28.9,81.9,111.0,69.2,183.5
1,193.2,92.3,36,24.73,2.226,0.26049,0.19577,0.17795,0.21309,0.32575,0.37511,0.60215,0.1664,0.11605,0.17435,0.04036,0.07032,120.4,95.2,119.2,51.0,48.1,26.8,63.8,20.2,26.1,87.0,117.9,73.4,193.2
1,169.6,61.9,60,21.51,1.708,0.26203,0.18731,0.19284,0.20355,0.33484,0.38557,0.61895,0.15921,0.12576,0.16654,0.0415,0.07031,98.8,88.5,97.6,44.0,41.2,26.1,56.2,17.7,23.0,76.7,103.9,64.8,169.6
1,165.1,49.9,54,18.3,1.513,0.25254,0.1775,0.17094,0.19321,0.32667,0.37617,0.60385,0.15087,0.11148,0.15808,0.03589,0.06753,92.5,77.5,91.5,41.9,39.1,22.9,54.2,16.9,19.7,73.9,100.2,62.4,165.1
1,177.8,63.4,19,20.07,1.77,0.25321,0.18269,0.18582,0.19883,0.32408,0.37318,0.59906,0.15529,0.12119,0.16268,0.03956,0.06792,101.5,89.7,100.4,44.8,41.9,25.6,57.3,18.0,23.1,78.1,105.9,66.0,177.8
1,180.9,66.7,59,20.37,1.83,0.25028,0.17986,0.17844,0.19578,0.3196,0.36803,0.59078,0.15288,0.11637,0.16018,0.03862,0.06717,105.4,91.0,104.3,46.7,43.8,25.7,59.6,18.7,23.8,81.3,110.2,68.7,180.9
1,173.8,92.9,65,30.78,2.118,0.25968,0.19714,0.21987,0.21339,0.32127,0.36994,0.59386,0.16757,0.14339,0.17459,0.04839,0.07031,106.9,103.7,105.2,44.8,42.4,31.7,55.4,17.7,27.6,75.6,102.5,63.9,173.8
1,186.4,88.5,30,25.47,2.14,0.26683,0.1984,0.19869,0.2157,0.33387,0.38445,0.61715,0.16864,0.12958,0.17648,0.04436,0.07202,114.3,99.5,113.0,48.9,46.1,28.6,61.2,19.4,26.9,83.5,113.2,70.5,186.4
1,165.5,72.6,57,26.53,1.827,0.25272,0.18582,0.18899,0.20123,0.31837,0.36661,0.58851,0.15794,0.12325,0.16464,0.04102,0.06809,99.2,87.8,97.7,43.0,40.4,27.0,54.1,17.1,23.1,73.8,100.0,62.3,165.5
1,180.7,58.6,58,17.94,1.715,0.25694,0.17613,0.19021,0.19192,0.33095,0.38109,0.61175,0.14971,0.12405,0.15703,0.03951,0.06879,99.4,93.4,98.5,46.2,43.2,26.0,59.5,18.6,23.5,81.1,109.9,68.5,180.7
1,171.0,61.1,60,20.91,1.704,0.26013,0.18871,0.18161,0.20518,0.33288,0.38332,0.61533,0.16041,0.11844,0.16787,0.03907,0.06977,99.4,83.1,98.2,43.6,40.8,24.4,55.8,17.5,21.7,76.1,103.1,64.2,171.0
1,188.4,101.5,60,28.59,2.304,0.26541,0.20031,0.21615,0.21765,0.32811,0.37783,0.60652,0.17027,0.14097,0.17807,0.04808,0.07187,115.6,108.5,114.2,48.8,46.1,31.6,60.3,19.3,29.2,82.2,111.5,69.4,188.4
1,190.4,94.8,48,26.13,2.239,0.26095,0.1893,0.19582,0.20589,0.32511,0.37437,0.60096,0.16091,0.12771,0.16846,0.04302,0.07052,114.1,102.7,112.8,50.1,47.2,29.3,62.4,19.8,27.3,85.1,115.3,71.8,190.4
1,169.8,70.5,33,24.48,1.824,0.26874,0.1847,0.18511,0.20039,0.34008,0.3916,0.62863,0.15699,0.12073,0.16396,0.03911,0.07231,97.4,84.8,96.0,45.1,42.4,25.5,57.1,18.0,21.7,77.8,105.5,65.7,169.8
1,171.4,80.0,59,27.24,1.952,0.27578,0.1946,0.20142,0.21088,0.34558,0.39794,0.6388,0.16541,0.13136,0.17254,0.04371,0.0744,102.6,92.3,101.1,46.3,43.6,27.9,58.0,18.4,24.3,79.1,107.2,66.8,171.4
1,181.9,105.9,61,31.99,2.313,0.28393,0.206,0.21763,0.22329,0.34818,0.40094,0.64361,0.1751,0.14193,0.18269,0.04957,0.07705,117.0,107.5,115.3,51.4,48.6,32.4,63.0,20.2,29.6,85.9,116.4,72.5,181.9
1,172.6,72.1,23,24.21,1.86,0.27492,0.1939,0.20481,0.21049,0.34774,0.40043,0.64279,0.16482,0.13357,0.17222,0.04472,0.07398,103.2,94.7,101.8,46.6,43.7,28.1,58.9,18.6,25.0,80.3,108.8,67.8,172.6
1,175.2,77.6,45,25.29,1.943,0.25574,0.18923,0.20491,0.20539,0.32193,0.3707,0.59508,0.16084,0.13364,0.16804,0.04453,0.06891,104.2,98.1,102.8,44.8,42.2,29.1,56.4,17.9,25.8,76.9,104.3,65.0,175.2
1,175.7,79.5,49,25.76,1.97,0.26203,0.19266,0.19363,0.20909,0.32924,0.37913,0.6086,0.16376,0.12628,0.17107,0.04241,0.07064,105.7,92.4,104.3,45.8,43.1,27.4,57.5,18.2,24.5,78.4,106.3,66.2,175.7
1,161.1,93.0,61,35.83,2.04,0.26623,0.20559,0.2035,0.22122,0.32677,0.37629,0.60404,0.17475,0.13272,0.181,0.04571,0.07223,105.0,90.4,102.7,43.3,41.0,29.1,53.1,17.0,24.6,72.5,98.2,61.2,161.1
1,175.4,56.2,27,18.27,1.655,0.25495,0.17562,0.17501,0.19127,0.32862,0.37841,0.60745,0.14928,0.11413,0.1565,0.03644,0.06825,97.0,84.1,96.1,44.8,41.9,23.9,57.8,18.1,21.2,78.8,106.8,66.5,175.4
1,170.3,80.4,67,27.73,1.951,0.2657,0.18493,0.18991,0.20031,0.33261,0.383,0.61482,0.15719,0.12385,0.16389,0.04008,0.07171,98.3,87.8,96.8,45.0,42.4,26.7,56.3,17.9,22.4,76.8,104.0,64.8,170.3
1,171.8,72.6,35,24.6,1.862,0.27085,0.19097,0.18768,0.20724,0.34228,0.39414,0.63269,0.16232,0.1224,0.16956,0.04137,0.0729,104.2,89.0,102.8,47.0,44.2,26.5,59.4,18.8,23.8,81.0,109.8,68.4,171.8
1,186.3,94.6,21,27.25,2.213,0.25877,0.18867,0.19718,0.205,0.32178,0.37053,0.5948,0.16037,0.12859,0.16773,0.04292,0.06996,110.8,100.7,109.5,48.4,45.7,29.3,60.2,19.2,26.5,82.0,111.2,69.3,186.3
1,166.1,62.5,26,22.68,1.699,0.25805,0.18023,0.1934,0.19565,0.329,0.37885,0.60816,0.1532,0.12613,0.16008,0.0402,0.06929,93.0,86.8,91.8,42.4,39.7,26.1,54.0,17.0,21.8,73.7,99.9,62.2,166.1
1,181.6,81.9,24,24.84,2.033,0.27954,0.18314,0.18231,0.19901,0.35134,0.40458,0.64945,0.15567,0.1189,0.16283,0.03794,0.07536,101.4,87.7,100.1,49.2,46.3,25.5,61.9,19.6,22.1,84.4,114.4,71.3,181.6
1,173.4,83.7,67,27.85,2.008,0.25287,0.18815,0.18723,0.20391,0.31591,0.36378,0.58396,0.15993,0.12211,0.16684,0.04119,0.06828,105.8,91.5,104.2,45.2,42.6,27.6,56.5,18.0,24.4,77.1,104.5,65.1,173.4
1,173.4,120.0,25,39.92,2.405,0.28498,0.20457,0.22627,0.22056,0.34246,0.39435,0.63303,0.17388,0.14757,0.18046,0.04942,0.07775,108.2,104.1,106.1,48.0,45.7,33.0,57.7,18.7,27.5,78.6,106.6,66.4,173.4
1,181.4,93.0,60,28.25,2.165,0.27007,0.18791,0.21054,0.20392,0.33552,0.38635,0.6202,0.15972,0.13731,0.16685,0.04553,0.07304,107.5,104.8,106.1,49.2,46.4,31.0,61.1,19.5,27.4,83.3,113.0,70.4,181.4
1,178.1,69.9,24,22.04,1.859,0.26594,0.18885,0.18107,0.20535,0.33803,0.38925,0.62485,0.16052,0.11809,0.16802,0.03914,0.07147,104.1,86.8,102.9,46.7,43.8,25.0,59.3,18.7,22.7,80.9,109.7,68.3,178.1
0,178.1,59.7,56,18.82,1.718,0.23838,0.17021,0.16031,0.2071,0.32682,0.36767,0.61279,0.14468,0.10455,0.16944,0.04349,0.06049,93.6,76.7,103.5,41.7,37.0,23.7,57.2,16.7,25.2,78.7,107.3,64.4,178.1
0,175.2,82.3,66,26.8,2.001,0.24897,0.17566,0.17207,0.2135,0.33366,0.37536,0.62561,0.14931,0.11222,0.17468,0.04809,0.06377,94.5,80.5,104.4,42.6,38.1,27.7,57.1,16.9,27.2,78.5,107.1,64.3,175.2
0,154.6,77.3,43,32.35,1.822,0.23314,0.17721,0.18034,0.21458,0.31085,0.34971,0.58285,0.15063,0.11761,0.17557,0.05097,0.05983,87.0,77.0,95.8,36.4,32.6,28.9,48.6,14.4,26.3,66.8,91.1,54.7,154.6
0,173.3,80.8,43,26.92,1.972,0.23549,0.16979,0.17234,0.20632,0.31575,0.35522,0.59204,0.14432,0.1124,0.1688,0.04784,0.0603,92.7,81.8,102.4,40.9,36.6,28.2,54.9,16.2,27.5,75.5,102.9,61.8,173.3
0,159.8,63.6,53,24.9,1.68,0.23825,0.16723,0.16437,0.20299,0.32317,0.36356,0.60594,0.14214,0.1072,0.16608,0.04437,0.06072,84.0,71.8,92.7,38.1,33.9,24.9,51.7,15.2,23.5,71.1,96.9,58.1,159.8
0,163.4,68.8,60,25.78,1.767,0.22583,0.17235,0.16109,0.20924,0.30511,0.34325,0.57208,0.1465,0.10506,0.1712,0.04478,0.05765,88.9,72.3,98.2,37.1,33.1,25.1,50.1,14.8,24.3,68.9,94.0,56.4,163.4
0,162.1,80.3,52,30.59,1.902,0.2515,0.17934,0.16361,0.21749,0.33558,0.37752,0.6292,0.15244,0.1067,0.17795,0.04604,0.06453,89.5,71.0,98.7,40.0,35.8,25.9,53.3,15.8,24.2,73.3,100.0,60.0,162.1
0,158.0,51.7,60,20.73,1.507,0.23424,0.16265,0.15807,0.1976,0.32157,0.36177,0.60295,0.13825,0.10309,0.16167,0.04159,0.05941,80.8,68.3,89.3,37.1,32.8,22.7,50.9,14.8,21.8,69.9,95.4,57.2,158.0
0,169.2,67.5,52,23.59,1.782,0.23094,0.15819,0.16228,0.19223,0.31319,0.35233,0.58722,0.13446,0.10584,0.15728,0.04311,0.05887,86.2,76.9,95.2,40.0,35.6,25.7,54.3,16.0,24.7,74.7,101.8,61.1,169.2
0,163.4,59.4,29,22.27,1.642,0.22475,0.17094,0.14841,0.20767,0.30663,0.34495,0.57492,0.1453,0.09679,0.16992,0.04102,0.05715,88.6,66.9,97.8,37.1,32.9,22.3,50.6,14.8,22.4,69.5,94.8,56.9,163.4
0,159.3,50.0,50,19.72,1.487,0.22121,0.16135,0.14407,0.19609,0.30438,0.34243,0.57072,0.13715,0.09396,0.16043,0.03833,0.05605,82.7,64.2,91.4,36.1,31.9,21.0,49.7,14.5,20.7,68.3,93.1,55.9,159.3
0,153.6,53.7,53,22.74,1.513,0.23131,0.16968,0.16044,0.20596,0.31636,0.35591,0.59318,0.14423,0.10463,0.16851,0.04357,0.05876,82.2,67.6,90.7,35.7,31.6,23.3,48.8,14.2,22.2,67.1,91.4,54.9,153.6
0,156.4,71.0,31,29.03,1.757,0.24445,0.18414,0.17397,0.22321,0.32845,0.3695,0.61584,0.15652,0.11346,0.18263,0.04988,0.06254,89.6,73.6,98.7,37.9,33.8,26.7,50.9,15.0,25.5,69.9,95.4,57.2,156.4
0,151.3,60.6,50,26.48,1.597,0.224,0.16533,0.157,0.20042,0.3037,0.34166,0.56943,0.14053,0.10239,0.16398,0.042,0.05711,79.4,65.6,87.5,34.2,30.5,23.5,46.4,13.6,21.2,63.8,87.0,52.2,151.3
0,162.6,70.9,63,26.83,1.79,0.23973,0.17039,0.16241,0.2068,0.32308,0.36347,0.60578,0.14483,0.10592,0.1692,0.0448,0.06126,87.6,72.6,96.6,39.2,35.0,25.5,52.8,15.6,24.2,72.7,99.1,59.5,162.6
0,154.4,58.7,62,24.65,1.587,0.23257,0.15881,0.15,0.19268,0.31639,0.35593,0.59322,0.13499,0.09783,0.15764,0.03888,0.05921,77.3,63.5,85.3,36.0,32.0,22.2,49.0,14.4,19.9,67.4,92.0,55.2,154.4
0,160.7,67.9,62,26.28,1.741,0.23633,0.18887,0.1756,0.22921,0.31924,0.35915,0.59858,0.16054,0.11452,0.18754,0.0518,0.06034,95.1,76.9,105.0,37.9,33.8,27.0,51.2,15.1,27.5,70.4,96.0,57.6,160.7
0,171.8,62.0,41,20.99,1.72,0.23744,0.16669,0.15184,0.20268,0.32411,0.36463,0.60771,0.14168,0.09902,0.16583,0.04084,0.06036,89.3,70.7,98.7,40.5,35.9,22.8,55.3,16.2,23.0,76.0,103.6,62.2,171.8
0,170.7,66.4,32,22.81,1.775,0.23971,0.176,0.1673,0.21393,0.32562,0.36632,0.61054,0.1496,0.10911,0.17504,0.04678,0.06106,93.2,77.1,103.0,40.4,35.9,25.5,54.9,16.1,26.1,75.5,102.9,61.8,170.7
0,162.3,65.4,48,24.84,1.717,0.24064,0.16965,0.16927,0.20598,0.32611,0.36688,0.61146,0.1442,0.1104,0.16853,0.04515,0.06136,83.7,72.6,92.3,37.8,33.6,25.0,51.2,15.0,23.4,70.4,96.0,57.6,162.3
0,161.9,66.1,34,25.21,1.724,0.23972,0.17633,0.17331,0.21406,0.3246,0.36517,0.60862,0.14988,0.11303,0.17514,0.04864,0.06114,89.5,76.5,98.8,38.7,34.5,26.5,52.5,15.4,26.0,72.1,98.4,59.0,161.9
0,175.3,78.0,29,25.39,1.949,0.22927,0.18467,0.16317,0.22448,0.30852,0.34709,0.57848,0.15697,0.10641,0.18367,0.04759,0.05863,100.6,77.3,111.2,39.7,35.5,26.1,53.5,15.8,27.3,73.5,100.3,60.2,175.3
0,166.0,64.8,39,23.49,1.728,0.22792,0.16468,0.15879,0.20007,0.30957,0.34826,0.58044,0.13998,0.10356,0.16369,0.0433,0.05806,88.0,73.8,97.2,38.8,34.5,24.8,52.7,15.5,24.4,72.4,98.7,59.2,166.0
0,160.3,57.9,40,22.55,1.606,0.23384,0.16093,0.14825,0.19545,0.31916,0.35905,0.59842,0.13679,0.09668,0.15992,0.03897,0.05945,81.5,65.3,90.0,37.7,33.5,22.0,51.4,15.0,20.8,70.7,96.5,57.9,160.3
0,152.8,96.0,43,41.13,2.019,0.24246,0.1903,0.17359,0.2299,0.3165,0.35607,0.59344,0.16176,0.11321,0.1881,0.05104,0.06274,91.7,72.8,100.7,37.2,33.6,29.1,48.6,14.6,25.9,66.8,91.0,54.6,152.8
0,165.2,76.5,31,28.05,1.874,0.22631,0.16119,0.171,0.19565,0.3036,0.34155,0.56926,0.13701,0.11152,0.16008,0.04585,0.05794,84.9,78.4,93.7,38.0,33.9,27.7,50.9,15.1,25.4,70.0,95.5,57.3,165.2
0,168.1,72.9,29,25.8,1.846,0.23901,0.17102,0.15321,0.20772,0.32224,0.36252,0.6042,0.14536,0.09992,0.16996,0.04262,0.06107,91.1,70.9,100.6,40.5,36.1,24.4,54.6,16.1,23.9,75.1,102.4,61.4,168.1
0,158.2,57.8,67,23.11,1.594,0.2284,0.17128,0.15887,0.20796,0.31151,0.35045,0.58408,0.14558,0.10361,0.17015,0.04356,0.05808,85.3,68.8,94.1,36.2,32.1,23.5,49.4,14.4,22.8,67.9,92.6,55.5,158.2
0,164.5,60.3,21,22.27,1.659,0.23256,0.16562,0.16528,0.20123,0.31715,0.35679,0.59465,0.14077,0.10779,0.16464,0.04459,0.05915,86.2,74.8,95.2,38.5,34.2,24.9,52.6,15.4,24.4,72.3,98.6,59.1,164.5
0,160.0,60.2,63,23.52,1.636,0.24498,0.17332,0.17281,0.21045,0.33351,0.37519,0.62532,0.14732,0.1127,0.17219,0.04649,0.06235,83.9,72.7,92.6,37.7,33.5,24.8,51.4,15.1,23.7,70.6,96.3,57.8,160.0
0,161.2,65.7,68,25.27,1.716,0.23821,0.17493,0.16138,0.21235,0.32259,0.36291,0.60485,0.14869,0.10525,0.17374,0.04482,0.06076,87.9,70.5,97.0,38.1,33.9,24.5,51.6,15.2,23.7,71.0,96.8,58.1,161.2
0,145.6,37.0,30,17.47,1.224,0.24262,0.16566,0.14451,0.20134,0.33731,0.37948,0.63246,0.14081,0.09425,0.16474,0.03727,0.06122,73.6,55.8,81.3,34.3,30.2,18.6,47.7,13.8,17.4,65.6,89.4,53.6,145.6
0,161.0,47.7,35,18.42,1.461,0.2368,0.15655,0.15997,0.19033,0.32682,0.36767,0.61278,0.13307,0.10433,0.15572,0.0401,0.05993,77.4,68.8,85.6,37.3,32.9,22.0,51.5,15.0,20.9,70.8,96.5,57.9,161.0
0,169.1,61.7,60,21.58,1.702,0.23433,0.1655,0.1665,0.20118,0.31964,0.3596,0.59933,0.14068,0.10859,0.1646,0.04508,0.05959,88.8,77.7,98.1,40.0,35.5,25.4,54.6,16.0,25.5,75.0,102.3,61.4,169.1
0,158.2,62.3,45,24.91,1.655,0.23563,0.18248,0.15927,0.22147,0.31982,0.3598,0.59967,0.15511,0.10387,0.1812,0.04574,0.06004,90.6,68.8,100.0,37.3,33.1,23.9,50.6,14.8,23.9,69.5,94.8,56.9,158.2
0,162.9,61.2,55,23.09,1.664,0.23637,0.16023,0.15499,0.19462,0.32181,0.36204,0.60339,0.13619,0.10108,0.15924,0.04076,0.06016,82.5,69.4,91.1,38.7,34.4,23.4,52.8,15.5,22.1,72.5,98.9,59.3,162.9
0,157.4,76.6,58,30.92,1.829,0.24554,0.17741,0.16907,0.21499,0.32812,0.36913,0.61522,0.1508,0.11027,0.1759,0.04769,0.06296,87.9,72.9,96.9,38.7,34.7,26.9,51.8,15.3,24.9,71.2,97.0,58.2,157.4
0,165.0,50.9,61,18.69,1.526,0.22956,0.16893,0.1555,0.20541,0.31618,0.3557,0.59284,0.14359,0.10142,0.16806,0.04266,0.05814,88.8,71.1,98.2,38.4,34.0,22.6,52.9,15.4,23.6,72.8,99.2,59.5,165.0
0,161.0,54.9,36,21.16,1.567,0.23571,0.16938,0.16447,0.20579,0.32285,0.36321,0.60535,0.14397,0.10726,0.16838,0.04493,0.05984,86.3,72.8,95.3,38.2,33.9,24.1,52.3,15.3,24.1,72.0,98.1,58.9,161.0
0,156.1,75.9,63,31.14,1.814,0.24774,0.17662,0.16559,0.21398,0.33109,0.37248,0.62079,0.15013,0.10799,0.17508,0.04625,0.06352,86.2,70.2,94.9,38.5,34.4,26.0,51.4,15.2,23.7,70.7,96.4,57.8,156.1
0,171.6,72.4,64,24.59,1.857,0.24452,0.17325,0.15572,0.21055,0.33033,0.37162,0.61937,0.14726,0.10156,0.17227,0.04339,0.06243,92.9,72.6,102.7,41.7,37.2,24.5,56.4,16.6,24.5,77.5,105.7,63.4,171.6
0,168.8,79.7,60,27.95,1.933,0.23793,0.17645,0.18657,0.21427,0.31874,0.35858,0.59764,0.14998,0.12168,0.17531,0.05276,0.06095,93.2,85.7,102.9,40.0,35.8,30.1,53.6,15.9,29.3,73.7,100.5,60.3,168.8
0,158.4,85.5,55,34.08,1.939,0.24638,0.17865,0.17697,0.21638,0.32634,0.36713,0.61189,0.15185,0.11542,0.17704,0.05021,0.06339,89.0,76.6,98.0,39.1,35.1,28.9,51.7,15.4,26.3,71.1,97.0,58.2,158.4
0,165.9,58.8,63,21.37,1.646,0.23838,0.16772,0.16246,0.20384,0.32574,0.36646,0.61077,0.14256,0.10595,0.16678,0.04357,0.06058,86.3,72.7,95.3,39.0,34.6,23.9,53.3,15.6,23.6,73.4,100.0,60.0,165.9
0,166.2,65.3,20,23.64,1.736,0.24005,0.16717,0.15743,0.20309,0.32589,0.36663,0.61104,0.1421,0.10267,0.16617,0.04277,0.06116,87.6,71.7,96.7,40.0,35.6,24.2,54.4,16.0,23.6,74.7,101.9,61.2,166.2
0,166.9,63.9,36,22.96,1.721,0.24297,0.17245,0.16811,0.20954,0.33039,0.37169,0.61949,0.14658,0.10964,0.17144,0.04589,0.06186,88.6,75.1,97.8,39.7,35.3,25.1,54.0,15.8,24.8,74.3,101.3,60.8,166.9
0,151.0,39.3,37,17.25,1.284,0.22527,0.15047,0.15162,0.18293,0.31285,0.35195,0.58659,0.1279,0.09888,0.14967,0.03803,0.05686,73.4,64.3,81.1,35.0,30.8,21.0,48.6,14.1,19.5,66.8,91.1,54.7,151.0
0,169.3,65.4,42,22.81,1.754,0.23983,0.16361,0.16515,0.19885,0.32596,0.3667,0.61117,0.13907,0.10771,0.16269,0.0438,0.06108,86.2,75.7,95.2,40.2,35.8,25.1,54.7,16.0,24.3,75.2,102.5,61.5,169.3
0,158.6,70.3,28,27.93,1.76,0.24069,0.17534,0.18152,0.21266,0.32399,0.36449,0.60748,0.14904,0.11838,0.174,0.05045,0.06154,86.7,78.1,95.6,37.9,33.8,28.0,51.0,15.1,26.3,70.2,95.7,57.4,158.6
0,160.1,67.5,34,26.36,1.733,0.23586,0.1793,0.16229,0.21758,0.31863,0.35846,0.59743,0.15241,0.10584,0.17802,0.04647,0.06022,91.1,71.7,100.5,38.1,34.0,25.2,51.5,15.2,24.8,70.8,96.6,58.0,160.1
0,180.4,87.0,66,26.72,2.088,0.23725,0.17518,0.16692,0.21303,0.31728,0.35694,0.59491,0.1489,0.10886,0.1743,0.04772,0.06082,99.8,82.7,110.4,43.0,38.5,28.2,57.6,17.1,28.6,79.1,107.9,64.8,180.4
0,164.6,61.1,52,22.56,1.671,0.2353,0.16697,0.16317,0.20286,0.32061,0.36068,0.60114,0.14192,0.10641,0.16598,0.04383,0.05986,85.7,72.8,94.7,38.5,34.1,24.3,52.4,15.3,23.7,72.0,98.2,58.9,164.6
0,159.9,55.0,31,21.51,1.562,0.24532,0.17145,0.16337,0.20827,0.33584,0.37782,0.62969,0.14573,0.10655,0.17041,0.04433,0.06229,84.9,70.4,93.8,38.7,34.3,23.5,53.0,15.5,23.1,72.8,99.3,59.6,159.9
0,147.5,64.9,56,29.84,1.631,0.23358,0.16992,0.16702,0.20567,0.31458,0.3539,0.58983,0.14443,0.10892,0.16827,0.04594,0.05971,80.9,69.1,89.0,35.4,31.6,25.8,47.7,14.1,23.0,65.5,89.3,53.6,147.5
0,172.0,65.3,36,22.1,1.767,0.23469,0.17885,0.15396,0.21743,0.31931,0.35923,0.59871,0.15202,0.10041,0.1779,0.04366,0.05974,95.7,71.6,105.8,40.0,35.5,23.4,54.4,15.9,24.6,74.8,102.0,61.2,172.0
0,153.4,59.4,20,25.28,1.591,0.23259,0.16863,0.16435,0.20454,0.31604,0.35554,0.59257,0.14334,0.10718,0.16735,0.04458,0.05924,81.8,69.3,90.2,35.9,31.9,24.5,48.8,14.3,22.8,67.1,91.5,54.9,153.4
0,155.7,59.9,51,24.72,1.61,0.24443,0.17583,0.16313,0.21335,0.33228,0.37381,0.62302,0.14946,0.10639,0.17456,0.04493,0.06224,84.6,68.2,93.3,37.4,33.3,23.8,50.9,14.9,22.7,69.9,95.4,57.2,155.7
0,160.2,79.2,66,30.83,1.877,0.22971,0.16976,0.1647,0.20581,0.30659,0.34491,0.57486,0.14429,0.10741,0.16839,0.04602,0.05893,87.9,74.1,96.9,37.9,33.9,27.2,50.5,15.0,25.1,69.5,94.7,56.8,160.2
0,172.1,84.0,58,28.36,2.005,0.24096,0.18613,0.17763,0.22611,0.3219,0.36214,0.60357,0.15821,0.11584,0.185,0.05117,0.06179,97.1,80.6,107.2,40.0,35.8,28.3,53.4,15.8,28.1,73.5,100.2,60.1,172.1
0,167.8,54.3,39,19.29,1.591,0.22338,0.16237,0.14766,0.19743,0.30685,0.34521,0.57535,0.13801,0.0963,0.16154,0.03934,0.05664,86.7,68.6,95.9,38.0,33.6,21.8,52.2,15.2,22.1,71.7,97.8,58.7,167.8
0,161.4,51.2,55,19.65,1.515,0.22946,0.16616,0.15153,0.20196,0.31556,0.35501,0.59168,0.14124,0.09882,0.16524,0.03988,0.05816,82.5,65.4,91.2,36.3,32.1,21.3,49.9,14.5,20.8,68.6,93.5,56.1,161.4
0,164.6,71.9,44,26.53,1.813,0.23106,0.17037,0.14941,0.20684,0.31136,0.35028,0.58381,0.14482,0.09744,0.16923,0.04114,0.05905,88.2,67.3,97.3,38.1,34.0,23.5,51.3,15.1,22.4,70.5,96.2,57.7,164.6
0,158.4,59.7,38,23.79,1.621,0.2267,0.16315,0.17089,0.19807,0.30861,0.34718,0.57864,0.13868,0.11145,0.16205,0.04559,0.0577,82.2,74.9,90.7,36.4,32.3,25.7,49.5,14.5,24.2,68.1,92.8,55.7,158.4
0,163.4,59.5,58,22.26,1.643,0.24201,0.16899,0.16411,0.2053,0.33017,0.37144,0.61907,0.14364,0.10703,0.16798,0.04452,0.06154,86.4,73.0,95.5,39.4,35.0,24.4,53.8,15.7,24.0,73.9,100.8,60.5,163.4
0,163.0,75.9,48,28.58,1.854,0.24209,0.18192,0.17196,0.22073,0.32464,0.36522,0.6087,0.15463,0.11215,0.1806,0.04902,0.06199,91.7,75.4,101.2,38.9,34.7,26.9,52.1,15.4,26.0,71.7,97.7,58.6,163.0
0,169.1,71.0,44,24.83,1.826,0.2296,0.1667,0.15673,0.20254,0.31028,0.34906,0.58177,0.1417,0.10222,0.16571,0.04328,0.05861,90.7,74.1,100.1,39.7,35.4,25.2,53.7,15.8,24.8,73.9,100.7,60.4,169.1
0,169.1,69.4,54,24.26,1.805,0.232,0.1738,0.14661,0.21118,0.31403,0.35329,0.58881,0.14773,0.09562,0.17278,0.04068,0.05918,91.4,67.0,100.9,38.8,34.6,22.6,52.5,15.5,22.5,72.2,98.5,59.1,169.1
0,165.9,75.5,19,27.46,1.865,0.23749,0.17442,0.16378,0.21175,0.31903,0.3589,0.59817,0.14826,0.10681,0.17325,0.04592,0.06077,90.9,74.2,100.3,39.4,35.2,26.1,52.9,15.6,25.2,72.8,99.2,59.5,165.9
0,160.0,57.8,64,22.56,1.603,0.22826,0.16883,0.16595,0.20505,0.31155,0.3505,0.58417,0.14351,0.10823,0.16777,0.04472,0.05803,84.2,71.9,92.9,36.2,32.1,24.3,49.4,14.5,23.5,68.0,92.7,55.6,160.0
0,167.5,88.1,26,31.39,2.025,0.2393,0.17949,0.18205,0.21782,0.31769,0.3574,0.59567,0.15257,0.11873,0.17821,0.0523,0.06152,94.5,83.3,104.2,40.1,36.0,30.3,53.2,15.8,29.0,73.2,99.8,59.9,167.5
0,161.9,55.1,36,21.03,1.574,0.24118,0.16363,0.16037,0.19883,0.33035,0.37165,0.61941,0.13909,0.10459,0.16268,0.04276,0.06123,83.9,71.5,92.7,39.4,34.9,23.6,53.9,15.7,23.1,74.2,101.1,60.7,161.9
0,155.1,64.7,59,26.89,1.67,0.23582,0.18316,0.16454,0.2221,0.31883,0.35869,0.59781,0.15568,0.10731,0.18172,0.04787,0.06019,90.8,70.9,100.1,37.2,33.1,25.3,50.3,14.8,25.0,69.2,94.3,56.6,155.1
0,159.8,78.3,53,30.68,1.864,0.24101,0.18182,0.18396,0.22042,0.32187,0.36211,0.60351,0.15455,0.11997,0.18035,0.05247,0.06181,90.3,79.5,99.6,38.1,34.1,29.1,50.9,15.1,27.4,70.0,95.5,57.3,159.8
0,163.1,50.6,27,19.03,1.514,0.23802,0.16706,0.15409,0.2031,0.32772,0.36868,0.61447,0.142,0.1005,0.16617,0.04109,0.0603,84.7,68.0,93.7,38.4,34.0,21.8,52.9,15.4,21.9,72.8,99.2,59.5,163.1
0,168.7,64.5,57,22.68,1.739,0.23516,0.1721,0.16998,0.20916,0.31981,0.35978,0.59964,0.14629,0.11086,0.17113,0.04675,0.05988,90.3,77.6,99.8,39.3,34.9,25.7,53.4,15.7,25.8,73.4,100.2,60.1,168.7
0,161.3,75.9,62,29.2,1.844,0.23652,0.17619,0.16935,0.21371,0.3169,0.35651,0.59418,0.14976,0.11045,0.17485,0.04743,0.06058,88.7,74.1,97.8,37.9,33.9,26.7,50.8,15.0,25.1,69.8,95.2,57.1,161.3
0,154.3,69.7,56,29.27,1.728,0.24967,0.18493,0.16635,0.2241,0.3356,0.37754,0.62924,0.15719,0.10849,0.18335,0.04759,0.06387,88.4,69.1,97.4,38.0,33.9,25.3,51.1,15.1,23.9,70.2,95.7,57.4,154.3
0,162.9,62.0,24,23.36,1.674,0.23469,0.17044,0.15839,0.20702,0.31928,0.35919,0.59866,0.14488,0.1033,0.16938,0.04273,0.05975,85.4,69.0,94.3,37.4,33.3,23.4,50.9,14.9,22.5,70.0,95.5,57.3,162.9
0,163.3,56.6,21,21.22,1.602,0.22567,0.16584,0.1472,0.20153,0.30879,0.34739,0.57898,0.14097,0.096,0.16489,0.0403,0.05731,87.5,67.6,96.7,37.9,33.6,22.3,51.9,15.2,22.4,71.3,97.3,58.4,163.3
0,163.8,75.9,32,28.29,1.858,0.23156,0.16767,0.16814,0.20348,0.31065,0.34948,0.58247,0.14252,0.10966,0.16648,0.04694,0.05928,89.4,78.0,98.6,39.3,35.1,27.7,52.7,15.6,26.3,72.5,98.9,59.3,163.8
0,168.8,83.7,29,29.41,1.981,0.24142,0.17721,0.17152,0.21514,0.3221,0.36236,0.60394,0.15062,0.11186,0.17602,0.04799,0.06194,91.6,77.1,101.1,39.7,35.6,27.5,53.0,15.7,26.1,72.9,99.4,59.6,168.8
0,169.4,56.6,65,19.73,1.633,0.23165,0.1625,0.14707,0.19759,0.31764,0.35735,0.59558,0.13812,0.09591,0.16167,0.03949,0.05878,88.3,69.5,97.6,40.1,35.5,22.1,54.9,16.0,22.6,75.5,103.0,61.8,169.4
0,158.5,49.2,23,19.6,1.472,0.22723,0.15456,0.15676,0.18783,0.31286,0.35196,0.5866,0.13138,0.10223,0.15368,0.04009,0.05756,78.2,69.0,86.4,36.6,32.4,22.6,50.4,14.7,21.4,69.3,94.5,56.7,158.5
0,158.3,62.6,26,24.99,1.659,0.23792,0.17207,0.16508,0.20883,0.32285,0.36321,0.60534,0.14626,0.10766,0.17086,0.04556,0.06063,85.9,71.7,94.8,37.8,33.7,25.0,51.3,15.1,24.0,70.6,96.2,57.7,158.3
0,155.4,64.7,52,26.76,1.671,0.23347,0.16189,0.16824,0.19633,0.31572,0.35518,0.59197,0.13761,0.10972,0.16064,0.04502,0.05958,81.1,73.3,89.4,37.2,33.1,26.1,50.3,14.8,23.7,69.2,94.3,56.6,155.4
0,167.3,63.9,25,22.85,1.723,0.23281,0.16569,0.16376,0.20134,0.31662,0.3562,0.59367,0.14084,0.1068,0.16473,0.04426,0.05927,87.6,75.3,96.7,39.2,34.8,25.1,53.3,15.6,24.6,73.2,99.9,59.9,167.3
0,172.4,80.2,24,26.99,1.959,0.24326,0.16502,0.16147,0.2005,0.32624,0.36702,0.6117,0.14027,0.10531,0.16405,0.04424,0.06229,90.6,77.1,100.1,42.5,38.0,26.7,57.0,16.9,25.6,78.4,106.9,64.2,172.4
0,160.4,54.8,21,21.31,1.562,0.22975,0.17853,0.15789,0.2169,0.31464,0.35397,0.58994,0.15175,0.10297,0.17746,0.04478,0.05833,90.3,69.4,99.7,37.0,32.8,23.1,50.6,14.8,23.8,69.6,94.9,57.0,160.4
0,160.9,43.4,30,16.79,1.393,0.23802,0.15157,0.15206,0.18435,0.33001,0.37126,0.61877,0.12884,0.09917,0.15083,0.03757,0.06012,76.3,66.5,84.3,38.1,33.6,20.9,52.9,15.3,19.9,72.7,99.1,59.5,160.9
0,172.5,66.6,36,22.37,1.786,0.23973,0.16743,0.15457,0.20355,0.32583,0.36656,0.61093,0.14231,0.10081,0.16654,0.04223,0.06105,91.2,73.2,100.8,41.6,36.9,24.0,56.5,16.6,24.2,77.7,105.9,63.5,172.5
0,165.9,66.9,24,24.31,1.756,0.24305,0.17495,0.15544,0.21252,0.32938,0.37055,0.61758,0.14871,0.10137,0.17388,0.04375,0.06197,91.7,70.9,101.3,40.6,36.1,24.1,55.0,16.2,24.2,75.6,103.1,61.9,165.9
0,165.5,62.8,27,22.95,1.699,0.23692,0.17405,0.15752,0.21146,0.32236,0.36265,0.60442,0.14794,0.10273,0.17301,0.04378,0.06031,90.1,70.9,99.5,39.1,34.7,23.8,53.1,15.6,23.9,73.1,99.6,59.8,165.5
0,154.4,47.1,42,19.75,1.421,0.23211,0.16897,0.16986,0.20528,0.31989,0.35987,0.59979,0.14362,0.11078,0.16796,0.04528,0.05878,80.7,70.5,89.1,35.3,31.2,23.4,48.6,14.1,22.8,66.9,91.2,54.7,154.4
0,167.1,49.3,61,17.66,1.513,0.24724,0.16309,0.15397,0.19836,0.34131,0.38397,0.63995,0.13863,0.10042,0.1623,0.03988,0.06256,83.6,68.6,92.5,40.3,35.6,21.4,55.7,16.2,21.5,76.6,104.4,62.7,167.1
0,156.2,53.7,52,22.03,1.527,0.23144,0.1718,0.16585,0.20861,0.31682,0.35642,0.59403,0.14603,0.10817,0.17068,0.04554,0.05877,84.6,71.0,93.4,36.3,32.1,24.1,49.6,14.5,23.6,68.3,93.1,55.8,156.2
0,154.8,67.1,42,28.01,1.699,0.23987,0.18349,0.16941,0.22244,0.32341,0.36384,0.60639,0.15597,0.11049,0.18199,0.04778,0.06129,86.9,69.7,95.7,36.1,32.2,25.2,48.7,14.4,23.8,67.0,91.4,54.8,154.8
0,160.1,76.4,46,29.77,1.843,0.2413,0.18058,0.18011,0.21897,0.32298,0.36335,0.60558,0.15349,0.11746,0.17916,0.05103,0.06183,89.7,77.8,98.8,38.1,34.1,28.2,51.1,15.1,26.7,70.2,95.7,57.4,160.1
0,158.5,73.9,29,29.43,1.804,0.22965,0.17437,0.17377,0.21141,0.30792,0.34641,0.57735,0.14821,0.11333,0.17297,0.04903,0.05881,88.5,76.7,97.5,37.1,33.2,27.8,49.7,14.7,26.2,68.4,93.2,55.9,158.5
0,161.0,54.3,68,20.93,1.558,0.23147,0.16012,0.16034,0.19455,0.31725,0.35691,0.59484,0.1361,0.10457,0.15918,0.04236,0.05875,82.5,71.9,91.2,38.0,33.7,23.8,52.1,15.2,23.0,71.6,97.6,58.6,161.0
0,152.7,46.1,64,19.76,1.398,0.22728,0.15624,0.15549,0.18981,0.31339,0.35256,0.5876,0.13281,0.10141,0.1553,0.03971,0.05754,75.6,65.4,83.5,35.0,30.9,21.9,48.3,14.0,20.2,66.4,90.5,54.3,152.7
0,169.0,74.7,57,26.17,1.873,0.24144,0.18358,0.18008,0.22299,0.32505,0.36569,0.60948,0.15604,0.11745,0.18245,0.05167,0.06173,95.4,81.4,105.4,39.9,35.6,28.1,53.8,15.9,28.3,73.9,100.8,60.5,169.0
0,170.2,77.6,29,26.79,1.915,0.24102,0.17981,0.16951,0.21842,0.32374,0.36421,0.60701,0.15284,0.11055,0.17871,0.049,0.06167,96.9,79.4,107.0,41.3,36.9,27.5,55.5,16.4,27.8,76.3,104.1,62.4,170.2
0,149.3,57.3,69,25.74,1.542,0.23154,0.16069,0.16987,0.1948,0.3148,0.35414,0.59024,0.13659,0.11078,0.15938,0.04502,0.05896,77.6,71.3,85.5,35.6,31.6,25.6,48.4,14.2,22.9,66.5,90.7,54.4,149.3
0,169.2,48.9,23,17.07,1.515,0.23083,0.1589,0.14182,0.1933,0.319,0.35888,0.59813,0.13506,0.09249,0.15816,0.03676,0.05839,84.7,65.8,93.7,39.2,34.6,20.2,54.1,15.7,20.6,74.5,101.5,60.9,169.2
0,157.0,51.1,27,20.75,1.493,0.22688,0.15839,0.15407,0.19241,0.31155,0.3505,0.58416,0.13463,0.10048,0.15743,0.04058,0.05754,80.5,68.1,88.9,36.7,32.5,22.7,50.4,14.7,21.7,69.3,94.5,56.7,157.0
0,168.3,67.8,19,23.93,1.78,0.23243,0.16708,0.16253,0.20301,0.31501,0.35439,0.59065,0.14202,0.106,0.1661,0.04463,0.05926,89.8,75.9,99.2,39.8,35.4,25.6,53.9,15.8,25.2,74.1,101.0,60.6,168.3
0,162.0,68.6,62,26.12,1.757,0.23282,0.17102,0.15838,0.20759,0.31445,0.35375,0.58959,0.14537,0.10329,0.16984,0.04385,0.05944,87.8,70.7,96.9,38.1,33.9,24.7,51.4,15.1,23.7,70.7,96.4,57.8,162.0
0,162.7,72.5,42,27.4,1.81,0.23835,0.17946,0.17246,0.21779,0.3207,0.36079,0.60132,0.15254,0.11247,0.17819,0.04911,0.06095,91.5,76.5,101.0,38.7,34.5,27.0,52.1,15.4,26.4,71.6,97.6,58.6,162.7
0,161.2,64.1,24,24.64,1.694,0.24187,0.16874,0.15611,0.20487,0.32811,0.36912,0.6152,0.14343,0.10181,0.16762,0.04198,0.06165,84.2,67.7,92.9,38.4,34.2,23.3,52.1,15.3,22.0,71.6,97.7,58.6,161.2
0,170.7,74.2,57,25.44,1.875,0.23924,0.16982,0.16345,0.20633,0.32252,0.36283,0.60472,0.14434,0.10659,0.16882,0.04474,0.06113,90.2,75.5,99.6,40.4,36.1,25.7,54.5,16.1,25.0,74.9,102.2,61.3,170.7
0,154.1,57.9,40,24.4,1.574,0.23282,0.17184,0.14651,0.2085,0.31698,0.3566,0.59433,0.14607,0.09555,0.17059,0.04064,0.05925,84.7,62.8,93.4,36.5,32.4,21.9,49.7,14.6,21.1,68.4,93.2,55.9,154.1
0,166.6,75.0,65,27.02,1.863,0.23272,0.17076,0.17761,0.20734,0.31289,0.352,0.58667,0.14515,0.11583,0.16965,0.04926,0.05953,89.9,81.3,99.2,39.0,34.8,28.4,52.4,15.5,27.3,72.1,98.3,59.0,166.6
0,170.0,73.3,28,25.36,1.86,0.23465,0.16589,0.16453,0.20155,0.3165,0.35606,0.59343,0.14101,0.1073,0.16491,0.04455,0.05994,88.5,76.3,97.7,39.8,35.5,26.0,53.7,15.8,25.0,73.9,100.8,60.5,170.0
0,167.4,68.1,53,24.32,1.78,0.23189,0.16723,0.1773,0.20316,0.31406,0.35332,0.58886,0.14214,0.11563,0.16622,0.04828,0.05914,88.3,81.4,97.5,39.0,34.7,27.6,52.8,15.5,26.8,72.6,98.9,59.4,167.4
0,178.3,73.0,66,22.97,1.902,0.23277,0.16752,0.16764,0.20374,0.31511,0.35449,0.59082,0.14239,0.10933,0.1667,0.04603,0.05938,94.2,82.0,104.2,41.7,37.1,26.8,56.4,16.6,27.3,77.6,105.8,63.5,178.3
0,158.9,61.6,65,24.38,1.648,0.23532,0.17263,0.16138,0.20955,0.31976,0.35973,0.59954,0.14674,0.10525,0.17145,0.04539,0.05993,88.5,71.9,97.6,38.4,34.1,24.8,52.2,15.3,24.5,71.7,97.8,58.7,158.9
0,169.0,74.6,68,26.11,1.871,0.23693,0.1749,0.16024,0.21245,0.31903,0.35891,0.59819,0.14867,0.1045,0.17382,0.04566,0.06057,94.5,75.3,104.4,40.7,36.4,25.9,54.9,16.2,26.0,75.4,102.9,61.7,169.0
0,161.8,65.9,40,25.17,1.72,0.2298,0.17563,0.15658,0.21321,0.31122,0.35012,0.58353,0.14928,0.10212,0.17445,0.04407,0.05861,89.8,69.6,99.1,37.4,33.3,24.1,50.7,14.9,23.7,69.6,95.0,57.0,161.8
0,170.9,74.9,60,25.66,1.886,0.2285,0.16881,0.16208,0.20511,0.30782,0.3463,0.57717,0.14349,0.10571,0.16782,0.04606,0.0584,95.0,79.3,105.0,40.9,36.5,27.1,55.2,16.3,27.3,75.8,103.4,62.1,170.9
0,162.4,79.7,24,30.21,1.897,0.24004,0.18489,0.17388,0.22425,0.32055,0.36062,0.60103,0.15716,0.1134,0.18348,0.05035,0.06157,93.5,76.4,103.1,38.6,34.6,27.7,51.6,15.3,26.8,70.9,96.7,58.0,162.4
0,159.9,64.3,44,25.16,1.69,0.22807,0.16358,0.15214,0.19855,0.30913,0.34778,0.57963,0.13904,0.09922,0.16245,0.04102,0.05815,83.9,67.8,92.6,37.2,33.1,23.6,50.5,14.8,22.1,69.4,94.6,56.8,159.9
0,171.4,63.3,30,21.53,1.735,0.23013,0.1676,0.15163,0.20377,0.31369,0.3529,0.58817,0.14246,0.09889,0.16672,0.0409,0.05854,89.3,70.3,98.7,39.0,34.7,22.8,53.2,15.6,22.9,73.2,99.8,59.9,171.4
0,159.2,70.8,68,27.94,1.769,0.24459,0.17072,0.16355,0.20707,0.32915,0.37029,0.61716,0.14511,0.10667,0.16942,0.04458,0.06254,84.6,70.5,93.3,38.6,34.4,25.2,51.9,15.3,23.3,71.4,97.4,58.4,159.2
0,152.9,44.6,34,19.06,1.376,0.2235,0.15875,0.16317,0.1929,0.30873,0.34732,0.57887,0.13494,0.10642,0.15782,0.04215,0.05654,76.9,68.7,84.9,34.5,30.4,22.8,47.6,13.8,21.5,65.4,89.2,53.5,152.9
0,159.0,50.6,49,20.01,1.494,0.23597,0.169,0.17199,0.20536,0.32447,0.36502,0.60837,0.14365,0.11217,0.16802,0.04602,0.05981,83.2,73.6,91.9,37.0,32.7,24.2,50.8,14.8,23.8,69.9,95.3,57.2,159.0
0,166.7,70.8,43,25.46,1.81,0.23508,0.17453,0.1688,0.21198,0.31744,0.35712,0.59521,0.14835,0.11009,0.17344,0.04692,0.06003,90.4,76.0,99.8,38.8,34.5,26.1,52.3,15.4,25.6,72.0,98.1,58.9,166.7
0,172.0,77.6,39,26.25,1.926,0.24063,0.1798,0.16784,0.21846,0.32346,0.36389,0.60649,0.15283,0.10946,0.17874,0.04847,0.06156,97.6,79.2,107.8,41.6,37.1,27.2,55.9,16.5,27.7,76.8,104.8,62.9,172.0
0,163.3,51.9,30,19.46,1.534,0.22969,0.15633,0.15227,0.19003,0.31585,0.35533,0.59222,0.13288,0.0993,0.15548,0.0391,0.05822,80.7,68.3,89.2,37.7,33.4,22.1,51.9,15.1,21.2,71.4,97.3,58.4,163.3
0,171.5,66.2,29,22.53,1.776,0.23869,0.17368,0.15795,0.21113,0.32439,0.36494,0.60823,0.14763,0.10301,0.17274,0.04361,0.06079,92.0,72.8,101.7,40.3,35.8,24.0,54.7,16.1,24.3,75.2,102.6,61.6,171.5
0,153.3,51.0,24,21.69,1.473,0.23364,0.15917,0.16689,0.19326,0.32047,0.36053,0.60088,0.1353,0.10884,0.15812,0.04293,0.05928,76.4,69.6,84.3,35.7,31.6,23.7,48.9,14.3,21.7,67.3,91.8,55.1,153.3
0,159.5,56.3,18,22.14,1.579,0.23923,0.1693,0.1738,0.20563,0.32698,0.36785,0.61309,0.14391,0.11335,0.16824,0.04665,0.06079,83.5,74.6,92.2,37.6,33.3,25.1,51.3,15.0,24.2,70.6,96.3,57.8,159.5
0,160.5,72.8,50,28.23,1.801,0.22965,0.17246,0.15733,0.2092,0.30861,0.34719,0.57865,0.14659,0.10261,0.17117,0.04468,0.05875,90.2,71.6,99.5,38.2,34.1,25.6,51.4,15.2,24.6,70.7,96.3,57.8,160.5
0,161.7,70.9,69,27.12,1.785,0.23769,0.17271,0.16727,0.20959,0.3202,0.36022,0.60037,0.1468,0.10909,0.17148,0.04631,0.06075,87.6,73.8,96.7,38.4,34.2,26.0,51.7,15.3,24.7,71.1,96.9,58.2,161.7
0,163.1,63.7,31,23.97,1.699,0.22767,0.16802,0.15594,0.20405,0.30919,0.34784,0.57973,0.14281,0.1017,0.16695,0.04306,0.058,88.2,71.2,97.3,38.0,33.8,24.2,51.6,15.2,23.8,71.0,96.8,58.1,163.1
0,167.2,61.3,64,21.92,1.687,0.22718,0.16203,0.1571,0.19693,0.3098,0.34853,0.58088,0.13773,0.10246,0.16112,0.04155,0.05778,85.1,71.8,94.1,38.0,33.7,23.7,51.8,15.2,23.0,71.3,97.2,58.3,167.2
0,159.5,48.6,60,19.12,1.468,0.22943,0.15552,0.16333,0.18903,0.31619,0.35571,0.59286,0.13219,0.10652,0.15466,0.04111,0.0581,77.1,70.4,85.2,36.2,32.0,22.9,49.9,14.5,21.4,68.6,93.5,56.1,159.5
0,163.4,81.8,58,30.61,1.927,0.24981,0.18653,0.16871,0.22625,0.33307,0.3747,0.6245,0.15855,0.11003,0.18512,0.04865,0.06411,93.3,73.4,102.9,39.8,35.6,26.7,53.1,15.8,25.6,72.9,99.5,59.7,163.4
0,162.2,70.0,34,26.59,1.775,0.23248,0.17938,0.16752,0.21772,0.31357,0.35276,0.58794,0.15248,0.10925,0.17813,0.04821,0.05939,92.7,75.3,102.3,38.2,34.1,26.4,51.6,15.2,26.2,70.9,96.7,58.0,162.2
0,156.2,52.0,21,21.32,1.503,0.22841,0.15847,0.16074,0.19247,0.31326,0.35242,0.58736,0.1347,0.10483,0.15748,0.04165,0.05796,78.4,69.1,86.5,36.0,31.9,23.3,49.3,14.4,21.7,67.8,92.5,55.5,156.2
0,161.7,71.1,69,27.18,1.787,0.23057,0.17977,0.16649,0.21815,0.31056,0.34938,0.5823,0.1528,0.10858,0.17848,0.04754,0.05893,91.5,73.7,100.9,37.3,33.3,26.0,50.3,14.8,25.5,69.2,94.3,56.6,161.7
0,161.5,62.0,68,23.76,1.668,0.22394,0.16654,0.16543,0.20223,0.30448,0.34254,0.5709,0.14156,0.10789,0.16546,0.04501,0.05702,85.8,74.1,94.7,36.7,32.6,25.3,49.9,14.6,24.4,68.6,93.6,56.1,161.5
0,161.4,59.6,56,22.9,1.635,0.23488,0.1632,0.164,0.19821,0.32013,0.36015,0.60024,0.13872,0.10696,0.16217,0.04298,0.05975,81.5,71.3,90.0,37.4,33.2,24.1,50.9,14.9,22.6,70.0,95.5,57.3,161.4
0,162.7,68.6,18,25.89,1.76,0.24081,0.16597,0.17362,0.20147,0.32534,0.36601,0.61001,0.14107,0.11323,0.16484,0.0468,0.06148,84.9,77.3,93.7,39.2,35.0,26.9,53.0,15.6,25.2,72.9,99.4,59.6,162.7
0,163.0,56.3,58,21.2,1.597,0.23164,0.16572,0.14877,0.20138,0.31701,0.35664,0.5944,0.14087,0.09702,0.16476,0.03978,0.05883,84.7,66.1,93.6,37.7,33.4,21.8,51.6,15.1,21.4,70.9,96.7,58.0,163.0
0,159.6,57.7,62,22.68,1.6,0.23855,0.16651,0.15931,0.20221,0.32556,0.36626,0.61043,0.14153,0.1039,0.16545,0.04246,0.06065,82.7,68.8,91.3,37.7,33.5,23.3,51.5,15.1,22.2,70.8,96.5,57.9,159.6
0,171.2,71.9,41,24.55,1.849,0.2337,0.1643,0.16405,0.19966,0.3158,0.35528,0.59213,0.13965,0.10699,0.16336,0.04418,0.05966,88.4,76.8,97.7,40.0,35.7,25.9,54.1,15.9,25.0,74.4,101.5,60.9,171.2
0,154.5,52.8,51,22.09,1.505,0.23374,0.15518,0.13978,0.1884,0.32011,0.36013,0.60021,0.1319,0.09116,0.15415,0.03575,0.05934,76.3,59.7,84.2,36.6,32.4,20.4,50.1,14.6,18.5,68.9,93.9,56.3,154.5
0,157.6,66.9,51,26.94,1.712,0.2351,0.1682,0.15933,0.20402,0.31745,0.35713,0.59522,0.14297,0.10391,0.16692,0.04317,0.06003,83.4,68.7,91.9,37.1,33.1,24.4,50.1,14.7,22.5,68.9,93.9,56.3,157.6
0,181.4,108.7,41,33.04,2.341,0.23491,0.18385,0.17218,0.22352,0.30811,0.34662,0.5777,0.15628,0.11229,0.18288,0.05155,0.06067,106.1,86.4,117.3,43.2,38.9,31.5,56.6,17.0,31.3,77.9,106.2,63.7,181.4
0,155.4,51.1,32,21.15,1.486,0.23227,0.16455,0.16327,0.19985,0.31879,0.35864,0.59774,0.13987,0.10648,0.16351,0.04318,0.05892,80.2,69.2,88.6,36.0,31.9,23.3,49.5,14.4,22.2,68.0,92.8,55.7,155.4
0,153.3,42.6,34,18.12,1.346,0.24317,0.15975,0.14978,0.19418,0.3367,0.37879,0.63131,0.13579,0.09769,0.15887,0.03816,0.06146,75.8,61.8,83.8,36.7,32.4,20.2,50.9,14.7,19.1,69.9,95.4,57.2,153.3
0,167.5,48.0,30,17.11,1.494,0.23552,0.15818,0.14446,0.19241,0.32561,0.36632,0.61053,0.13445,0.09421,0.15743,0.0377,0.05956,84.7,67.3,93.7,40.2,35.4,20.8,55.5,16.1,21.3,76.3,104.1,62.5,167.5
0,148.4,51.6,24,23.44,1.458,0.23076,0.16783,0.16123,0.20358,0.31569,0.35515,0.59191,0.14266,0.10515,0.16657,0.0439,0.05861,80.1,66.9,88.3,35.0,31.1,23.5,47.9,14.0,22.0,65.9,89.9,53.9,148.4
0,160.9,55.6,26,21.48,1.577,0.23336,0.16756,0.14818,0.20356,0.31936,0.35928,0.5988,0.14242,0.09664,0.16655,0.03993,0.05926,84.6,65.1,93.5,37.5,33.3,21.7,51.3,15.0,21.2,70.6,96.3,57.8,160.9
0,177.1,78.1,61,24.91,1.96,0.23634,0.16995,0.15061,0.20664,0.31824,0.35802,0.59669,0.14446,0.09822,0.16907,0.0421,0.06042,95.7,73.7,105.7,42.3,37.8,24.7,57.0,16.8,24.9,78.4,106.9,64.1,177.1
0,152.0,56.8,52,24.59,1.549,0.23655,0.17346,0.15988,0.2104,0.32218,0.36245,0.60409,0.14744,0.10427,0.17214,0.04398,0.06019,82.8,66.4,91.3,35.9,31.9,23.4,48.9,14.3,22.1,67.3,91.8,55.1,152.0
0,149.0,40.7,40,18.31,1.297,0.23184,0.1557,0.14353,0.18921,0.32128,0.36144,0.6024,0.13235,0.09361,0.15481,0.03603,0.05857,72.5,58.2,80.1,34.4,30.3,19.3,47.6,13.8,17.7,65.5,89.3,53.6,149.0
0,152.3,41.0,64,17.66,1.317,0.22531,0.15289,0.13791,0.18586,0.31244,0.3515,0.58583,0.12996,0.08994,0.15207,0.0352,0.05691,75.6,59.3,83.5,35.5,31.3,19.3,49.2,14.2,18.3,67.6,92.2,55.3,152.3
0,168.6,71.9,56,25.29,1.835,0.24051,0.17266,0.17111,0.20975,0.32466,0.36524,0.60873,0.14676,0.1116,0.17162,0.0473,0.06142,90.5,78.0,100.0,40.1,35.8,26.7,54.2,16.0,26.1,74.5,101.6,61.0,168.6
0,170.1,71.2,40,24.61,1.835,0.23112,0.16192,0.16744,0.19675,0.3124,0.35145,0.58575,0.13763,0.1092,0.16098,0.04512,0.05899,88.1,79.2,97.3,40.0,35.7,26.8,54.1,15.9,25.8,74.4,101.4,60.9,170.1
0,159.0,56.6,43,22.37,1.581,0.22855,0.16433,0.16447,0.19958,0.31225,0.35128,0.58546,0.13968,0.10727,0.16329,0.04369,0.05808,82.1,71.5,90.7,36.4,32.3,24.1,49.7,14.5,23.0,68.3,93.1,55.9,159.0
0,167.1,50.7,18,18.14,1.534,0.22772,0.14994,0.1589,0.18235,0.31392,0.35316,0.5886,0.12744,0.10363,0.14919,0.03963,0.05766,79.5,73.3,87.9,38.4,34.0,23.0,53.0,15.4,22.1,72.9,99.4,59.6,167.1
0,172.0,77.0,31,26.05,1.918,0.23972,0.18194,0.17414,0.22107,0.32243,0.36273,0.60455,0.15465,0.11357,0.18088,0.05084,0.06131,99.1,82.5,109.5,41.6,37.1,28.3,55.9,16.5,29.2,76.9,104.8,62.9,172.0
0,174.7,91.1,49,29.85,2.102,0.24682,0.1788,0.16318,0.21723,0.32792,0.36892,0.61486,0.15198,0.10642,0.17773,0.04626,0.06343,95.7,75.9,105.7,42.0,37.7,27.0,55.9,16.6,26.1,76.8,104.7,62.8,174.7
0,160.8,65.2,68,25.21,1.707,0.23877,0.17973,0.16812,0.21817,0.32346,0.3639,0.60649,0.15277,0.10964,0.1785,0.04771,0.06089,90.4,73.5,99.7,38.2,34.0,25.5,51.8,15.2,25.3,71.2,97.1,58.2,160.8
0,146.8,44.9,65,20.82,1.353,0.23405,0.16516,0.15415,0.20049,0.32251,0.36282,0.6047,0.14038,0.10053,0.16404,0.04024,0.05927,75.2,61.0,83.0,33.9,30.0,21.0,46.7,13.6,19.3,64.2,87.6,52.6,146.8
0,156.9,59.7,27,24.23,1.613,0.23074,0.17208,0.15774,0.20885,0.31393,0.35317,0.58861,0.14627,0.10287,0.17088,0.04326,0.05874,84.6,67.5,93.4,36.1,32.1,23.4,49.1,14.4,22.4,67.6,92.2,55.3,156.9
0,159.6,48.6,18,19.06,1.467,0.23321,0.161,0.15914,0.1957,0.32143,0.36161,0.60269,0.13685,0.10378,0.16012,0.04117,0.05905,80.0,68.7,88.4,36.9,32.6,22.3,50.8,14.8,21.5,69.9,95.3,57.2,159.6
0,160.7,74.4,22,28.78,1.822,0.23509,0.178,0.15937,0.21591,0.31542,0.35485,0.59141,0.1513,0.10394,0.17665,0.04492,0.06018,89.3,69.5,98.5,37.6,33.6,25.0,50.4,14.9,23.7,69.3,94.5,56.7,160.7
0,161.2,63.4,20,24.38,1.685,0.23148,0.1736,0.15223,0.21077,0.31424,0.35352,0.5892,0.14756,0.09928,0.17245,0.04213,0.05898,87.6,66.8,96.7,37.2,33.1,22.9,50.5,14.8,22.4,69.4,94.6,56.8,161.2
0,170.1,51.5,66,17.8,1.56,0.24166,0.16729,0.15999,0.2035,0.33316,0.3748,0.62467,0.1422,0.10434,0.1665,0.04258,0.06119,87.9,73.1,97.3,40.4,35.7,22.7,55.7,16.2,23.6,76.7,104.5,62.7,170.1
0,171.2,66.9,67,22.85,1.784,0.23421,0.17309,0.16546,0.2104,0.31806,0.35781,0.59636,0.14712,0.10791,0.17214,0.04605,0.05967,92.9,77.2,102.6,40.0,35.6,25.5,54.3,15.9,26.0,74.7,101.8,61.1,171.2
0,161.3,67.7,44,26.02,1.742,0.24127,0.17589,0.17236,0.21348,0.32606,0.36682,0.61136,0.14951,0.11241,0.17467,0.04719,0.06159,86.2,73.4,95.1,37.6,33.5,25.7,50.9,15.0,24.3,69.9,95.4,57.2,161.3
0,170.0,65.6,68,22.72,1.761,0.24657,0.16839,0.1581,0.20466,0.33511,0.377,0.62834,0.14313,0.10311,0.16745,0.0427,0.0628,88.6,72.4,97.9,41.3,36.7,23.9,56.2,16.5,23.7,77.2,105.3,63.2,170.0
0,164.9,62.4,39,22.94,1.691,0.23489,0.1573,0.16319,0.19111,0.31966,0.35961,0.59936,0.13371,0.10643,0.15636,0.04274,0.05979,82.9,74.8,91.6,39.4,35.0,25.1,53.6,15.7,23.7,73.8,100.6,60.3,164.9
0,162.9,51.8,35,19.53,1.532,0.23039,0.16508,0.1592,0.20067,0.31678,0.35638,0.59396,0.14032,0.10383,0.16418,0.04249,0.0584,84.7,71.1,93.6,37.6,33.3,23.0,51.8,15.1,23.0,71.2,97.0,58.2,162.9
0,168.7,75.3,33,26.48,1.879,0.24133,0.18036,0.16909,0.21906,0.32466,0.36524,0.60874,0.1533,0.11028,0.17923,0.04843,0.06171,95.0,77.5,104.9,40.5,36.1,26.8,54.4,16.1,26.9,74.8,102.1,61.2,168.7
0,163.0,57.2,19,21.54,1.609,0.23309,0.17398,0.1513,0.21139,0.3187,0.35854,0.59757,0.14788,0.09868,0.17296,0.04202,0.05922,89.0,67.3,98.3,38.0,33.7,22.3,51.9,15.2,22.6,71.4,97.3,58.4,163.0
0,176.5,51.9,64,16.67,1.595,0.23091,0.16356,0.15134,0.19903,0.31882,0.35867,0.59778,0.13902,0.0987,0.16285,0.03981,0.05843,89.8,72.2,99.3,40.3,35.6,21.7,55.7,16.2,23.0,76.6,104.4,62.7,176.5
0,152.7,52.7,30,22.58,1.495,0.23883,0.16408,0.16628,0.19916,0.3269,0.36776,0.61294,0.13947,0.10845,0.16295,0.04349,0.06065,77.8,68.6,85.8,36.0,31.9,23.6,49.3,14.4,21.7,67.8,92.5,55.5,152.7
0,159.0,71.8,62,28.41,1.781,0.2317,0.16272,0.17465,0.19734,0.31144,0.35037,0.58395,0.13831,0.1139,0.16146,0.047,0.05927,83.0,77.4,91.5,37.6,33.6,27.8,50.5,14.9,25.2,69.5,94.8,56.9,159.0
0,161.6,58.8,33,22.52,1.625,0.23943,0.17557,0.16103,0.21326,0.32664,0.36747,0.61245,0.14923,0.10502,0.17448,0.0444,0.06088,87.5,69.8,96.6,38.0,33.7,23.5,51.8,15.2,23.3,71.2,97.1,58.3,161.6
0,165.5,88.5,25,32.31,2.017,0.24448,0.17048,0.17353,0.20678,0.3241,0.36462,0.60769,0.1449,0.11317,0.16919,0.0483,0.06289,89.3,79.0,98.5,40.8,36.6,29.1,54.0,16.1,26.6,74.3,101.3,60.8,165.5
0,171.1,75.7,60,25.87,1.897,0.23987,0.16982,0.1643,0.20633,0.32292,0.36328,0.60547,0.14434,0.10715,0.16881,0.04564,0.06133,92.1,77.5,101.7,41.4,37.0,26.5,55.8,16.5,26.1,76.7,104.5,62.7,171.1
0,162.3,67.1,25,25.47,1.74,0.23184,0.16864,0.16531,0.20473,0.31364,0.35284,0.58807,0.14335,0.10781,0.16751,0.0453,0.05915,86.8,74.0,95.8,38.0,33.8,25.6,51.4,15.1,24.5,70.6,96.3,57.8,162.3
0,152.8,55.0,27,23.53,1.527,0.23953,0.16898,0.15871,0.20504,0.32703,0.36791,0.61318,0.14363,0.10351,0.16776,0.04246,0.06089,80.2,65.5,88.4,36.2,32.1,22.8,49.4,14.4,21.2,67.9,92.6,55.6,152.8
0,168.2,67.3,50,23.77,1.773,0.22975,0.1692,0.14357,0.20559,0.31153,0.35047,0.58412,0.14382,0.09363,0.16821,0.03943,0.05857,89.8,66.2,99.2,38.8,34.5,22.3,52.6,15.5,22.0,72.4,98.7,59.2,168.2
0,167.6,64.6,48,22.99,1.735,0.23517,0.16752,0.1677,0.20356,0.31967,0.35963,0.59938,0.14239,0.10937,0.16655,0.04586,0.05989,89.1,77.6,98.4,39.8,35.4,25.9,54.1,15.9,25.7,74.4,101.5,60.9,167.6
0,149.3,50.9,29,22.84,1.453,0.23284,0.15288,0.16929,0.18549,0.31891,0.35877,0.59795,0.12995,0.1104,0.15177,0.04246,0.05911,72.2,69.5,79.6,35.0,31.0,24.2,47.9,14.0,21.1,65.9,89.8,53.9,149.3
0,162.5,69.5,26,26.32,1.771,0.23247,0.16798,0.15794,0.20389,0.31375,0.35296,0.58827,0.14278,0.10301,0.16682,0.04377,0.05937,88.1,72.0,97.2,38.8,34.6,25.2,52.4,15.4,24.2,72.0,98.2,58.9,162.5
0,151.7,47.2,54,20.51,1.41,0.22814,0.15012,0.147,0.18232,0.31408,0.35334,0.5889,0.1276,0.09587,0.14917,0.03653,0.0578,72.5,61.7,80.0,35.0,31.0,20.9,48.3,14.0,18.6,66.3,90.5,54.3,151.7
0,158.0,50.0,26,20.03,1.481,0.23785,0.16354,0.15184,0.19871,0.32714,0.36803,0.61339,0.13901,0.09902,0.16258,0.04063,0.06028,82.7,66.8,91.4,38.3,33.9,22.0,52.7,15.3,21.6,72.4,98.7,59.2,158.0
0,156.4,48.6,65,19.87,1.452,0.22731,0.15927,0.15331,0.19352,0.31296,0.35208,0.58681,0.13538,0.09998,0.15834,0.0397,0.05759,78.6,65.8,86.8,35.7,31.6,21.7,49.1,14.3,20.6,67.6,92.1,55.3,156.4
0,168.0,96.1,35,34.05,2.118,0.25007,0.17421,0.18885,0.21134,0.32947,0.37065,0.61775,0.14808,0.12316,0.17292,0.05296,0.06448,91.0,85.8,100.4,41.6,37.4,32.0,54.8,16.4,29.1,75.4,102.8,61.7,168.0
0,163.3,70.2,47,26.32,1.784,0.23422,0.16984,0.16825,0.20617,0.316,0.3555,0.5925,0.14437,0.10973,0.16869,0.04585,0.05983,86.4,74.4,95.4,37.9,33.8,26.0,51.2,15.1,24.6,70.4,96.0,57.6,163.3
0,153.8,59.9,49,25.32,1.599,0.24244,0.17018,0.16137,0.20642,0.32932,0.37049,0.61748,0.14465,0.10524,0.16889,0.04326,0.06176,80.7,66.5,89.0,36.6,32.5,23.5,49.7,14.6,21.6,68.3,93.2,55.9,153.8
0,168.5,57.0,57,20.09,1.634,0.23989,0.17296,0.15106,0.21029,0.32871,0.36979,0.61632,0.14701,0.09851,0.17205,0.04139,0.06089,90.1,68.5,99.6,39.8,35.3,22.0,54.5,15.9,22.7,75.0,102.3,61.4,168.5
0,152.8,62.4,40,26.73,1.627,0.23472,0.17141,0.17008,0.20781,0.31781,0.35754,0.5959,0.1457,0.11092,0.17002,0.04672,0.05987,82.9,71.5,91.4,36.1,32.2,25.7,48.9,14.4,23.8,67.3,91.8,55.1,152.8
0,164.7,64.0,28,23.57,1.711,0.23327,0.17075,0.16617,0.20741,0.31692,0.35654,0.59423,0.14514,0.10837,0.1697,0.04566,0.05942,88.3,74.8,97.6,38.4,34.2,25.3,52.2,15.3,24.9,71.8,97.9,58.7,164.7
0,157.0,61.4,37,24.94,1.637,0.23621,0.17577,0.17023,0.21329,0.32075,0.36084,0.6014,0.1494,0.11102,0.17451,0.04754,0.06018,86.7,73.0,95.7,37.1,33.0,25.5,50.4,14.8,24.7,69.3,94.4,56.7,157.0
0,160.0,52.2,36,20.37,1.523,0.22672,0.15805,0.14548,0.19205,0.31133,0.35024,0.58374,0.13434,0.09488,0.15713,0.0384,0.0575,82.1,65.7,90.7,37.5,33.2,21.6,51.5,15.0,21.0,70.8,96.5,57.9,160.0
0,165.9,68.0,53,24.71,1.771,0.24039,0.17141,0.17311,0.2082,0.3254,0.36608,0.61013,0.1457,0.1129,0.17034,0.04846,0.06132,91.0,79.9,100.5,40.6,36.2,27.3,55.0,16.2,27.1,75.6,103.1,61.9,165.9
0,166.0,61.7,69,22.38,1.687,0.23018,0.17042,0.14888,0.20708,0.31363,0.35283,0.58805,0.14485,0.0971,0.16943,0.04093,0.05856,89.1,67.7,98.4,38.3,34.0,22.5,52.2,15.3,22.5,71.8,97.9,58.7,166.0
0,171.6,62.2,43,21.11,1.721,0.23128,0.15947,0.1632,0.1939,0.31562,0.35507,0.59179,0.13555,0.10644,0.15864,0.04281,0.0588,86.2,76.7,95.3,39.8,35.3,24.8,54.3,15.9,24.4,74.7,101.8,61.1,171.6
0,161.9,71.4,27,27.24,1.793,0.24084,0.18286,0.15619,0.2219,0.3243,0.36483,0.60805,0.15543,0.10186,0.18156,0.04487,0.06157,92.3,68.6,101.8,38.7,34.5,24.2,52.1,15.4,23.8,71.7,97.7,58.6,161.9
0,164.6,50.2,41,18.52,1.514,0.23261,0.1559,0.15013,0.18957,0.32058,0.36065,0.60108,0.13252,0.09791,0.1551,0.03805,0.0589,80.1,67.0,88.5,38.0,33.6,21.3,52.4,15.2,20.6,72.0,98.2,58.9,164.6
0,159.5,67.4,30,26.47,1.728,0.23014,0.17239,0.17191,0.20917,0.31088,0.34974,0.5829,0.14653,0.11212,0.17114,0.04839,0.05876,88.8,77.0,97.9,37.7,33.6,27.1,50.9,15.0,26.2,70.0,95.5,57.3,159.5
0,163.7,72.4,69,27.01,1.815,0.24467,0.1671,0.17462,0.20283,0.32939,0.37057,0.61761,0.14204,0.11389,0.16595,0.04711,0.06255,85.3,77.5,94.1,39.8,35.5,27.2,53.5,15.8,25.3,73.6,100.3,60.2,163.7
0,165.5,56.7,63,20.71,1.615,0.22112,0.16838,0.15462,0.20466,0.30276,0.3406,0.56767,0.14312,0.10084,0.16745,0.04186,0.05614,87.3,69.7,96.5,36.5,32.3,22.7,50.0,14.6,22.8,68.7,93.7,56.2,165.5
0,161.8,54.8,51,20.92,1.569,0.2329,0.17562,0.15569,0.21341,0.31913,0.35902,0.59837,0.14928,0.10153,0.1746,0.04321,0.05912,88.5,68.2,97.7,37.3,33.1,22.5,51.2,14.9,22.9,70.4,95.9,57.6,161.8
0,150.2,52.3,46,23.15,1.477,0.22937,0.16801,0.16279,0.20386,0.31379,0.35302,0.58836,0.14281,0.10617,0.16679,0.04314,0.05826,78.0,65.8,86.1,33.9,30.1,22.9,46.4,13.6,21.1,63.8,87.0,52.2,150.2
0,164.8,68.5,53,25.23,1.77,0.23047,0.16963,0.16796,0.20599,0.31168,0.35064,0.5844,0.14419,0.10954,0.16854,0.04609,0.05881,88.0,75.8,97.1,38.1,33.9,26.1,51.5,15.1,25.2,70.8,96.5,57.9,164.8
0,165.0,63.8,24,23.43,1.71,0.2514,0.17508,0.17332,0.21268,0.34166,0.38436,0.6406,0.14882,0.11303,0.17401,0.04786,0.06403,89.1,76.7,98.4,40.7,36.2,25.8,55.3,16.2,25.6,76.1,103.7,62.2,165.0
0,157.9,64.5,68,25.89,1.682,0.23598,0.16734,0.15987,0.20303,0.31951,0.35945,0.59908,0.14224,0.10426,0.16612,0.04353,0.06019,84.1,69.9,92.8,37.8,33.6,24.6,51.1,15.0,23.0,70.3,95.9,57.5,157.9
0,153.8,76.7,47,32.45,1.81,0.24106,0.18702,0.16146,0.22643,0.32146,0.36165,0.60275,0.15897,0.1053,0.18526,0.04746,0.06186,91.6,68.8,100.9,37.6,33.7,25.9,50.1,14.9,24.5,68.9,94.0,56.4,153.8
0,172.5,65.7,34,22.06,1.774,0.23635,0.16985,0.16284,0.2065,0.32154,0.36173,0.60289,0.14437,0.1062,0.16896,0.04456,0.06017,91.5,76.3,101.1,40.5,36.0,24.9,55.1,16.2,25.3,75.8,103.4,62.0,172.5
0,165.8,49.4,65,17.96,1.509,0.23413,0.15865,0.14958,0.19294,0.32306,0.36344,0.60574,0.13485,0.09755,0.15786,0.03879,0.05926,83.1,68.1,91.9,39.0,34.5,21.4,53.9,15.7,21.4,74.1,101.0,60.6,165.8
0,160.9,71.7,30,27.67,1.79,0.23031,0.1721,0.16024,0.2088,0.30991,0.34864,0.58107,0.14628,0.1045,0.17084,0.04416,0.05889,86.7,70.2,95.6,36.9,33.0,24.9,49.7,14.7,23.4,68.3,93.2,55.9,160.9
0,154.8,76.7,41,32.01,1.816,0.25212,0.17964,0.18187,0.21755,0.33641,0.37846,0.63077,0.15269,0.11861,0.17799,0.05047,0.06468,84.8,74.7,93.4,37.9,33.9,27.9,50.6,15.0,25.1,69.5,94.8,56.9,154.8
0,156.9,63.3,48,25.71,1.661,0.23363,0.16868,0.16418,0.20465,0.31661,0.35619,0.59365,0.14338,0.10707,0.16744,0.04429,0.05957,82.7,70.0,91.2,36.4,32.4,24.6,49.4,14.5,22.8,67.9,92.6,55.6,156.9
0,171.4,58.7,44,19.99,1.671,0.23195,0.16343,0.15966,0.19875,0.31761,0.35731,0.59551,0.13892,0.10413,0.16261,0.04237,0.05889,87.7,74.5,97.0,39.6,35.1,23.7,54.3,15.8,23.9,74.6,101.7,61.0,171.4
0,163.4,62.9,67,23.55,1.69,0.23467,0.1641,0.15417,0.19932,0.31902,0.3589,0.59816,0.13949,0.10055,0.16308,0.0415,0.05976,85.4,69.7,94.3,38.9,34.5,23.6,52.8,15.5,22.7,72.6,99.1,59.4,163.4
0,158.8,50.1,38,19.88,1.487,0.22813,0.15565,0.15442,0.18915,0.31381,0.35304,0.5884,0.13231,0.10071,0.15476,0.04001,0.05781,79.7,68.7,88.0,37.2,32.9,22.6,51.1,14.9,21.6,70.3,95.9,57.5,158.8
0,166.0,73.9,61,26.82,1.846,0.23795,0.1845,0.1587,0.22402,0.32019,0.36022,0.60036,0.15683,0.1035,0.18329,0.04634,0.06084,96.3,72.0,106.3,39.5,35.3,25.1,53.2,15.7,25.5,73.1,99.7,59.8,166.0
0,157.0,47.1,18,19.11,1.433,0.22929,0.15915,0.15123,0.19342,0.31626,0.35579,0.59298,0.13528,0.09863,0.15825,0.03852,0.05804,77.2,63.8,85.3,35.4,31.3,20.9,48.9,14.2,19.7,67.2,91.6,55.0,157.0
0,172.7,68.2,32,22.85,1.808,0.23511,0.16889,0.15977,0.20531,0.31909,0.35897,0.59829,0.14355,0.1042,0.16798,0.04395,0.05991,92.1,75.7,101.8,40.8,36.3,25.0,55.4,16.3,25.2,76.1,103.8,62.3,172.7
0,171.7,59.8,20,20.27,1.688,0.23985,0.16905,0.16975,0.20557,0.32811,0.36913,0.61521,0.14369,0.11071,0.16819,0.04614,0.06092,90.6,79.1,100.2,40.9,36.3,25.3,56.0,16.4,26.0,77.0,105.0,63.0,171.7
0,159.3,62.4,23,24.57,1.661,0.23814,0.17654,0.17183,0.2143,0.32337,0.36379,0.60631,0.15006,0.11207,0.17534,0.04747,0.06067,86.5,73.2,95.5,37.1,33.0,25.3,50.4,14.8,24.5,69.4,94.6,56.7,159.3
0,158.2,56.6,31,22.59,1.577,0.24552,0.16991,0.17015,0.20632,0.33532,0.37723,0.62872,0.14442,0.11096,0.16881,0.04559,0.0624,82.7,72.0,91.3,38.0,33.8,24.4,52.0,15.2,23.4,71.4,97.4,58.5,158.2
0,144.7,51.9,55,24.78,1.444,0.23173,0.16781,0.1717,0.20338,0.31644,0.35599,0.59332,0.14263,0.11198,0.1664,0.04556,0.0589,75.8,67.4,83.5,33.3,29.6,24.3,45.5,13.3,21.7,62.6,85.3,51.2,144.7
0,152.4,56.1,50,24.14,1.541,0.23535,0.17081,0.18521,0.20723,0.32086,0.36097,0.60161,0.14519,0.12079,0.16955,0.0503,0.05986,81.6,76.9,90.0,35.8,31.8,26.9,48.8,14.3,25.3,67.1,91.5,54.9,152.4
0,153.4,47.8,69,20.33,1.428,0.23416,0.16047,0.15217,0.19492,0.32231,0.3626,0.60434,0.1364,0.09924,0.15948,0.04015,0.05932,79.1,65.3,87.4,36.8,32.5,21.9,50.6,14.7,20.8,69.6,94.9,56.9,153.4
0,163.4,71.4,55,26.75,1.801,0.23204,0.17032,0.17506,0.20675,0.31266,0.35174,0.58623,0.14478,0.11417,0.16916,0.04843,0.0593,88.3,78.9,97.4,38.3,34.1,27.7,51.6,15.2,26.4,70.9,96.7,58.0,163.4
0,160.3,61.3,25,23.85,1.652,0.23924,0.16016,0.16792,0.19446,0.32537,0.36604,0.61007,0.13614,0.10952,0.15911,0.04401,0.06091,81.0,73.8,89.4,38.5,34.2,25.3,52.4,15.4,23.4,72.0,98.2,58.9,160.3
0,153.4,47.8,43,20.33,1.427,0.23856,0.15856,0.15957,0.19259,0.32839,0.36943,0.61572,0.13477,0.10407,0.15757,0.04138,0.06044,77.4,67.7,85.4,37.1,32.8,22.7,51.0,14.8,21.3,70.1,95.6,57.4,153.4
0,160.6,90.8,32,35.2,2.012,0.24435,0.17916,0.19408,0.21703,0.32229,0.36258,0.6043,0.15228,0.12657,0.17757,0.05518,0.06297,90.1,84.8,99.2,39.1,35.2,32.2,51.6,15.4,29.2,70.9,96.7,58.0,160.6
0,165.9,71.8,31,26.08,1.819,0.24154,0.17408,0.16838,0.21139,0.32571,0.36642,0.6107,0.14797,0.10981,0.17296,0.04614,0.06171,88.2,74.2,97.4,39.0,34.7,25.7,52.5,15.5,24.6,72.2,98.5,59.1,165.9
0,166.1,64.6,65,23.43,1.727,0.2372,0.17294,0.16256,0.21011,0.32223,0.36251,0.60418,0.147,0.10602,0.17191,0.0444,0.06042,88.2,72.1,97.4,38.5,34.3,24.3,52.3,15.4,23.8,71.9,98.1,58.9,166.1
0,149.6,68.4,37,30.59,1.686,0.24541,0.17923,0.1743,0.21696,0.32955,0.37074,0.61791,0.15234,0.11367,0.17751,0.04885,0.0628,83.9,71.0,92.3,36.6,32.7,26.5,49.1,14.5,24.1,67.5,92.1,55.3,149.6
0,161.6,85.9,65,32.89,1.964,0.25032,0.19369,0.17771,0.23478,0.33201,0.37351,0.62251,0.16464,0.1159,0.19209,0.05305,0.06437,97.2,77.6,107.1,40.0,35.9,28.9,53.0,15.8,28.0,72.9,99.5,59.7,161.6
0,153.1,55.0,36,23.46,1.529,0.23852,0.16275,0.16073,0.19749,0.32568,0.36639,0.61064,0.13833,0.10483,0.16158,0.04255,0.06063,79.1,68.0,87.3,36.9,32.8,23.6,50.4,14.7,21.8,69.3,94.5,56.7,153.1
0,168.6,72.5,50,25.51,1.843,0.24226,0.18013,0.18017,0.21881,0.32681,0.36766,0.61277,0.15311,0.11751,0.17903,0.05094,0.06188,93.4,81.2,103.1,40.0,35.6,27.8,53.9,15.9,27.8,74.1,101.1,60.7,168.6
0,167.8,57.3,53,20.33,1.634,0.23291,0.16232,0.15071,0.19734,0.31899,0.35886,0.5981,0.13797,0.09829,0.16146,0.04053,0.05913,87.6,70.8,96.9,40.0,35.5,22.8,54.8,16.0,23.0,75.4,102.8,61.7,167.8
0,156.4,57.4,41,23.45,1.579,0.23765,0.17657,0.16112,0.21433,0.32406,0.36457,0.60762,0.15009,0.10508,0.17536,0.04463,0.06044,85.6,67.9,94.4,36.7,32.6,23.4,50.0,14.6,22.8,68.7,93.7,56.2,156.4
0,157.3,57.5,27,23.25,1.585,0.2322,0.17166,0.16301,0.2084,0.31669,0.35627,0.59378,0.14591,0.10631,0.17051,0.04444,0.05905,84.2,69.5,92.9,36.3,32.2,23.8,49.4,14.5,22.9,68.0,92.7,55.6,157.3
0,159.4,63.0,69,24.81,1.67,0.23839,0.16297,0.16018,0.19782,0.32349,0.36392,0.60653,0.13853,0.10447,0.16185,0.04275,0.06075,82.5,70.5,91.1,38.4,34.2,24.4,52.1,15.3,22.8,71.7,97.8,58.7,159.4
0,147.2,55.1,67,25.45,1.501,0.2419,0.15995,0.14992,0.19387,0.32942,0.3706,0.61767,0.13596,0.09778,0.15862,0.03877,0.06156,74.2,60.5,81.8,35.7,31.7,21.8,48.6,14.2,18.9,66.9,91.2,54.7,147.2
0,164.8,71.8,51,26.45,1.813,0.22863,0.1717,0.16028,0.20846,0.30813,0.34665,0.57775,0.14595,0.10453,0.17056,0.04489,0.05842,90.4,73.4,99.8,38.3,34.2,25.6,51.7,15.2,24.9,71.0,96.9,58.1,164.8
0,160.6,64.6,53,25.04,1.698,0.2274,0.16503,0.1658,0.20033,0.30822,0.34674,0.57791,0.14027,0.10813,0.1639,0.04488,0.05798,84.7,74.0,93.4,37.1,33.1,25.6,50.3,14.8,24.2,69.2,94.4,56.6,160.6
0,169.1,56.0,64,19.57,1.621,0.22785,0.15516,0.1613,0.18868,0.31261,0.35169,0.58615,0.13189,0.1052,0.15437,0.04192,0.05781,84.4,76.3,93.3,39.5,35.0,24.3,54.2,15.8,24.0,74.5,101.5,60.9,169.1
0,155.0,49.3,53,20.5,1.457,0.23989,0.15895,0.15046,0.19308,0.32987,0.37111,0.61851,0.1351,0.09812,0.15797,0.03843,0.0608,76.5,63.0,84.5,36.8,32.5,21.1,50.6,14.7,19.5,69.5,94.8,56.9,155.0
0,158.3,54.9,33,21.91,1.554,0.2327,0.16956,0.15404,0.20594,0.3184,0.3582,0.597,0.14413,0.10046,0.1685,0.04128,0.0591,82.8,65.4,91.4,36.2,32.1,22.0,49.5,14.5,21.2,68.1,92.8,55.7,158.3
0,152.3,53.1,32,22.92,1.499,0.2274,0.16826,0.1545,0.2042,0.31103,0.34991,0.58318,0.14302,0.10076,0.16708,0.04259,0.05776,83.2,66.4,91.8,35.8,31.7,23.0,48.9,14.3,22.2,67.3,91.8,55.1,152.3
0,155.7,69.7,35,28.75,1.736,0.24158,0.17763,0.15959,0.21531,0.32494,0.36556,0.60926,0.15098,0.10408,0.17616,0.04401,0.06178,84.5,66.0,93.2,36.6,32.7,24.0,49.2,14.5,22.0,67.7,92.3,55.4,155.7
0,154.5,47.1,24,19.73,1.421,0.2354,0.16505,0.15185,0.20052,0.32443,0.36498,0.6083,0.14029,0.09903,0.16406,0.04024,0.05961,80.1,64.1,88.5,36.4,32.1,21.3,50.1,14.6,20.6,68.9,94.0,56.4,154.5
0,169.3,64.8,64,22.63,1.746,0.23257,0.16841,0.15075,0.20468,0.31626,0.3558,0.59299,0.14315,0.09831,0.16747,0.04098,0.05922,89.2,69.4,98.5,39.2,34.8,23.0,53.3,15.6,22.8,73.3,99.9,60.0,169.3
0,157.8,70.4,39,28.28,1.756,0.23618,0.16418,0.17421,0.19908,0.31776,0.35748,0.59581,0.13955,0.11362,0.16289,0.04716,0.0604,83.2,76.8,91.7,38.1,34.0,27.6,51.3,15.1,25.2,70.5,96.1,57.7,157.8
0,163.3,61.0,49,22.85,1.663,0.23883,0.17483,0.159,0.21238,0.32531,0.36597,0.60995,0.14861,0.1037,0.17376,0.04375,0.06077,88.0,69.6,97.2,38.3,34.0,23.4,52.1,15.3,23.2,71.6,97.7,58.6,163.3
0,159.9,66.5,60,26.0,1.719,0.2329,0.1666,0.17699,0.20218,0.31495,0.35431,0.59052,0.14161,0.11543,0.16542,0.04757,0.05943,83.4,77.1,92.1,37.1,33.1,27.0,50.2,14.8,25.1,69.0,94.1,56.5,159.9
0,153.9,55.6,36,23.48,1.542,0.23876,0.17034,0.17063,0.20673,0.32588,0.36662,0.61103,0.14479,0.11128,0.16914,0.0458,0.0607,81.0,70.5,89.3,36.1,32.1,24.4,49.3,14.4,22.9,67.8,92.4,55.5,153.9
0,161.4,65.4,57,25.12,1.712,0.23122,0.17204,0.16297,0.20885,0.31323,0.35238,0.58731,0.14623,0.10628,0.17087,0.04437,0.05896,85.6,70.5,94.5,36.6,32.6,24.4,49.6,14.6,23.3,68.2,93.1,55.8,161.4
0,166.6,64.2,18,23.13,1.723,0.23744,0.17654,0.15792,0.2145,0.32276,0.3631,0.60517,0.15006,0.10299,0.1755,0.04388,0.06047,90.6,70.5,100.0,38.8,34.5,23.6,52.7,15.5,23.7,72.5,98.8,59.3,166.6
0,154.3,64.1,52,26.93,1.658,0.2359,0.16517,0.16335,0.20027,0.31903,0.3589,0.59817,0.1404,0.10653,0.16386,0.04381,0.0602,80.8,69.5,89.1,36.8,32.7,24.9,49.7,14.6,22.6,68.3,93.2,55.9,154.3
0,168.0,52.2,22,18.49,1.561,0.22349,0.16348,0.15322,0.19881,0.3077,0.34616,0.57693,0.13895,0.09993,0.16266,0.04067,0.05662,86.6,70.5,95.7,37.7,33.3,22.2,51.9,15.1,22.7,71.3,97.2,58.3,168.0
0,156.7,55.5,67,22.61,1.555,0.22009,0.16084,0.1603,0.19528,0.30076,0.33835,0.56392,0.13671,0.10454,0.15978,0.04211,0.05593,79.9,69.3,88.2,34.8,30.9,23.6,47.6,13.9,22.0,65.4,89.2,53.5,156.7
0,159.2,64.1,29,25.29,1.684,0.22808,0.17028,0.1613,0.20666,0.30912,0.34776,0.57961,0.14474,0.1052,0.16908,0.04366,0.05815,84.0,69.2,92.7,35.8,31.9,24.1,48.6,14.3,22.7,66.8,91.1,54.6,159.2
0,166.1,72.7,29,26.33,1.831,0.24502,0.15497,0.17276,0.18818,0.33013,0.3714,0.619,0.13173,0.11267,0.15397,0.04437,0.06262,80.5,78.0,88.8,40.5,36.1,27.1,54.6,16.1,24.3,75.0,102.3,61.4,166.1
0,158.0,77.4,38,30.99,1.843,0.24306,0.19275,0.17799,0.2336,0.32463,0.36521,0.60869,0.16384,0.11608,0.19113,0.05258,0.06233,94.2,75.6,103.7,37.8,33.8,27.9,50.5,15.0,27.0,69.4,94.6,56.8,158.0
0,162.8,59.6,36,22.5,1.642,0.23602,0.17276,0.16067,0.20986,0.32188,0.36211,0.60352,0.14684,0.10478,0.17171,0.04388,0.06003,86.9,70.3,95.9,37.8,33.5,23.6,51.5,15.1,23.2,70.8,96.6,58.0,162.8
0,160.4,79.5,26,30.92,1.882,0.23804,0.17013,0.16426,0.20625,0.3176,0.3573,0.5955,0.14461,0.10713,0.16875,0.04592,0.06107,88.0,73.9,97.0,39.2,35.1,27.1,52.3,15.5,25.0,71.9,98.0,58.8,160.4
0,163.4,57.4,60,21.5,1.614,0.23686,0.16347,0.16068,0.19863,0.32384,0.36432,0.60721,0.13895,0.10479,0.16251,0.04197,0.06018,82.2,70.3,90.8,37.9,33.6,23.3,51.9,15.2,22.2,71.3,97.2,58.3,163.4
0,146.3,64.5,66,30.14,1.619,0.24232,0.17543,0.16707,0.21228,0.32631,0.3671,0.61183,0.14911,0.10896,0.17369,0.0456,0.06194,79.5,65.8,87.5,35.0,31.2,24.7,47.1,13.9,21.8,64.7,88.3,53.0,146.3
0,150.1,62.2,65,27.63,1.61,0.2354,0.17537,0.16624,0.21249,0.31839,0.35819,0.59698,0.14907,0.10842,0.17385,0.04622,0.06007,83.1,68.5,91.6,35.5,31.6,24.9,48.0,14.1,23.1,66.1,90.1,54.0,150.1
0,166.7,57.2,53,20.59,1.627,0.23274,0.15639,0.15898,0.1901,0.31865,0.35848,0.59747,0.13293,0.10368,0.15554,0.04067,0.0591,81.5,72.0,90.0,38.6,34.2,23.4,52.8,15.4,22.3,72.7,99.1,59.4,166.7
0,169.6,72.8,59,25.34,1.852,0.23814,0.17108,0.1672,0.20785,0.32129,0.36145,0.60241,0.14542,0.10904,0.17006,0.04636,0.06083,91.3,77.6,100.8,40.5,36.1,26.5,54.6,16.1,26.0,75.0,102.3,61.4,169.6
0,156.3,58.2,64,23.84,1.59,0.24074,0.17877,0.17452,0.21698,0.32795,0.36895,0.61491,0.15195,0.11382,0.17753,0.04896,0.06125,87.0,73.8,96.0,37.3,33.1,25.5,50.8,14.9,25.1,69.8,95.2,57.1,156.3
0,160.8,69.2,68,26.75,1.758,0.23501,0.16611,0.16504,0.20157,0.31704,0.35667,0.59445,0.14119,0.10764,0.16492,0.04461,0.06003,84.4,72.9,93.1,38.0,33.9,25.7,51.3,15.1,23.9,70.5,96.1,57.7,160.8
0,164.5,62.7,49,23.15,1.692,0.23474,0.16993,0.1692,0.20644,0.31933,0.35925,0.59874,0.14444,0.11035,0.1689,0.04606,0.05976,87.2,75.5,96.3,38.3,34.1,25.4,52.2,15.3,24.9,71.7,97.8,58.7,164.5
0,167.2,63.8,52,22.82,1.722,0.23389,0.1795,0.16298,0.21812,0.31813,0.35789,0.59649,0.15258,0.10629,0.17847,0.04651,0.05955,94.2,74.4,104.1,39.1,34.7,24.8,53.1,15.6,25.7,73.1,99.6,59.8,167.2
0,148.7,67.1,48,30.35,1.665,0.22564,0.17839,0.16823,0.21593,0.30331,0.34123,0.56871,0.15163,0.10972,0.17667,0.04729,0.05772,83.9,68.8,92.3,33.8,30.2,25.7,45.4,13.4,23.4,62.4,85.1,51.1,148.7
0,156.5,57.9,49,23.65,1.586,0.2368,0.16907,0.16092,0.20522,0.32273,0.36307,0.60512,0.14371,0.10494,0.1679,0.0435,0.06024,82.9,68.6,91.4,36.9,32.8,23.6,50.4,14.7,22.4,69.2,94.4,56.6,156.5
0,160.2,71.1,54,27.67,1.778,0.24141,0.18398,0.1747,0.22319,0.32494,0.36556,0.60926,0.15638,0.11393,0.18261,0.04918,0.06172,89.0,73.5,98.2,37.2,33.2,26.2,50.0,14.8,25.0,68.8,93.8,56.3,160.2
0,167.3,64.8,49,23.14,1.735,0.236,0.16493,0.162,0.20041,0.3207,0.36079,0.60131,0.14019,0.10565,0.16397,0.0438,0.06011,87.6,74.8,96.7,39.9,35.5,25.0,54.2,15.9,24.5,74.5,101.6,61.0,167.3
0,179.5,102.8,60,31.92,2.264,0.24157,0.18964,0.17064,0.2305,0.31822,0.358,0.59667,0.16119,0.11129,0.18859,0.0517,0.06229,107.3,84.0,118.6,43.5,39.2,30.3,57.3,17.2,30.8,78.8,107.5,64.5,179.5
0,160.9,55.5,54,21.43,1.575,0.23194,0.16179,0.14746,0.19656,0.31746,0.35714,0.59524,0.13752,0.09617,0.16082,0.03902,0.0589,82.6,65.5,91.3,37.7,33.4,21.8,51.6,15.1,21.0,71.0,96.8,58.1,160.9
0,152.9,50.7,56,21.66,1.467,0.23452,0.15372,0.1603,0.18663,0.32174,0.36196,0.60326,0.13066,0.10454,0.1527,0.04052,0.0595,74.5,67.5,82.2,36.2,32.0,23.0,49.6,14.5,20.7,68.2,93.0,55.8,152.9
0,165.2,85.1,55,31.16,1.976,0.23903,0.17992,0.18317,0.21827,0.31791,0.35765,0.59609,0.15293,0.11946,0.17858,0.05213,0.0614,92.3,81.7,101.8,39.0,35.0,29.8,51.9,15.4,28.1,71.4,97.3,58.4,165.2
0,171.5,65.6,47,22.29,1.767,0.23958,0.16488,0.16763,0.20044,0.32582,0.36655,0.61092,0.14015,0.10932,0.164,0.04472,0.061,87.9,77.7,97.1,40.6,36.1,25.5,55.3,16.2,25.1,76.0,103.6,62.2,171.5
0,163.2,84.1,49,31.57,1.953,0.24188,0.17859,0.17612,0.21658,0.32168,0.3619,0.60316,0.1518,0.11486,0.1772,0.05018,0.06214,91.6,78.5,101.0,39.5,35.4,28.8,52.5,15.6,27.1,72.2,98.5,59.1,163.2
0,156.3,68.4,62,27.98,1.723,0.24026,0.17533,0.17606,0.21259,0.32373,0.36419,0.60699,0.14903,0.11482,0.17393,0.04854,0.0614,84.8,74.1,93.5,37.0,33.0,26.7,49.8,14.7,24.7,68.5,93.5,56.1,156.3
0,169.0,66.9,19,23.42,1.772,0.23421,0.17747,0.16919,0.21567,0.3178,0.35752,0.59587,0.15085,0.11034,0.17646,0.04758,0.05969,93.1,77.2,102.9,39.1,34.8,25.8,53.1,15.6,26.3,73.0,99.5,59.7,169.0
0,167.0,49.3,68,17.67,1.512,0.23399,0.16374,0.15731,0.19916,0.32302,0.3634,0.60566,0.13918,0.10259,0.16295,0.04171,0.05921,86.1,71.9,95.2,39.2,34.6,22.4,54.1,15.7,23.1,74.4,101.4,60.8,167.0
0,155.5,58.0,28,23.97,1.583,0.23273,0.1657,0.15247,0.2011,0.31704,0.35667,0.59444,0.14085,0.09944,0.16453,0.04138,0.05922,82.9,66.3,91.4,37.0,32.9,23.0,50.5,14.8,21.8,69.4,94.6,56.8,155.5
0,165.1,66.7,37,24.47,1.749,0.23964,0.17238,0.1585,0.20936,0.32472,0.36531,0.60885,0.14652,0.10337,0.1713,0.04352,0.0611,88.3,70.6,97.5,39.1,34.8,24.1,53.0,15.6,23.5,72.8,99.3,59.6,165.1
0,169.3,84.0,54,29.32,1.988,0.23532,0.17263,0.17003,0.2096,0.31395,0.35319,0.58865,0.14673,0.11089,0.17149,0.04749,0.06038,91.6,78.4,101.1,39.7,35.6,27.9,53.0,15.7,26.5,72.9,99.4,59.6,169.3
0,170.5,91.6,26,31.5,2.083,0.23902,0.16937,0.17598,0.20562,0.31673,0.35632,0.59387,0.14397,0.11477,0.16823,0.04877,0.06149,90.7,82.0,100.1,40.7,36.6,29.7,54.0,16.1,27.5,74.2,101.2,60.7,170.5
0,162.0,56.2,55,21.4,1.591,0.23196,0.16491,0.15571,0.20037,0.31738,0.35705,0.59509,0.14018,0.10155,0.16394,0.04173,0.05891,84.5,69.4,93.4,37.9,33.6,23.0,51.8,15.1,22.5,71.2,97.1,58.3,162.0
0,160.1,70.6,66,27.56,1.772,0.24361,0.1801,0.15718,0.21848,0.32803,0.36903,0.61506,0.15308,0.10251,0.17876,0.04447,0.06227,89.6,68.0,98.8,38.6,34.4,24.2,51.9,15.3,23.3,71.4,97.4,58.4,160.1
0,170.8,79.9,36,27.39,1.948,0.23236,0.17562,0.18194,0.21333,0.31149,0.35042,0.58404,0.14928,0.11865,0.17454,0.05131,0.05951,93.8,84.5,103.5,39.5,35.3,29.4,52.9,15.7,28.8,72.8,99.3,59.6,170.8
0,154.3,68.7,57,28.86,1.716,0.23429,0.17154,0.1669,0.20788,0.31527,0.35468,0.59113,0.14581,0.10885,0.17009,0.04582,0.05991,83.4,70.6,91.9,36.3,32.4,25.7,48.8,14.4,23.5,67.1,91.5,54.9,154.3
0,165.5,71.7,24,26.17,1.815,0.23109,0.17195,0.16464,0.20879,0.31159,0.35054,0.58423,0.14616,0.10738,0.17083,0.04623,0.05904,91.1,75.8,100.5,39.0,34.7,26.3,52.5,15.5,25.8,72.2,98.5,59.1,165.5
0,153.2,40.6,22,17.28,1.314,0.23389,0.16076,0.16053,0.19545,0.32458,0.36516,0.6086,0.13665,0.1047,0.15991,0.04103,0.05906,76.1,66.1,84.2,35.3,31.1,21.4,48.9,14.2,20.5,67.3,91.8,55.1,153.2
0,169.7,67.5,64,23.42,1.784,0.23185,0.17958,0.14874,0.21824,0.3145,0.35381,0.58969,0.15264,0.097,0.17856,0.04231,0.05909,94.9,68.4,104.8,39.0,34.7,22.8,52.9,15.5,23.5,72.7,99.2,59.5,169.7
0,160.7,51.1,59,19.76,1.51,0.23258,0.16969,0.15289,0.20624,0.31983,0.35981,0.59968,0.14424,0.09971,0.16874,0.04143,0.05895,85.4,66.9,94.3,37.2,33.0,21.8,51.2,14.9,21.9,70.4,96.0,57.6,160.7
0,171.1,68.0,41,23.23,1.798,0.2251,0.16724,0.15364,0.20328,0.30534,0.34351,0.57251,0.14216,0.1002,0.16632,0.04305,0.05737,93.6,74.8,103.5,40.1,35.7,24.8,54.4,16.0,25.4,74.8,102.0,61.2,171.1
0,165.8,78.1,65,28.41,1.897,0.23375,0.17991,0.16789,0.21837,0.31318,0.35233,0.58721,0.15292,0.10949,0.17867,0.04816,0.05988,93.8,76.1,103.5,38.8,34.7,27.0,52.0,15.4,26.4,71.5,97.4,58.5,165.8
0,154.2,60.2,58,25.33,1.606,0.23421,0.16283,0.16191,0.19751,0.31809,0.35785,0.59642,0.1384,0.10559,0.1616,0.04274,0.05967,79.2,68.4,87.3,36.2,32.2,24.1,49.2,14.4,21.9,67.7,92.3,55.4,154.2
0,172.2,86.7,24,29.23,2.036,0.23533,0.18,0.18085,0.21863,0.3136,0.3528,0.588,0.153,0.11794,0.17888,0.05257,0.06041,98.3,85.9,108.5,40.9,36.6,30.4,54.5,16.2,30.2,74.9,102.2,61.3,172.2
0,173.0,76.3,28,25.49,1.915,0.24271,0.17676,0.17293,0.21482,0.32683,0.36768,0.6128,0.15025,0.11278,0.17576,0.04878,0.06204,95.0,80.8,105.0,41.5,37.1,27.5,55.9,16.5,27.6,76.9,104.9,62.9,173.0
0,168.5,54.8,26,19.28,1.601,0.23133,0.16804,0.16341,0.20434,0.3177,0.35742,0.5957,0.14283,0.10657,0.16718,0.0439,0.05866,88.0,74.4,97.3,38.6,34.1,23.6,53.0,15.4,24.2,72.8,99.3,59.6,168.5
0,157.3,39.6,66,16.0,1.315,0.23199,0.16067,0.15022,0.19544,0.32268,0.36301,0.60502,0.13657,0.09797,0.15991,0.03868,0.05852,78.9,64.1,87.2,36.3,31.9,20.1,50.4,14.6,20.0,69.3,94.6,56.7,157.3
0,160.4,63.5,47,24.66,1.682,0.23562,0.17491,0.15667,0.21233,0.31973,0.35969,0.59949,0.14867,0.10217,0.17372,0.04321,0.06005,86.8,67.6,95.8,37.2,33.1,23.3,50.5,14.8,22.6,69.4,94.7,56.8,160.4
0,163.5,62.0,58,23.19,1.678,0.22878,0.17908,0.14573,0.21752,0.31131,0.35023,0.58371,0.15222,0.09504,0.17797,0.04193,0.05824,93.4,66.1,103.1,38.0,33.8,22.3,51.7,15.1,23.0,71.1,96.9,58.2,163.5
0,157.7,50.7,20,20.37,1.49,0.23264,0.16201,0.14554,0.19684,0.31971,0.35968,0.59946,0.13771,0.09491,0.16105,0.03832,0.05898,80.8,63.1,89.3,36.9,32.7,20.9,50.8,14.8,20.1,69.8,95.2,57.1,157.7
0,174.0,54.5,39,18.01,1.623,0.23389,0.16684,0.1567,0.20297,0.32186,0.3621,0.60349,0.14181,0.1022,0.16607,0.04222,0.05926,91.1,74.4,100.8,40.7,36.0,22.9,55.9,16.3,24.3,76.9,104.9,62.9,174.0
0,163.5,56.7,57,21.22,1.605,0.22976,0.16158,0.15695,0.19635,0.31437,0.35367,0.58944,0.13734,0.10236,0.16065,0.04153,0.05836,83.8,70.8,92.5,37.9,33.6,23.3,51.9,15.2,22.7,71.3,97.3,58.4,163.5
0,144.1,48.3,68,23.26,1.391,0.23469,0.17156,0.15932,0.20804,0.32175,0.36197,0.60328,0.14583,0.10391,0.17021,0.04283,0.05956,76.8,62.0,84.7,33.5,29.6,22.1,45.9,13.4,20.2,63.1,86.0,51.6,144.1
0,164.8,73.1,37,26.93,1.83,0.22903,0.17724,0.16395,0.21517,0.30826,0.3468,0.57799,0.15066,0.10692,0.17605,0.04669,0.05856,92.5,74.4,102.1,38.0,34.0,26.1,51.2,15.1,25.6,70.4,96.0,57.6,164.8
0,160.1,63.7,49,24.83,1.683,0.24725,0.17532,0.18026,0.21282,0.33538,0.37731,0.62885,0.14902,0.11756,0.17413,0.04965,0.06302,86.5,77.3,95.5,38.8,34.6,26.8,52.7,15.5,25.8,72.4,98.8,59.3,160.1
0,162.0,82.9,65,31.61,1.932,0.24038,0.18636,0.1668,0.22596,0.31987,0.35985,0.59975,0.15841,0.10878,0.18488,0.04936,0.06174,96.2,74.9,106.0,39.5,35.4,27.5,52.5,15.6,26.8,72.3,98.5,59.1,162.0
0,160.0,51.6,24,20.16,1.515,0.24348,0.16425,0.16702,0.1996,0.33454,0.37635,0.62726,0.13961,0.10893,0.16331,0.04322,0.06173,80.0,70.7,88.4,37.7,33.4,23.2,51.9,15.1,22.2,71.3,97.2,58.3,160.0
0,168.0,78.8,24,27.93,1.918,0.23819,0.17834,0.17499,0.21655,0.31922,0.35912,0.59854,0.15159,0.11412,0.17718,0.04891,0.061,91.3,77.9,100.8,38.8,34.7,27.4,52.0,15.4,26.4,71.6,97.6,58.5,168.0
0,170.1,70.2,37,24.24,1.821,0.23335,0.17147,0.16342,0.20837,0.31574,0.35521,0.59201,0.14575,0.10658,0.17049,0.04533,0.05953,91.8,76.1,101.4,39.8,35.4,25.6,53.8,15.8,25.5,74.0,100.9,60.5,170.1
0,164.4,73.2,42,27.06,1.828,0.24027,0.18154,0.1788,0.22038,0.32332,0.36374,0.60623,0.15431,0.11661,0.18031,0.05087,0.06144,92.2,79.0,101.7,38.8,34.7,27.7,52.3,15.4,27.2,71.9,98.0,58.8,164.4
0,160.2,57.3,62,22.33,1.597,0.2239,0.16647,0.16791,0.20219,0.30579,0.34402,0.57336,0.1415,0.10951,0.16543,0.04527,0.05691,84.3,73.9,93.1,36.1,32.0,24.9,49.3,14.4,24.1,67.8,92.4,55.4,160.2
0,162.2,75.9,52,28.85,1.85,0.24666,0.18568,0.17141,0.22526,0.33065,0.37198,0.61996,0.15783,0.11179,0.18431,0.04956,0.06317,93.2,74.8,102.8,39.4,35.2,26.8,52.8,15.6,26.2,72.6,99.1,59.4,162.2
0,162.6,66.9,61,25.28,1.738,0.24268,0.16726,0.16955,0.20307,0.32844,0.36949,0.61582,0.14217,0.11057,0.16615,0.04598,0.06191,85.7,75.5,94.6,39.6,35.2,26.1,53.6,15.8,24.8,73.6,100.4,60.3,162.6
0,157.0,52.8,41,21.42,1.518,0.2384,0.15619,0.15691,0.1897,0.32677,0.36762,0.6127,0.13276,0.10234,0.15521,0.0406,0.0605,78.6,68.6,86.8,38.2,33.8,23.1,52.3,15.3,21.5,71.9,98.1,58.9,157.0
0,166.4,66.5,57,24.0,1.753,0.2188,0.16227,0.15455,0.19713,0.2967,0.33379,0.55632,0.13793,0.1008,0.16129,0.04266,0.05577,89.6,74.2,98.9,38.5,34.2,25.1,52.1,15.3,24.8,71.7,97.8,58.7,166.4
0,165.6,63.3,30,23.09,1.707,0.2349,0.16731,0.16222,0.20327,0.31946,0.35939,0.59898,0.14221,0.10579,0.16631,0.04406,0.05981,87.4,73.7,96.5,39.1,34.7,24.7,53.1,15.6,24.2,73.0,99.6,59.8,165.6
0,173.0,78.2,69,26.13,1.938,0.2454,0.17733,0.16363,0.2155,0.32984,0.37107,0.61845,0.15073,0.10672,0.17631,0.04653,0.06278,96.0,77.0,106.0,42.3,37.7,26.4,56.8,16.8,26.5,78.1,106.5,63.9,173.0
0,171.0,57.6,65,19.68,1.654,0.23691,0.1673,0.15785,0.20345,0.32473,0.36532,0.60887,0.1422,0.10294,0.16646,0.04207,0.06013,88.1,72.3,97.4,39.7,35.2,23.0,54.5,15.9,23.3,74.9,102.1,61.3,171.0
0,157.8,59.6,56,23.93,1.617,0.23257,0.1669,0.15819,0.2026,0.31655,0.35611,0.59352,0.14187,0.10317,0.16576,0.04249,0.05919,82.7,68.2,91.3,36.7,32.6,23.5,49.9,14.6,22.2,68.7,93.6,56.2,157.8
0,168.1,72.7,21,25.72,1.842,0.23187,0.17468,0.17478,0.21217,0.31269,0.35178,0.5863,0.14848,0.11399,0.1736,0.04855,0.05924,90.9,79.1,100.3,38.4,34.2,27.2,51.8,15.3,26.6,71.2,97.1,58.2,168.1
0,156.0,58.9,29,24.18,1.597,0.23878,0.16764,0.16032,0.20345,0.32502,0.36565,0.60941,0.14249,0.10455,0.16646,0.04338,0.06077,82.7,68.8,91.3,37.5,33.3,23.9,51.1,15.0,22.5,70.2,95.7,57.4,156.0
0,167.2,84.6,34,30.23,1.982,0.23892,0.1763,0.16363,0.21397,0.31826,0.35804,0.59673,0.14986,0.10671,0.17507,0.04654,0.06134,93.1,75.1,102.7,40.2,36.0,27.1,53.5,15.9,25.9,73.6,100.3,60.2,167.2
0,159.0,69.3,18,27.43,1.75,0.23768,0.17529,0.16542,0.21264,0.32032,0.36036,0.6006,0.149,0.10788,0.17398,0.0457,0.06074,86.2,70.7,95.0,37.2,33.2,25.2,50.1,14.8,23.7,68.9,94.0,56.4,159.0
0,155.5,58.1,34,24.02,1.584,0.22754,0.16016,0.13579,0.19437,0.30992,0.34866,0.5811,0.13613,0.08856,0.15903,0.03632,0.0579,81.3,59.9,89.7,36.8,32.6,20.8,50.1,14.7,19.4,68.8,93.9,56.3,155.5
0,164.4,67.4,19,24.95,1.755,0.23718,0.17529,0.16121,0.21287,0.32104,0.36117,0.60195,0.149,0.10513,0.17417,0.0452,0.0605,90.5,72.4,99.9,39.0,34.7,24.8,52.8,15.5,24.6,72.6,98.9,59.4,164.4
0,144.3,52.7,23,25.29,1.453,0.23397,0.16856,0.16148,0.20425,0.31915,0.35904,0.59841,0.14327,0.10532,0.16711,0.04337,0.0595,76.9,64.0,84.7,34.0,30.2,23.2,46.3,13.6,20.8,63.7,86.9,52.1,144.3
0,150.6,58.4,61,25.75,1.563,0.23928,0.18532,0.16626,0.22468,0.32511,0.36575,0.60959,0.15752,0.10843,0.18383,0.04728,0.06094,85.9,67.0,94.7,35.3,31.4,24.0,48.0,14.1,23.1,66.0,90.0,54.0,150.6
0,161.3,45.9,28,17.63,1.434,0.23699,0.15956,0.16285,0.19403,0.32777,0.36874,0.61456,0.13563,0.1062,0.15875,0.04236,0.05992,81.5,72.3,90.1,38.5,34.0,22.9,53.3,15.5,22.8,73.3,99.9,59.9,161.3
0,163.1,60.7,60,22.85,1.659,0.23609,0.1662,0.16579,0.20189,0.32162,0.36182,0.60303,0.14127,0.10812,0.16518,0.04431,0.06007,84.5,73.3,93.3,38.2,33.9,24.6,52.0,15.2,23.7,71.6,97.6,58.5,163.1
0,160.0,47.8,35,18.68,1.458,0.24278,0.17674,0.15907,0.21486,0.33493,0.3768,0.62799,0.15023,0.10374,0.17579,0.0441,0.06145,87.6,68.6,96.8,38.3,33.9,22.1,52.9,15.4,23.0,72.7,99.1,59.5,160.0
0,151.8,68.8,57,29.88,1.703,0.23544,0.17421,0.15586,0.21099,0.31637,0.35591,0.59318,0.14808,0.10165,0.17263,0.04374,0.06023,85.0,66.1,93.5,36.5,32.6,24.4,49.1,14.5,22.5,67.5,92.1,55.2,151.8
0,156.9,58.6,42,23.8,1.599,0.2361,0.17286,0.15885,0.20982,0.32157,0.36177,0.60295,0.14693,0.1036,0.17167,0.04384,0.06008,85.4,68.2,94.2,37.1,33.0,23.5,50.6,14.8,22.8,69.5,94.8,56.9,156.9
0,165.2,63.5,56,23.27,1.706,0.23332,0.17046,0.15761,0.20708,0.31721,0.35686,0.59476,0.14489,0.10279,0.16943,0.04347,0.05941,89.0,71.6,98.3,38.8,34.5,24.1,52.7,15.5,23.9,72.5,98.9,59.3,165.2
0,166.5,77.6,45,28.01,1.894,0.24675,0.18135,0.16671,0.22015,0.33086,0.37222,0.62037,0.15414,0.10872,0.18012,0.04761,0.06318,93.5,74.7,103.2,40.5,36.2,26.4,54.3,16.1,25.8,74.7,101.8,61.1,166.5
0,162.4,68.1,63,25.84,1.753,0.23972,0.17638,0.16192,0.21411,0.32397,0.36447,0.60745,0.14992,0.1056,0.17518,0.04522,0.06119,89.1,71.1,98.3,38.5,34.3,24.7,52.1,15.3,24.0,71.6,97.7,58.6,162.4
0,170.4,57.6,33,19.85,1.651,0.22837,0.15834,0.14502,0.19254,0.31294,0.35205,0.58675,0.13459,0.09458,0.15753,0.03773,0.05797,85.0,67.7,94.0,39.0,34.6,21.6,53.5,15.6,21.3,73.6,100.3,60.2,170.4
0,165.2,64.8,29,23.76,1.725,0.22752,0.16845,0.15187,0.20463,0.30889,0.3475,0.57917,0.14319,0.09905,0.16742,0.04183,0.05797,88.8,69.6,98.1,38.2,34.0,23.6,51.8,15.2,23.2,71.3,97.2,58.3,165.2
0,157.4,56.3,58,22.71,1.569,0.23996,0.16263,0.16801,0.19747,0.32773,0.3687,0.61449,0.13824,0.10957,0.16156,0.04372,0.06099,79.2,71.1,87.4,37.2,33.0,24.2,50.8,14.9,22.4,69.8,95.2,57.1,157.4
0,160.6,46.1,69,17.88,1.434,0.22705,0.15933,0.15139,0.19373,0.31387,0.35311,0.58851,0.13543,0.09873,0.15851,0.03912,0.05742,80.5,66.5,88.9,36.5,32.2,21.2,50.5,14.6,20.8,69.4,94.6,56.8,160.6
0,153.0,50.0,46,21.38,1.458,0.22714,0.15684,0.15018,0.19045,0.31184,0.35082,0.58471,0.13332,0.09794,0.15582,0.039,0.05761,77.2,64.3,85.3,35.6,31.5,21.9,48.9,14.2,20.2,67.2,91.7,55.0,153.0
0,161.8,61.0,40,23.31,1.655,0.23453,0.16607,0.15765,0.20169,0.31926,0.35916,0.5986,0.14116,0.10281,0.16502,0.04306,0.05969,86.4,71.3,95.4,38.8,34.5,24.2,52.9,15.5,23.6,72.7,99.1,59.5,161.8
0,170.1,68.2,38,23.58,1.795,0.23904,0.1725,0.17169,0.20964,0.32406,0.36457,0.60761,0.14662,0.11197,0.17152,0.04752,0.06094,91.6,79.2,101.2,40.4,35.9,26.5,54.8,16.1,26.5,75.3,102.7,61.6,170.1
0,167.2,52.2,33,18.69,1.557,0.22475,0.16146,0.15164,0.19635,0.30934,0.34801,0.58002,0.13724,0.09889,0.16065,0.04036,0.05694,86.4,70.6,95.6,38.3,33.9,22.3,52.7,15.3,22.7,72.5,98.8,59.3,167.2
0,172.0,86.6,68,29.25,2.034,0.25378,0.18469,0.18121,0.22432,0.3382,0.38048,0.63413,0.15698,0.11818,0.18354,0.05226,0.06514,97.1,82.8,107.2,42.5,38.1,29.4,56.6,16.8,28.9,77.8,106.1,63.7,172.0
0,160.4,60.8,65,23.63,1.647,0.2344,0.16307,0.15407,0.19801,0.31896,0.35883,0.59805,0.13861,0.10048,0.16201,0.04121,0.05967,83.4,68.5,92.0,38.1,33.9,23.4,51.9,15.2,22.2,71.4,97.3,58.4,160.4
0,171.7,71.3,58,24.2,1.844,0.24143,0.16944,0.16014,0.20593,0.32651,0.36733,0.61221,0.14403,0.10444,0.16849,0.04405,0.06161,91.4,75.1,101.0,41.4,36.9,25.2,56.0,16.5,25.0,77.1,105.1,63.1,171.7
0,161.2,66.9,62,25.74,1.73,0.22641,0.17671,0.16801,0.21448,0.30622,0.34449,0.57416,0.1502,0.10957,0.17549,0.0472,0.05777,89.3,73.8,98.5,36.4,32.4,25.7,49.2,14.5,25.1,67.7,92.3,55.4,161.2
0,172.5,62.6,43,21.03,1.732,0.23348,0.16975,0.16927,0.20641,0.31859,0.35842,0.59736,0.14429,0.11039,0.16888,0.04683,0.05937,93.0,80.7,102.8,40.7,36.1,26.0,55.6,16.3,27.0,76.4,104.2,62.5,172.5
0,162.4,68.5,54,25.99,1.758,0.23277,0.16056,0.16943,0.1949,0.31446,0.35376,0.58961,0.13647,0.11049,0.15946,0.04566,0.05943,84.7,77.8,93.5,39.1,34.8,27.1,52.8,15.6,25.4,72.6,99.1,59.4,162.4
0,167.3,63.2,39,22.59,1.714,0.24381,0.16063,0.1652,0.1952,0.33183,0.37331,0.62218,0.13654,0.10774,0.15971,0.04336,0.06206,84.2,75.3,93.0,40.7,36.1,25.0,55.4,16.2,23.9,76.1,103.8,62.3,167.3
0,172.5,61.5,68,20.65,1.716,0.22482,0.1603,0.15763,0.19493,0.30712,0.34551,0.57585,0.13626,0.1028,0.15949,0.04177,0.05714,87.9,75.1,97.2,39.2,34.8,24.1,53.6,15.7,24.1,73.7,100.5,60.3,172.5
0,161.2,68.9,27,26.51,1.756,0.24324,0.17836,0.17616,0.21646,0.32829,0.36933,0.61555,0.15161,0.11489,0.1771,0.04986,0.06212,90.2,77.4,99.5,39.1,34.9,27.2,52.8,15.6,26.5,72.6,99.0,59.4,161.2
0,164.0,83.3,24,30.99,1.948,0.24777,0.18561,0.17942,0.22514,0.32992,0.37116,0.6186,0.15777,0.11701,0.18421,0.05261,0.06362,95.8,80.5,105.6,40.7,36.5,29.4,54.2,16.1,28.6,74.5,101.6,61.0,164.0
0,171.3,79.8,26,27.2,1.948,0.22991,0.17088,0.15417,0.20759,0.3083,0.34684,0.57807,0.14525,0.10055,0.16985,0.0427,0.05887,91.6,71.8,101.1,39.2,35.1,25.0,52.6,15.6,24.1,72.3,98.6,59.2,171.3
0,161.6,73.5,42,28.13,1.816,0.2461,0.18075,0.16588,0.21929,0.33063,0.37196,0.61993,0.15364,0.10818,0.17942,0.04673,0.06297,89.7,71.6,98.9,38.9,34.7,25.5,52.2,15.4,24.4,71.8,97.9,58.7,161.6
0,153.5,51.9,63,22.01,1.487,0.23446,0.17294,0.15901,0.20995,0.3213,0.36146,0.60244,0.147,0.1037,0.17178,0.04396,0.05951,84.1,67.2,92.8,36.3,32.2,23.0,49.7,14.5,22.5,68.4,93.2,55.9,153.5
0,177.1,57.5,32,18.33,1.681,0.22983,0.16379,0.1431,0.19928,0.31567,0.35513,0.59188,0.13922,0.09333,0.16305,0.03835,0.05828,91.8,69.7,101.5,41.0,36.3,21.4,56.3,16.4,22.6,77.4,105.5,63.3,177.1
0,159.3,78.6,30,30.98,1.865,0.23146,0.18165,0.1631,0.22019,0.30895,0.34756,0.57927,0.1544,0.10637,0.18015,0.04764,0.05938,93.2,72.8,102.7,37.8,33.9,26.8,50.5,15.0,25.7,69.4,94.6,56.8,159.3
0,163.6,91.2,59,34.1,2.036,0.24483,0.18873,0.17369,0.22879,0.32332,0.36374,0.60623,0.16042,0.11328,0.18719,0.05156,0.06307,97.3,77.8,107.2,40.2,36.1,29.2,53.0,15.8,28.0,72.9,99.5,59.7,163.6
0,170.4,90.7,63,31.26,2.072,0.2398,0.17694,0.17488,0.2148,0.31801,0.35776,0.59626,0.1504,0.11405,0.17575,0.0497,0.06167,94.1,80.9,103.9,40.6,36.5,29.3,53.8,16.0,27.8,74.0,101.0,60.6,170.4
0,158.4,57.0,43,22.71,1.583,0.23168,0.16473,0.15698,0.20003,0.3163,0.35584,0.59306,0.14002,0.10238,0.16366,0.04198,0.05889,82.6,68.4,91.1,37.0,32.8,23.2,50.5,14.8,22.1,69.4,94.6,56.8,158.4
0,155.6,47.9,38,19.76,1.439,0.23755,0.16357,0.154,0.19875,0.32723,0.36813,0.61356,0.13904,0.10043,0.16261,0.04035,0.06017,79.5,65.1,87.8,36.7,32.5,21.5,50.6,14.7,20.6,69.6,94.9,56.9,155.6
0,164.2,54.1,40,20.06,1.571,0.24072,0.16395,0.16117,0.19929,0.33034,0.37164,0.61939,0.13936,0.10511,0.16305,0.04286,0.06106,84.8,72.5,93.7,39.6,35.1,23.5,54.4,15.9,23.3,74.8,102.0,61.2,164.2
0,150.3,40.8,61,18.06,1.305,0.22878,0.16054,0.14686,0.19512,0.31712,0.35677,0.59461,0.13646,0.09578,0.15964,0.03853,0.0578,77.3,61.5,85.4,35.1,30.9,20.3,48.6,14.1,19.5,66.8,91.2,54.7,150.3
0,160.5,60.9,45,23.61,1.647,0.23689,0.17131,0.15998,0.20801,0.32236,0.36265,0.60442,0.14561,0.10433,0.17019,0.04377,0.0603,86.0,69.8,94.9,37.9,33.6,23.8,51.5,15.1,23.1,70.8,96.6,57.9,160.5
0,164.2,85.1,68,31.59,1.971,0.23752,0.16392,0.16526,0.19881,0.31572,0.35518,0.59197,0.13933,0.10778,0.16266,0.04457,0.06103,84.8,74.3,93.5,39.1,35.1,27.2,52.0,15.5,24.3,71.5,97.5,58.5,164.2
0,160.7,60.6,55,23.47,1.644,0.23076,0.16194,0.16844,0.19664,0.31411,0.35337,0.58896,0.13765,0.10985,0.16089,0.04431,0.05873,81.6,73.8,90.1,37.0,32.9,25.1,50.4,14.8,23.5,69.3,94.5,56.7,160.7
0,152.0,58.5,29,25.31,1.572,0.23857,0.1572,0.15757,0.19064,0.32432,0.36486,0.6081,0.13362,0.10277,0.15598,0.0406,0.06075,75.7,66.0,83.5,36.6,32.5,23.4,49.7,14.6,20.6,68.4,93.2,55.9,152.0
0,173.3,91.3,41,30.38,2.097,0.23796,0.17915,0.16539,0.21761,0.31588,0.35537,0.59228,0.15228,0.10786,0.17804,0.04804,0.06118,98.5,79.1,108.8,41.7,37.4,28.3,55.3,16.5,27.8,76.0,103.7,62.2,173.3
0,163.2,59.8,30,22.45,1.646,0.24062,0.16875,0.16194,0.20501,0.32814,0.36915,0.61526,0.14344,0.10561,0.16773,0.04394,0.0612,86.3,72.0,95.3,39.2,34.8,24.1,53.4,15.6,23.7,73.5,100.2,60.1,163.2
0,172.2,100.8,57,33.99,2.196,0.24098,0.18597,0.17426,0.22576,0.31679,0.35639,0.59398,0.15807,0.11364,0.18471,0.05175,0.06219,101.0,82.3,111.4,41.6,37.5,30.5,54.8,16.4,29.6,75.3,102.7,61.6,172.2
0,160.7,87.2,65,33.74,1.973,0.24472,0.18214,0.17896,0.22071,0.32401,0.36452,0.60753,0.15482,0.11672,0.18058,0.05068,0.06298,89.7,76.6,98.8,38.3,34.4,28.7,50.8,15.1,26.3,69.8,95.2,57.1,160.7
0,156.5,57.6,19,23.52,1.583,0.23953,0.17322,0.16464,0.21026,0.32656,0.36738,0.6123,0.14724,0.10737,0.17203,0.04502,0.06093,84.2,69.6,92.9,37.0,32.9,23.9,50.5,14.8,23.0,69.4,94.7,56.8,156.5
0,164.3,58.9,56,21.8,1.639,0.23588,0.17133,0.15848,0.20818,0.32212,0.36239,0.60398,0.14563,0.10336,0.17033,0.04331,0.05996,87.7,70.6,96.9,38.4,34.1,23.4,52.5,15.4,23.3,72.2,98.4,59.1,164.3
0,161.0,70.2,29,27.07,1.772,0.2311,0.16644,0.18241,0.20196,0.31145,0.35038,0.58397,0.14147,0.11896,0.16524,0.0493,0.05906,84.4,80.5,93.1,37.3,33.3,28.4,50.3,14.8,26.3,69.1,94.3,56.6,161.0
0,154.5,54.1,56,22.67,1.524,0.23514,0.15417,0.15407,0.18715,0.32155,0.36175,0.60291,0.13104,0.10048,0.15312,0.03978,0.05974,77.2,67.1,85.2,37.5,33.2,23.0,51.2,15.0,21.0,70.4,96.1,57.6,154.5
0,172.5,58.8,68,19.75,1.678,0.22791,0.16246,0.15892,0.19758,0.31216,0.35118,0.5853,0.13809,0.10365,0.16165,0.04249,0.05786,89.1,75.8,98.5,39.8,35.3,24.0,54.5,15.9,24.5,74.9,102.2,61.3,172.5
0,158.3,74.9,31,29.9,1.815,0.241,0.18471,0.15674,0.22391,0.32277,0.36312,0.6052,0.157,0.10222,0.1832,0.04577,0.06174,92.7,68.4,102.2,38.5,34.4,25.0,51.6,15.3,24.2,70.9,96.7,58.0,158.3
0,150.0,66.5,47,29.57,1.665,0.24075,0.1835,0.16336,0.22221,0.32405,0.36455,0.60759,0.15598,0.10654,0.18181,0.04687,0.06155,86.8,67.2,95.6,36.3,32.4,24.9,48.8,14.4,23.3,67.1,91.5,54.9,150.0
0,171.5,72.6,58,24.69,1.861,0.23086,0.17428,0.15774,0.2118,0.31178,0.35076,0.58459,0.14814,0.10287,0.17329,0.04432,0.05894,94.0,74.0,103.8,39.6,35.3,25.0,53.5,15.8,25.2,73.6,100.3,60.2,171.5
0,159.1,49.1,67,19.4,1.473,0.22993,0.16031,0.15025,0.19484,0.31667,0.35625,0.59376,0.13627,0.09799,0.15941,0.03874,0.05824,79.3,64.7,87.7,36.2,32.0,21.1,49.9,14.5,20.2,68.6,93.5,56.1,159.1
0,158.4,48.9,60,19.51,1.467,0.2319,0.16738,0.158,0.20341,0.31937,0.3593,0.59883,0.14227,0.10304,0.16643,0.04228,0.05874,82.9,68.1,91.6,36.6,32.3,22.3,50.4,14.7,22.1,69.3,94.4,56.7,158.4
0,150.5,55.5,65,24.49,1.523,0.23469,0.16893,0.1714,0.20488,0.31993,0.35992,0.59986,0.14359,0.11179,0.16763,0.04559,0.0597,78.5,69.3,86.6,34.7,30.8,24.5,47.3,13.9,22.3,65.1,88.7,53.2,150.5
0,174.3,67.1,36,22.09,1.803,0.24239,0.16343,0.16254,0.19873,0.3295,0.37069,0.61781,0.13892,0.106,0.16259,0.04365,0.06173,89.9,77.8,99.4,42.5,37.7,25.3,57.7,16.9,25.3,79.4,108.2,64.9,174.3
0,153.7,53.6,48,22.69,1.513,0.23392,0.15616,0.15848,0.18955,0.31995,0.35994,0.5999,0.13273,0.10336,0.15509,0.04023,0.05942,75.1,66.3,82.9,35.8,31.8,22.8,49.0,14.3,20.4,67.4,91.9,55.1,153.7
0,162.9,75.9,60,28.61,1.853,0.24414,0.17731,0.16674,0.21514,0.32737,0.3683,0.61383,0.15072,0.10874,0.17602,0.04701,0.06251,90.3,73.8,99.6,39.6,35.4,26.4,53.1,15.7,25.2,73.0,99.5,59.7,162.9
0,168.7,77.5,67,27.24,1.906,0.24172,0.17208,0.17694,0.20899,0.32448,0.36504,0.6084,0.14627,0.1154,0.17099,0.04913,0.06187,90.9,81.2,100.3,40.6,36.3,28.3,54.5,16.1,27.3,75.0,102.3,61.4,168.7
0,165.4,83.1,60,30.4,1.954,0.24601,0.18275,0.19143,0.22173,0.32788,0.36886,0.61477,0.15533,0.12485,0.18142,0.05479,0.06315,93.1,84.8,102.7,39.9,35.8,30.7,53.2,15.8,29.4,73.1,99.7,59.8,165.4
0,162.1,53.4,42,20.32,1.55,0.23618,0.15451,0.15932,0.18777,0.32412,0.36463,0.60772,0.13133,0.1039,0.15363,0.04003,0.05991,77.7,69.7,85.9,37.8,33.5,22.8,51.9,15.1,21.2,71.4,97.3,58.4,162.1
0,150.9,51.7,21,22.68,1.472,0.23474,0.16342,0.16163,0.19832,0.32143,0.36161,0.60268,0.1389,0.10541,0.16226,0.04311,0.0596,79.0,68.0,87.2,36.1,32.0,23.6,49.5,14.4,22.0,68.1,92.8,55.7,150.9
0,157.0,67.4,67,27.36,1.715,0.23287,0.16033,0.16931,0.19444,0.31418,0.35345,0.58909,0.13628,0.11042,0.15909,0.04435,0.05948,79.2,72.7,87.3,36.6,32.7,26.0,49.4,14.6,23.1,67.9,92.6,55.6,157.0
0,163.8,69.6,68,25.95,1.779,0.24513,0.17779,0.17095,0.21585,0.33098,0.37235,0.62059,0.15112,0.11149,0.1766,0.04845,0.0626,91.5,76.5,101.0,40.2,35.8,26.6,54.2,16.0,26.2,74.5,101.7,61.0,163.8
0,157.1,77.1,30,31.2,1.834,0.24098,0.18732,0.17081,0.22698,0.32182,0.36205,0.60342,0.15923,0.1114,0.18571,0.04886,0.0618,89.6,71.0,98.7,36.7,32.8,26.3,49.0,14.5,24.6,67.4,91.9,55.1,157.1
0,163.9,69.4,53,25.83,1.777,0.23944,0.16977,0.16175,0.20611,0.32339,0.36382,0.60636,0.1443,0.10549,0.16864,0.04449,0.06114,87.8,72.8,97.0,39.4,35.1,25.2,53.3,15.7,24.2,73.2,99.9,59.9,163.9
0,167.1,92.0,59,32.92,2.066,0.23174,0.18302,0.178,0.22204,0.30642,0.34473,0.57454,0.15557,0.11609,0.18167,0.05237,0.05967,97.5,82.5,107.6,39.3,35.3,30.5,52.0,15.5,29.4,71.5,97.5,58.5,167.1
0,169.0,75.3,54,26.36,1.881,0.23788,0.16955,0.17665,0.20595,0.32007,0.36008,0.60013,0.14412,0.11521,0.1685,0.04841,0.06083,89.5,81.0,98.8,39.9,35.7,28.0,53.8,15.9,26.9,73.9,100.8,60.5,169.0
0,154.2,68.5,20,28.81,1.712,0.23998,0.17655,0.16493,0.21396,0.32299,0.36336,0.6056,0.15007,0.10756,0.17506,0.04585,0.06136,84.9,68.9,93.5,36.7,32.8,25.1,49.4,14.6,23.2,68.0,92.7,55.6,154.2
0,177.4,71.7,33,22.76,1.879,0.2336,0.1733,0.14922,0.21076,0.31653,0.3561,0.5935,0.14731,0.09731,0.17244,0.04186,0.05956,96.7,72.4,106.9,41.5,36.9,23.6,56.2,16.5,24.6,77.3,105.4,63.3,177.4
0,167.7,67.8,43,24.11,1.777,0.23454,0.15381,0.15972,0.18687,0.31778,0.35751,0.59584,0.13074,0.10416,0.15289,0.04094,0.0598,81.3,73.4,89.8,39.5,35.1,24.8,53.5,15.7,22.8,73.5,100.3,60.2,167.7
0,162.5,74.1,57,28.07,1.829,0.23494,0.17515,0.17859,0.21253,0.31555,0.355,0.59166,0.14888,0.11647,0.17389,0.04957,0.06012,88.2,78.2,97.2,37.6,33.6,27.8,50.6,14.9,26.3,69.5,94.8,56.9,162.5
0,169.9,91.3,56,31.63,2.076,0.2337,0.17882,0.16289,0.21707,0.30966,0.34837,0.58062,0.152,0.10623,0.1776,0.04722,0.06012,96.7,76.6,106.7,40.2,36.1,27.9,53.3,15.9,26.9,73.3,99.9,60.0,169.9
0,178.6,86.8,36,27.22,2.075,0.24059,0.17422,0.16133,0.21182,0.32154,0.36173,0.60288,0.14809,0.10521,0.17331,0.0459,0.06169,98.2,79.1,108.6,43.2,38.7,27.2,57.7,17.1,27.2,79.4,108.2,64.9,178.6
0,152.7,55.3,63,23.71,1.532,0.23278,0.17349,0.16055,0.21051,0.31768,0.35739,0.59565,0.14747,0.10471,0.17224,0.04447,0.05919,83.9,67.5,92.5,35.8,31.8,23.5,48.9,14.3,22.6,67.2,91.7,55.0,152.7
0,161.0,78.7,32,30.39,1.876,0.24014,0.17492,0.17482,0.21211,0.32076,0.36085,0.60142,0.14869,0.11401,0.17355,0.04839,0.06158,87.0,75.6,95.9,38.0,34.0,27.6,50.8,15.1,25.3,69.8,95.2,57.1,161.0
0,146.3,35.5,49,16.57,1.201,0.23679,0.15455,0.15265,0.18791,0.32988,0.37112,0.61853,0.13137,0.09956,0.15375,0.038,0.05969,70.7,60.8,78.2,34.5,30.4,20.0,48.1,13.9,18.3,66.1,90.1,54.1,146.3
0,163.8,50.7,66,18.88,1.518,0.22308,0.15038,0.14452,0.18284,0.30721,0.34561,0.57601,0.12783,0.09425,0.14959,0.03628,0.05651,78.6,65.7,86.9,37.1,32.8,21.0,51.1,14.9,20.0,70.3,95.9,57.5,163.8
0,165.0,73.5,38,27.0,1.835,0.23268,0.17912,0.16328,0.21746,0.31309,0.35223,0.58704,0.15226,0.10648,0.17792,0.04709,0.0595,94.2,74.7,104.0,39.0,34.8,26.2,52.4,15.5,26.1,72.1,98.3,59.0,165.0
0,162.2,63.4,18,24.1,1.691,0.23981,0.17284,0.17533,0.20989,0.32567,0.36637,0.61062,0.14692,0.11434,0.17173,0.04756,0.0611,85.7,75.6,94.6,37.8,33.7,25.8,51.4,15.1,24.8,70.7,96.4,57.8,162.2
0,158.0,66.6,23,26.65,1.71,0.24366,0.1729,0.16095,0.20974,0.3292,0.37035,0.61725,0.14696,0.10497,0.17161,0.04395,0.0622,84.5,68.4,93.2,37.9,33.8,24.2,51.2,15.1,22.6,70.4,96.0,57.6,158.0
0,148.6,53.7,44,24.31,1.488,0.23764,0.16967,0.1729,0.20576,0.32435,0.3649,0.60816,0.14422,0.11276,0.16835,0.04622,0.06042,78.2,69.3,86.2,34.9,30.9,24.6,47.6,13.9,22.4,65.4,89.2,53.5,148.6
0,165.0,72.2,40,26.5,1.819,0.23702,0.1765,0.15994,0.21429,0.31937,0.35929,0.59881,0.15003,0.10431,0.17533,0.04514,0.06057,91.5,72.1,101.0,39.1,34.9,25.1,52.7,15.5,24.6,72.5,98.8,59.3,165.0
0,172.4,62.2,64,20.94,1.726,0.2309,0.17168,0.16805,0.20876,0.31517,0.35457,0.59094,0.14593,0.1096,0.17081,0.04572,0.0587,90.9,77.4,100.5,38.9,34.5,24.9,53.1,15.5,25.5,73.1,99.6,59.8,172.4
0,158.5,66.5,48,26.5,1.712,0.23691,0.18284,0.16093,0.22183,0.32015,0.36017,0.60028,0.15542,0.10495,0.18149,0.0469,0.06047,92.6,70.8,102.1,38.2,34.0,25.0,51.6,15.2,25.0,70.9,96.7,58.0,158.5
0,165.5,78.0,29,28.48,1.893,0.2405,0.18047,0.16437,0.21904,0.3222,0.36248,0.60413,0.1534,0.1072,0.17922,0.04685,0.0616,92.8,73.5,102.4,39.4,35.2,26.1,52.7,15.6,25.4,72.5,98.9,59.3,165.5
0,151.8,68.2,38,29.59,1.696,0.23694,0.17202,0.16569,0.20836,0.31861,0.35843,0.59739,0.14622,0.10806,0.17047,0.04556,0.0606,82.6,69.2,91.0,36.2,32.3,25.5,48.7,14.4,23.0,67.0,91.3,54.8,151.8
0,165.6,92.9,69,33.86,2.067,0.23791,0.18,0.18237,0.21829,0.31403,0.35329,0.58881,0.153,0.11894,0.1786,0.05258,0.0613,94.0,82.8,103.6,39.5,35.6,30.9,52.2,15.6,28.9,71.8,97.9,58.7,165.6
0,159.8,64.0,19,25.07,1.686,0.23427,0.17023,0.16572,0.20662,0.31762,0.35733,0.59554,0.1447,0.10808,0.16906,0.04495,0.05972,84.6,71.6,93.3,37.0,33.0,24.8,50.2,14.8,23.5,69.0,94.2,56.5,159.8
0,157.3,62.3,22,25.19,1.651,0.2424,0.16222,0.17081,0.19684,0.32889,0.37,0.61666,0.13789,0.1114,0.16105,0.04506,0.06178,80.3,73.6,88.6,38.2,34.0,25.7,51.9,15.2,23.5,71.3,97.2,58.3,157.3
0,157.3,45.9,26,18.56,1.417,0.22201,0.16005,0.16084,0.19455,0.30664,0.34497,0.57495,0.13604,0.1049,0.15917,0.04185,0.05617,79.6,69.6,88.0,35.2,31.0,22.6,48.6,14.1,21.9,66.8,91.0,54.6,157.3
0,159.8,56.1,37,21.97,1.578,0.22741,0.16867,0.15031,0.20487,0.31093,0.34979,0.58299,0.14337,0.09803,0.16762,0.04094,0.05777,85.3,66.1,94.2,36.6,32.5,22.2,50.1,14.6,21.8,68.8,93.9,56.3,159.8
0,165.1,63.4,63,23.27,1.706,0.23512,0.16053,0.14908,0.19502,0.31966,0.35962,0.59936,0.13645,0.09722,0.15956,0.04003,0.05987,85.8,69.3,94.8,40.0,35.6,23.3,54.4,16.0,22.5,74.8,102.0,61.2,165.1
0,153.6,67.8,35,28.75,1.701,0.24346,0.17242,0.16208,0.20894,0.32781,0.36879,0.61465,0.14655,0.1057,0.17095,0.04415,0.06224,82.2,67.2,90.6,37.0,33.0,24.5,49.8,14.7,22.2,68.4,93.3,56.0,153.6
0,159.8,55.3,39,21.67,1.567,0.22882,0.17052,0.15047,0.20714,0.31312,0.35226,0.58709,0.14495,0.09813,0.16948,0.04156,0.05811,86.9,66.7,96.0,37.1,32.9,22.3,50.8,14.8,22.3,69.9,95.3,57.2,159.8
0,162.2,72.5,25,27.53,1.807,0.25059,0.17143,0.18066,0.20803,0.33712,0.37926,0.6321,0.14571,0.11782,0.1702,0.04889,0.06408,85.0,77.9,93.8,39.5,35.3,27.6,53.2,15.7,25.5,73.2,99.8,59.9,162.2
0,155.0,57.8,51,24.04,1.577,0.23598,0.15719,0.16458,0.19075,0.32147,0.36165,0.60275,0.13361,0.10733,0.15607,0.04235,0.06004,76.9,70.0,84.8,36.7,32.6,24.3,50.1,14.7,21.8,68.8,93.8,56.3,155.0
0,174.7,71.2,26,23.33,1.859,0.24207,0.16728,0.16277,0.20338,0.3278,0.36878,0.61463,0.14219,0.10615,0.1664,0.0438,0.06174,90.0,76.2,99.5,41.5,36.9,25.2,56.2,16.5,24.8,77.2,105.3,63.2,174.7
0,156.7,61.6,24,25.09,1.637,0.23036,0.15775,0.15908,0.19141,0.31272,0.35181,0.58635,0.13409,0.10375,0.15661,0.04185,0.0587,79.8,70.0,88.1,37.1,33.0,24.5,50.4,14.8,22.3,69.3,94.4,56.7,156.7
0,157.9,56.1,47,22.5,1.569,0.23899,0.17031,0.17038,0.20681,0.32652,0.36734,0.61223,0.14476,0.11112,0.16921,0.04606,0.06073,83.6,72.7,92.3,37.3,33.1,24.7,51.0,14.9,23.8,70.1,95.7,57.4,157.9
0,155.8,54.3,35,22.36,1.533,0.23981,0.16669,0.17373,0.20239,0.32803,0.36903,0.61506,0.14169,0.1133,0.1656,0.046,0.06091,80.4,72.9,88.8,36.8,32.7,24.8,50.4,14.7,23.4,69.3,94.5,56.7,155.8
0,174.7,54.9,44,18.0,1.633,0.24754,0.16424,0.15903,0.19982,0.34059,0.38316,0.6386,0.13961,0.10371,0.16349,0.04176,0.06273,88.4,74.5,97.8,42.4,37.5,22.9,58.4,17.0,23.7,80.3,109.4,65.7,174.7
0,166.3,63.7,33,23.05,1.716,0.22904,0.17024,0.14109,0.20684,0.31145,0.35038,0.58396,0.14471,0.09201,0.16924,0.03939,0.05832,91.0,65.6,100.5,39.0,34.6,22.0,53.0,15.5,22.2,72.9,99.4,59.6,166.3
0,156.1,54.0,38,22.16,1.531,0.23062,0.16067,0.15897,0.1951,0.31559,0.35504,0.59173,0.13657,0.10368,0.15962,0.04173,0.05857,79.6,68.5,87.9,36.4,32.3,23.3,49.8,14.5,21.8,68.5,93.4,56.0,156.1
0,170.0,63.7,22,22.03,1.734,0.23115,0.1728,0.16784,0.21005,0.31478,0.35413,0.59022,0.14688,0.10946,0.17186,0.04635,0.05882,91.5,77.3,101.1,39.0,34.6,25.3,53.1,15.5,25.8,73.0,99.5,59.7,170.0
0,163.9,69.3,46,25.81,1.776,0.2372,0.18022,0.16762,0.21881,0.32038,0.36043,0.60071,0.15319,0.10932,0.17903,0.04789,0.06056,92.6,74.9,102.2,38.8,34.6,26.0,52.4,15.4,25.9,72.0,98.2,58.9,163.9
0,164.2,72.6,64,26.9,1.819,0.24761,0.172,0.17321,0.20879,0.33338,0.37506,0.62509,0.1462,0.11296,0.17083,0.04783,0.0633,88.4,77.4,97.5,40.5,36.1,27.1,54.5,16.1,25.9,75.0,102.2,61.3,164.2
0,160.2,64.2,54,25.01,1.69,0.23937,0.1732,0.16539,0.21024,0.32454,0.3651,0.60851,0.14722,0.10786,0.17202,0.04599,0.06102,87.6,72.8,96.7,38.5,34.3,25.2,52.3,15.4,24.5,71.9,98.0,58.8,160.2
0,157.4,70.6,60,28.48,1.756,0.24082,0.17765,0.16457,0.2154,0.32388,0.36437,0.60728,0.151,0.10733,0.17624,0.04561,0.06159,85.9,69.2,94.6,37.0,33.1,24.9,49.8,14.7,23.2,68.5,93.4,56.0,157.4
0,164.8,72.0,39,26.52,1.816,0.24692,0.18492,0.16742,0.22451,0.33272,0.37431,0.62385,0.15719,0.10919,0.18369,0.04753,0.0631,92.1,72.5,101.7,39.2,34.9,25.3,52.8,15.6,24.9,72.6,98.9,59.4,164.8
0,158.8,57.7,31,22.87,1.595,0.2288,0.15953,0.15847,0.19372,0.31219,0.35121,0.58535,0.1356,0.10335,0.1585,0.04114,0.05818,79.5,68.6,87.7,36.3,32.2,23.3,49.5,14.5,21.6,68.1,92.8,55.7,158.8
0,174.9,68.0,36,22.23,1.817,0.23255,0.16112,0.1694,0.19592,0.31593,0.35542,0.59237,0.13695,0.11048,0.1603,0.04468,0.05924,87.9,80.4,97.2,40.4,35.9,26.2,54.9,16.1,25.7,75.4,102.9,61.7,174.9
0,153.9,60.0,52,25.36,1.602,0.23651,0.16815,0.15876,0.20395,0.32123,0.36138,0.6023,0.14292,0.10354,0.16687,0.04275,0.06025,81.2,66.7,89.6,36.4,32.3,23.5,49.4,14.5,21.7,67.9,92.6,55.6,153.9
0,172.9,79.3,41,26.51,1.952,0.24053,0.17293,0.17455,0.21013,0.32294,0.36331,0.60551,0.14699,0.11384,0.17193,0.04827,0.06156,92.2,80.9,101.8,40.8,36.5,27.8,54.8,16.2,27.1,75.3,102.7,61.6,172.9
0,161.7,79.8,59,30.5,1.893,0.23764,0.17779,0.17736,0.21561,0.31721,0.35686,0.59477,0.15112,0.11567,0.17641,0.04984,0.06096,89.2,77.4,98.4,38.0,34.0,28.2,50.7,15.0,26.3,69.7,95.0,57.0,161.7
0,164.5,79.7,23,29.44,1.909,0.23786,0.17331,0.17975,0.2103,0.31797,0.35771,0.59619,0.14732,0.11723,0.17206,0.05074,0.06098,91.0,82.1,100.4,39.8,35.6,29.5,53.2,15.8,28.1,73.1,99.7,59.8,164.5
0,168.2,62.0,20,21.93,1.702,0.23221,0.16909,0.15827,0.20552,0.31654,0.3561,0.59351,0.14373,0.10322,0.16815,0.04352,0.05907,90.2,73.4,99.6,39.4,35.0,24.1,53.7,15.7,24.4,73.9,100.7,60.4,168.2
0,158.2,59.2,51,23.63,1.612,0.22414,0.16359,0.14784,0.1986,0.30527,0.34343,0.57239,0.13905,0.09642,0.16249,0.03959,0.05704,82.6,64.9,91.1,36.0,32.0,22.3,49.0,14.4,21.0,67.4,92.0,55.2,158.2
0,168.4,76.4,62,26.95,1.89,0.2375,0.17686,0.17959,0.21479,0.31912,0.35901,0.59835,0.15033,0.11712,0.17573,0.04953,0.06076,89.9,79.4,99.3,38.4,34.3,27.6,51.6,15.3,26.5,71.0,96.8,58.1,168.4
0,144.1,59.9,67,28.83,1.548,0.23615,0.17326,0.18398,0.20968,0.31937,0.35929,0.59881,0.14727,0.11998,0.17155,0.04981,0.06026,77.7,71.7,85.5,33.7,30.0,26.8,45.6,13.4,23.5,62.7,85.5,51.3,144.1
0,157.6,70.1,19,28.21,1.751,0.22817,0.16897,0.17203,0.2049,0.30707,0.34545,0.57575,0.14363,0.11219,0.16765,0.04707,0.05834,84.4,74.7,93.1,36.3,32.4,26.9,48.8,14.4,24.8,67.1,91.6,54.9,157.6
0,156.2,58.0,32,23.79,1.587,0.22379,0.16175,0.15475,0.19632,0.30492,0.34303,0.57172,0.13749,0.10092,0.16063,0.04088,0.05694,80.2,66.7,88.5,35.3,31.4,23.1,48.1,14.1,21.3,66.2,90.2,54.1,156.2
0,154.0,46.1,54,19.43,1.404,0.24007,0.15575,0.14919,0.18924,0.33118,0.37258,0.62096,0.13239,0.0973,0.15483,0.03743,0.06077,74.4,62.0,82.2,36.5,32.3,20.6,50.4,14.6,18.8,69.3,94.5,56.7,154.0
0,161.0,52.6,32,20.29,1.534,0.23577,0.16638,0.15247,0.20219,0.32371,0.36417,0.60696,0.14142,0.09944,0.16542,0.04043,0.0598,83.0,66.2,91.7,37.5,33.2,21.7,51.4,15.0,21.2,70.7,96.4,57.9,161.0
0,165.1,68.7,49,25.19,1.775,0.2382,0.1704,0.18026,0.20693,0.32211,0.36238,0.60396,0.14484,0.11756,0.16931,0.04914,0.06079,87.3,80.4,96.4,38.9,34.6,27.6,52.6,15.5,26.5,72.3,98.5,59.1,165.1
0,167.3,71.3,38,25.49,1.82,0.23465,0.17589,0.16249,0.21364,0.31676,0.35635,0.59392,0.14951,0.10597,0.17479,0.04603,0.05992,93.0,74.7,102.7,39.5,35.2,25.7,53.3,15.7,25.6,73.3,100.0,60.0,167.3
0,164.1,53.7,34,19.95,1.565,0.22884,0.15732,0.1528,0.19123,0.31415,0.35342,0.58904,0.13372,0.09965,0.15646,0.03916,0.05804,80.8,68.2,89.2,37.4,33.1,22.1,51.3,15.0,21.2,70.6,96.2,57.7,164.1
0,158.0,60.5,51,24.23,1.629,0.23764,0.1665,0.16161,0.2021,0.32317,0.36356,0.60594,0.14153,0.1054,0.16535,0.04332,0.06051,82.5,69.6,91.0,37.5,33.3,24.1,51.0,14.9,22.6,70.1,95.6,57.3,158.0
0,165.0,72.9,49,26.77,1.828,0.23372,0.18042,0.16304,0.21904,0.31468,0.35402,0.59003,0.15336,0.10633,0.17921,0.04724,0.05975,94.9,74.5,104.7,39.1,34.9,26.1,52.7,15.5,26.1,72.4,98.7,59.2,165.0
0,163.3,52.8,67,19.77,1.547,0.2262,0.15654,0.16332,0.19029,0.31077,0.34962,0.5827,0.13306,0.10651,0.15569,0.04225,0.05735,81.5,73.9,90.0,37.5,33.2,23.9,51.5,15.0,23.1,70.8,96.5,57.9,163.3
0,168.9,82.7,64,29.02,1.97,0.23815,0.17716,0.16576,0.2151,0.31806,0.35782,0.59637,0.15059,0.10811,0.17599,0.04698,0.06108,93.4,76.0,103.1,40.0,35.8,27.0,53.4,15.8,26.1,73.4,100.1,60.1,168.9
0,167.8,63.5,69,22.55,1.72,0.23004,0.16224,0.16907,0.19717,0.31306,0.3522,0.587,0.13791,0.11026,0.16132,0.04471,0.05855,85.3,77.3,94.2,38.5,34.2,25.6,52.4,15.3,24.7,72.0,98.2,58.9,167.8
0,162.7,78.8,40,29.78,1.888,0.23941,0.17173,0.17433,0.20832,0.32003,0.36004,0.60006,0.14597,0.11369,0.17044,0.04799,0.06138,87.1,76.8,96.0,38.6,34.6,27.8,51.6,15.3,25.6,71.0,96.8,58.1,162.7
0,156.4,53.7,52,21.96,1.528,0.23538,0.17532,0.16811,0.21289,0.32225,0.36253,0.60421,0.14902,0.10964,0.17419,0.04635,0.05977,85.1,71.0,94.0,36.4,32.2,24.0,49.8,14.5,23.7,68.5,93.4,56.0,156.4
0,158.1,50.5,54,20.2,1.488,0.23595,0.16783,0.16944,0.20392,0.32437,0.36491,0.60819,0.14266,0.11051,0.16684,0.04483,0.05981,81.5,71.6,90.0,36.5,32.3,23.6,50.1,14.6,22.9,68.9,94.0,56.4,158.1
0,158.8,56.1,60,22.24,1.572,0.23166,0.165,0.15794,0.20039,0.31662,0.3562,0.59367,0.14025,0.10301,0.16396,0.04243,0.05886,83.3,69.3,91.9,37.2,33.0,23.4,50.9,14.9,22.5,69.9,95.4,57.2,158.8
0,160.4,60.8,58,23.66,1.646,0.23703,0.16143,0.16125,0.19601,0.32252,0.36283,0.60472,0.13721,0.10516,0.16037,0.04208,0.06034,80.6,70.0,88.9,37.7,33.5,23.9,51.2,15.0,22.1,70.4,96.1,57.6,160.4
0,164.3,60.8,54,22.51,1.666,0.23853,0.17108,0.16267,0.20785,0.32509,0.36573,0.60954,0.14542,0.10609,0.17006,0.04434,0.06068,87.3,72.2,96.5,38.8,34.4,24.1,52.8,15.5,23.8,72.6,99.0,59.4,164.3
0,167.4,64.9,50,23.18,1.737,0.23884,0.17378,0.16057,0.21116,0.32451,0.36507,0.60846,0.14771,0.10472,0.17276,0.04494,0.06083,91.8,73.8,101.4,40.2,35.7,24.7,54.6,16.0,25.0,75.0,102.3,61.4,167.4
0,162.2,66.9,42,25.45,1.736,0.23975,0.1775,0.15428,0.21548,0.32439,0.36494,0.60823,0.15088,0.10062,0.1763,0.04353,0.06117,90.3,68.2,99.6,38.8,34.6,23.7,52.5,15.4,23.3,72.2,98.4,59.1,162.2
0,162.6,61.8,63,23.36,1.67,0.23865,0.171,0.17088,0.20768,0.32471,0.3653,0.60883,0.14535,0.11145,0.16992,0.04707,0.06075,87.7,76.2,96.9,39.0,34.6,25.8,53.0,15.5,25.4,72.9,99.4,59.7,162.6
0,163.5,63.5,54,23.78,1.699,0.23888,0.16851,0.16917,0.20466,0.32452,0.36509,0.60848,0.14323,0.11033,0.16745,0.04497,0.06085,83.9,73.2,92.6,37.9,33.7,24.9,51.4,15.1,23.6,70.7,96.4,57.9,163.5
0,159.0,45.5,57,17.98,1.417,0.22944,0.16205,0.14552,0.19703,0.31724,0.3569,0.59483,0.13775,0.09491,0.1612,0.038,0.05802,80.8,63.1,89.3,36.4,32.2,20.2,50.4,14.6,19.9,69.2,94.4,56.7,159.0
0,156.2,62.7,38,25.7,1.65,0.24077,0.1754,0.15193,0.21279,0.32638,0.36718,0.61196,0.14909,0.09909,0.1741,0.04212,0.06138,85.5,64.4,94.3,37.4,33.2,22.7,50.6,14.9,21.6,69.6,94.9,57.0,156.2
0,150.6,53.7,63,23.68,1.499,0.23647,0.15759,0.14497,0.19118,0.32301,0.36339,0.60565,0.13395,0.09454,0.15642,0.03719,0.0601,74.8,59.9,82.5,35.7,31.7,21.0,48.8,14.3,18.6,67.1,91.6,54.9,150.6
0,157.8,78.7,65,31.62,1.857,0.23499,0.17207,0.1784,0.2085,0.31339,0.35256,0.5876,0.14626,0.11635,0.17059,0.04947,0.0603,85.9,77.4,94.6,37.3,33.5,28.7,49.8,14.8,26.0,68.5,93.4,56.0,157.8
0,165.7,56.3,55,20.5,1.61,0.23183,0.16577,0.15044,0.2015,0.31759,0.35729,0.59548,0.1409,0.09812,0.16486,0.04094,0.05885,88.0,69.5,97.3,39.2,34.7,22.6,53.7,15.7,22.9,73.8,100.6,60.4,165.7
0,157.7,44.0,57,17.68,1.388,0.23054,0.16662,0.15143,0.20258,0.31914,0.35903,0.59839,0.14163,0.09876,0.16575,0.03991,0.05827,81.2,64.2,89.8,35.8,31.6,20.6,49.5,14.4,20.5,68.1,92.8,55.7,157.7
0,160.9,69.1,51,26.71,1.758,0.24223,0.16675,0.17202,0.20235,0.3268,0.36765,0.61276,0.14174,0.11219,0.16556,0.04607,0.06187,83.3,74.7,91.9,38.5,34.4,26.3,52.0,15.3,24.2,71.5,97.5,58.5,160.9
0,165.7,70.0,36,25.51,1.795,0.23571,0.17514,0.16136,0.21269,0.31839,0.35819,0.59698,0.14887,0.10524,0.17402,0.04544,0.06018,91.6,73.4,101.1,39.2,35.0,25.3,53.0,15.6,25.0,72.9,99.4,59.6,165.7
0,166.0,55.9,44,20.26,1.605,0.22393,0.16262,0.15825,0.19769,0.30694,0.3453,0.57551,0.13823,0.10321,0.16175,0.04224,0.05683,86.0,72.8,95.0,37.7,33.4,23.6,51.7,15.1,23.5,71.0,96.9,58.1,166.0
0,155.2,44.6,26,18.54,1.387,0.23012,0.16482,0.15379,0.20033,0.31808,0.35784,0.5964,0.1401,0.1003,0.16391,0.0406,0.0582,80.1,65.0,88.5,35.6,31.4,21.2,49.2,14.3,20.8,67.7,92.3,55.4,155.2
0,169.3,89.5,22,31.23,2.051,0.24979,0.17582,0.17351,0.21342,0.33147,0.37291,0.62151,0.14945,0.11316,0.17462,0.04949,0.06423,94.2,80.8,104.0,42.6,38.2,29.3,56.5,16.8,27.9,77.7,106.0,63.6,169.3
0,170.2,88.6,22,30.58,2.046,0.24099,0.18265,0.16295,0.22176,0.32023,0.36026,0.60043,0.15526,0.10627,0.18144,0.0476,0.06193,98.0,76.0,108.1,41.1,36.9,27.4,54.7,16.3,26.9,75.2,102.5,61.5,170.2
0,154.8,38.3,42,16.0,1.284,0.23593,0.15794,0.14105,0.19211,0.32838,0.36943,0.61571,0.13425,0.09199,0.15718,0.03653,0.0595,78.3,60.8,86.6,37.2,32.8,19.3,51.8,15.0,19.1,71.3,97.2,58.3,154.8
0,156.9,54.8,43,22.24,1.545,0.22794,0.16482,0.16338,0.20014,0.31177,0.35074,0.58457,0.1401,0.10655,0.16375,0.0433,0.0579,81.0,69.8,89.4,35.6,31.6,23.7,48.8,14.2,22.4,67.0,91.4,54.9,156.9
0,170.6,92.9,36,31.91,2.098,0.24628,0.18251,0.17251,0.22156,0.32596,0.3667,0.61117,0.15514,0.11251,0.18128,0.05019,0.06339,97.5,80.1,107.6,41.9,37.6,29.2,55.4,16.5,28.2,76.2,103.9,62.3,170.6
0,161.5,57.8,47,22.18,1.611,0.2261,0.16598,0.16996,0.20163,0.30877,0.34736,0.57894,0.14108,0.11084,0.16497,0.045,0.05747,82.9,73.8,91.5,35.9,31.9,24.7,49.1,14.3,23.6,67.5,92.0,55.2,161.5
0,147.4,48.1,53,22.12,1.403,0.23252,0.1724,0.17194,0.2092,0.31927,0.35918,0.59864,0.14654,0.11214,0.17116,0.04699,0.05897,80.0,69.4,88.3,34.4,30.4,24.2,47.2,13.7,23.0,64.9,88.4,53.1,147.4
0,153.0,53.6,65,22.92,1.51,0.23579,0.16504,0.16295,0.2003,0.32242,0.36272,0.60453,0.14028,0.10627,0.16389,0.04337,0.0599,79.7,68.4,88.0,36.3,32.1,23.6,49.6,14.5,22.1,68.2,92.9,55.8,153.0
0,160.8,51.4,65,19.87,1.515,0.23116,0.15497,0.16113,0.18834,0.31776,0.35749,0.59581,0.13172,0.10508,0.1541,0.0416,0.0586,80.2,72.5,88.6,38.1,33.7,23.7,52.3,15.2,22.7,71.9,98.1,58.9,160.8
0,154.6,43.0,33,18.0,1.359,0.23119,0.15894,0.1588,0.1932,0.32008,0.3601,0.60016,0.1351,0.10356,0.15807,0.04027,0.05843,75.9,66.0,83.9,35.2,31.0,21.5,48.7,14.1,20.3,66.9,91.3,54.8,154.6
0,159.7,73.3,24,28.76,1.804,0.24658,0.17863,0.16855,0.21664,0.33102,0.3724,0.62067,0.15184,0.10993,0.17725,0.04734,0.06311,88.4,72.6,97.5,38.9,34.7,26.1,52.2,15.4,24.7,71.7,97.8,58.7,159.7
0,162.7,46.5,35,17.58,1.45,0.22907,0.16385,0.15348,0.19926,0.31672,0.35631,0.59385,0.13927,0.1001,0.16303,0.04052,0.05793,83.7,68.2,92.6,37.3,32.9,21.5,51.5,14.9,21.8,70.8,96.6,58.0,162.7
0,172.4,74.6,38,25.08,1.89,0.2318,0.16197,0.17553,0.19684,0.31259,0.35166,0.58611,0.13767,0.11448,0.16105,0.04753,0.05922,89.5,84.4,98.9,40.8,36.4,28.6,55.0,16.2,27.7,75.6,103.1,61.9,172.4
0,160.5,72.0,48,27.96,1.792,0.23159,0.18092,0.16223,0.21947,0.31145,0.35038,0.58396,0.15378,0.10581,0.17957,0.04707,0.05923,92.9,72.5,102.5,37.9,33.8,25.8,50.9,15.0,25.4,70.0,95.5,57.3,160.5
0,169.8,54.2,18,18.79,1.598,0.2256,0.16289,0.1474,0.1981,0.31016,0.34893,0.58155,0.13845,0.09613,0.16208,0.03923,0.05719,87.6,68.9,96.9,38.6,34.2,21.7,53.1,15.5,22.2,73.0,99.6,59.7,169.8
0,172.2,60.9,20,20.55,1.708,0.245,0.17032,0.15327,0.20711,0.33482,0.37668,0.6278,0.14477,0.09996,0.16945,0.04167,0.06226,90.8,71.1,100.4,41.6,36.9,22.8,56.8,16.6,23.4,78.2,106.6,63.9,172.2
0,172.3,87.7,48,29.55,2.048,0.24164,0.17887,0.17234,0.21726,0.3217,0.36192,0.60319,0.15204,0.11239,0.17776,0.04943,0.06205,96.4,80.7,106.4,41.4,37.1,28.7,55.2,16.4,28.0,75.9,103.5,62.1,172.3
0,164.4,71.2,42,26.33,1.803,0.23705,0.16906,0.1564,0.20525,0.31963,0.35959,0.59932,0.1437,0.102,0.16793,0.04348,0.06056,89.3,71.9,98.6,39.9,35.6,25.0,53.8,15.8,24.2,73.9,100.8,60.5,164.4
0,149.1,48.2,25,21.65,1.413,0.23923,0.16447,0.16855,0.19963,0.32867,0.36975,0.61625,0.1398,0.10993,0.16333,0.04421,0.06066,76.6,68.3,84.5,35.5,31.4,23.5,48.7,14.2,21.7,67.0,91.4,54.8,149.1
0,165.6,80.9,18,29.5,1.93,0.23195,0.18066,0.17133,0.21924,0.30986,0.34859,0.58098,0.15356,0.11174,0.17938,0.04973,0.05948,95.2,78.5,105.0,38.9,34.8,28.2,52.0,15.4,27.6,71.5,97.5,58.5,165.6
0,169.6,84.9,24,29.52,2.001,0.24394,0.17674,0.17796,0.21459,0.32522,0.36587,0.60978,0.15023,0.11606,0.17557,0.05091,0.06261,94.9,83.1,104.8,41.7,37.4,29.6,55.6,16.5,28.8,76.5,104.3,62.6,169.6
0,161.9,66.0,24,25.17,1.723,0.24216,0.17733,0.16485,0.21528,0.32793,0.36892,0.61487,0.15073,0.10751,0.17614,0.04604,0.06176,88.9,71.9,98.1,38.7,34.4,24.9,52.3,15.4,24.3,72.0,98.1,58.9,161.9
0,174.4,62.7,25,20.63,1.743,0.23215,0.16568,0.15319,0.2015,0.31694,0.35655,0.59426,0.14083,0.0999,0.16486,0.04095,0.05901,89.7,72.1,99.2,40.0,35.5,23.0,54.6,16.0,23.3,75.1,102.4,61.5,174.4
0,168.3,63.5,36,22.41,1.724,0.24109,0.17152,0.1549,0.20845,0.32817,0.36919,0.61531,0.14579,0.10102,0.17055,0.04227,0.06136,89.2,70.1,98.6,39.9,35.5,23.2,54.4,15.9,23.2,74.7,101.9,61.1,168.3
0,166.4,69.9,34,25.25,1.797,0.23188,0.16737,0.15913,0.20327,0.31334,0.35251,0.58752,0.14226,0.10378,0.16632,0.04325,0.05919,87.5,72.3,96.6,38.6,34.4,24.8,52.1,15.4,23.8,71.7,97.8,58.7,166.4
0,169.9,67.2,28,23.29,1.781,0.24663,0.17772,0.1669,0.21599,0.33466,0.37649,0.62748,0.15107,0.10885,0.17672,0.04697,0.06285,93.6,76.4,103.4,41.4,36.8,25.5,56.1,16.5,26.0,77.2,105.2,63.1,169.9
0,164.8,76.6,64,28.21,1.872,0.24034,0.16967,0.1718,0.20593,0.32235,0.36264,0.6044,0.14422,0.11204,0.16849,0.0475,0.06154,88.6,78.0,97.8,40.0,35.7,27.7,53.6,15.8,26.1,73.7,100.5,60.3,164.8
0,145.5,39.3,58,18.54,1.26,0.22958,0.15728,0.1546,0.19108,0.31831,0.3581,0.59683,0.13369,0.10082,0.15634,0.03931,0.05799,72.2,61.7,79.7,33.5,29.6,20.8,46.5,13.5,19.0,64.0,87.2,52.3,145.5
0,159.1,47.2,66,18.65,1.445,0.23657,0.15895,0.14364,0.19321,0.32649,0.3673,0.61217,0.1351,0.09368,0.15808,0.03717,0.05987,79.8,62.7,88.2,37.8,33.4,20.3,52.2,15.2,19.7,71.8,97.9,58.7,159.1
0,170.6,72.2,28,24.8,1.85,0.22951,0.16975,0.1651,0.20626,0.30999,0.34873,0.58122,0.14428,0.10767,0.16876,0.04546,0.0586,91.0,76.9,100.5,39.2,34.9,26.0,52.9,15.6,25.6,72.7,99.1,59.5,170.6
0,157.0,54.5,55,22.12,1.542,0.22594,0.1662,0.14937,0.20182,0.30912,0.34776,0.5796,0.14127,0.09741,0.16513,0.04052,0.05739,83.6,65.3,92.3,36.2,32.1,22.1,49.5,14.5,21.5,68.0,92.8,55.7,157.0
0,161.0,56.0,58,21.62,1.583,0.23195,0.16355,0.16054,0.19869,0.31731,0.35697,0.59496,0.13902,0.1047,0.16256,0.04262,0.05892,83.0,70.8,91.7,37.5,33.2,23.6,51.3,15.0,22.8,70.5,96.1,57.7,161.0
0,155.4,43.0,67,17.8,1.362,0.24665,0.16991,0.1579,0.20656,0.34159,0.38429,0.64048,0.14442,0.10298,0.169,0.04204,0.06233,81.2,65.6,89.7,37.5,33.1,21.2,51.9,15.1,21.1,71.4,97.4,58.4,155.4
0,174.6,73.6,69,24.13,1.889,0.22798,0.16414,0.15421,0.19955,0.30802,0.34652,0.57753,0.13952,0.10057,0.16327,0.04206,0.0582,91.6,74.8,101.2,40.5,36.1,24.9,54.7,16.1,24.7,75.2,102.5,61.5,174.6
0,173.9,72.1,19,23.83,1.866,0.22395,0.168,0.16686,0.20423,0.30291,0.34077,0.56796,0.1428,0.10882,0.1671,0.04635,0.05714,93.7,80.9,103.5,39.7,35.4,26.9,53.8,15.8,27.2,73.9,100.8,60.5,173.9
0,156.5,65.8,21,26.87,1.691,0.22567,0.16532,0.17861,0.2005,0.30494,0.34305,0.57175,0.14052,0.11649,0.16405,0.04836,0.05761,82.8,77.8,91.3,36.0,32.1,27.7,48.6,14.3,25.5,66.9,91.2,54.7,156.5
0,163.5,65.0,67,24.33,1.719,0.24978,0.17888,0.17548,0.21723,0.33881,0.38116,0.63527,0.15204,0.11445,0.17773,0.04847,0.06366,88.4,75.4,97.5,39.3,34.9,25.7,53.3,15.6,25.2,73.2,99.9,59.9,163.5
0,157.9,58.6,45,23.51,1.603,0.23367,0.16904,0.16126,0.20521,0.3184,0.3582,0.597,0.14368,0.10517,0.1679,0.04351,0.05945,83.3,69.1,91.9,36.6,32.5,23.7,49.9,14.6,22.6,68.6,93.6,56.2,157.9
0,166.7,81.6,50,29.37,1.944,0.23785,0.17598,0.16911,0.21359,0.31769,0.3574,0.59567,0.14958,0.11029,0.17476,0.04795,0.061,92.5,77.3,102.1,39.8,35.6,27.7,53.2,15.8,26.5,73.1,99.7,59.8,166.7
0,166.0,53.0,28,19.24,1.563,0.23656,0.16889,0.15417,0.20535,0.32522,0.36587,0.60978,0.14356,0.10055,0.16801,0.04183,0.05997,88.0,69.8,97.2,39.2,34.7,22.3,53.9,15.7,22.9,74.1,101.1,60.7,166.0
0,168.0,74.4,20,26.34,1.863,0.23776,0.17054,0.16267,0.20713,0.32008,0.36009,0.60015,0.14496,0.10609,0.16947,0.04482,0.06079,89.7,74.4,99.1,39.8,35.5,25.7,53.6,15.8,24.8,73.7,100.5,60.3,168.0
0,164.8,49.1,57,18.1,1.5,0.23064,0.1624,0.15336,0.19749,0.31822,0.358,0.59666,0.13804,0.10002,0.16158,0.04061,0.05838,84.9,69.7,93.8,38.4,33.9,22.0,52.9,15.4,22.3,72.8,99.3,59.6,164.8
0,182.5,69.4,22,20.85,1.876,0.23589,0.16216,0.15162,0.19732,0.32092,0.36103,0.60172,0.13783,0.09888,0.16144,0.04072,0.06005,93.7,76.2,103.6,43.4,38.5,24.0,59.0,17.3,24.8,81.1,110.6,66.4,182.5
0,155.5,47.3,69,19.57,1.43,0.22963,0.16226,0.14248,0.19716,0.31649,0.35605,0.59342,0.13792,0.09292,0.16131,0.03734,0.05815,79.5,60.7,87.8,35.8,31.6,20.0,49.3,14.3,19.2,67.8,92.5,55.5,155.5
0,150.9,62.5,38,27.47,1.619,0.23322,0.16452,0.16626,0.19937,0.31547,0.3549,0.5915,0.13984,0.10843,0.16312,0.04435,0.05951,78.8,69.3,86.8,35.6,31.7,25.1,48.1,14.2,22.4,66.2,90.2,54.1,150.9
0,159.8,60.7,39,23.78,1.642,0.23493,0.16425,0.16107,0.19943,0.31963,0.35959,0.59931,0.13962,0.10505,0.16317,0.04304,0.05981,83.0,70.7,91.6,37.8,33.6,24.2,51.4,15.1,22.9,70.7,96.4,57.8,159.8
0,151.8,55.3,54,23.99,1.527,0.23991,0.16829,0.15831,0.20416,0.32728,0.36819,0.61365,0.14304,0.10324,0.16704,0.04241,0.06101,79.9,65.3,88.1,36.2,32.2,22.9,49.4,14.5,21.2,68.0,92.7,55.6,151.8
0,152.4,46.2,28,19.92,1.399,0.22504,0.16848,0.14453,0.20466,0.31022,0.349,0.58166,0.14321,0.09426,0.16745,0.03932,0.05698,81.9,61.1,90.4,34.8,30.8,20.5,48.0,13.9,20.1,66.0,90.0,54.0,152.4
0,155.7,55.4,61,22.85,1.548,0.2287,0.17378,0.16802,0.21097,0.31244,0.35149,0.58582,0.14772,0.10958,0.17261,0.0451,0.05812,81.8,68.8,90.3,34.3,30.4,23.6,46.8,13.7,22.3,64.4,87.8,52.7,155.7
0,156.2,51.5,39,21.12,1.496,0.23904,0.17448,0.15259,0.21192,0.32801,0.36902,0.61503,0.14831,0.09951,0.17339,0.04192,0.06064,84.7,64.4,93.5,36.9,32.7,21.6,50.7,14.8,21.4,69.7,95.0,57.0,156.2
0,156.0,62.5,58,25.67,1.645,0.23582,0.16858,0.1604,0.20451,0.31973,0.35969,0.59949,0.14329,0.10461,0.16733,0.04401,0.06012,84.2,69.7,92.9,37.5,33.4,24.6,50.8,14.9,23.1,69.9,95.3,57.2,156.0
0,166.0,56.0,30,20.32,1.607,0.22571,0.15651,0.16192,0.19026,0.30934,0.34801,0.58001,0.13304,0.1056,0.15567,0.04277,0.05729,84.8,76.3,93.7,38.9,34.5,24.7,53.3,15.6,24.4,73.3,100.0,60.0,166.0
0,159.1,76.3,69,30.15,1.836,0.23798,0.18375,0.17478,0.22277,0.3184,0.3582,0.597,0.15619,0.11399,0.18226,0.05091,0.06099,92.8,76.7,102.3,38.2,34.2,28.0,51.2,15.2,27.1,70.4,95.9,57.6,159.1
0,161.3,47.0,20,18.09,1.452,0.2314,0.16449,0.14595,0.2,0.31964,0.35959,0.59932,0.13982,0.09519,0.16364,0.03836,0.05854,82.5,63.7,91.2,36.9,32.6,20.3,51.0,14.8,20.2,70.2,95.7,57.4,161.3
0,168.6,59.6,30,20.97,1.67,0.23822,0.16371,0.1515,0.19902,0.32558,0.36628,0.61046,0.13916,0.09881,0.16284,0.04012,0.06053,86.1,69.3,95.1,39.9,35.4,22.5,54.5,15.9,22.2,74.9,102.2,61.3,168.6
0,157.3,79.1,45,31.98,1.859,0.24381,0.18202,0.1756,0.22052,0.32492,0.36553,0.60922,0.15472,0.11452,0.18043,0.05041,0.06258,90.1,75.6,99.2,38.4,34.4,28.1,51.2,15.2,26.3,70.4,96.0,57.6,157.3
0,160.7,57.7,28,22.33,1.605,0.2325,0.1637,0.14952,0.19884,0.31747,0.35716,0.59526,0.13915,0.09751,0.16269,0.03991,0.0591,83.4,66.2,92.1,37.7,33.5,22.3,51.5,15.1,21.4,70.8,96.5,57.9,160.7
0,165.0,52.3,28,19.23,1.549,0.24097,0.15099,0.14081,0.18358,0.33139,0.37281,0.62135,0.12834,0.09183,0.1502,0.03545,0.06107,79.3,64.3,87.7,40.3,35.7,20.6,55.4,16.1,19.6,76.2,103.9,62.4,165.0
0,149.3,55.6,38,24.96,1.519,0.22618,0.17251,0.16482,0.20917,0.30812,0.34664,0.57773,0.14663,0.10749,0.17114,0.04526,0.05755,81.4,67.6,89.7,34.0,30.2,24.1,46.3,13.6,22.5,63.6,86.8,52.1,149.3
0,146.3,47.5,69,22.18,1.389,0.23019,0.16739,0.15709,0.2031,0.31617,0.35569,0.59281,0.14228,0.10245,0.16617,0.04236,0.05837,78.1,63.7,86.2,34.2,30.3,22.3,47.0,13.7,20.8,64.6,88.1,52.8,146.3
0,164.9,56.7,38,20.86,1.611,0.2269,0.17316,0.1597,0.21045,0.31061,0.34944,0.5824,0.14718,0.10415,0.17219,0.04445,0.05762,90.2,72.4,99.7,37.6,33.4,23.7,51.5,15.0,24.4,70.8,96.6,58.0,164.9
0,165.8,54.9,24,19.96,1.59,0.24208,0.16932,0.16128,0.20584,0.33213,0.37365,0.62275,0.14392,0.10518,0.16841,0.04325,0.06142,86.5,71.6,95.6,39.4,34.9,23.1,54.0,15.7,23.3,74.3,101.3,60.8,165.8
0,176.5,120.0,34,38.5,2.426,0.2366,0.18871,0.18588,0.22915,0.30629,0.34458,0.5743,0.1604,0.12123,0.18748,0.05645,0.06142,105.9,90.7,116.9,42.3,38.3,34.8,54.7,16.5,33.3,75.2,102.6,61.5,176.5
0,163.6,61.6,65,23.04,1.674,0.2309,0.17382,0.15837,0.21115,0.31432,0.35361,0.58934,0.14775,0.10328,0.17276,0.04374,0.05877,88.5,70.1,97.7,37.4,33.3,23.6,50.9,14.9,23.4,70.1,95.5,57.3,163.6
0,168.1,49.0,31,17.33,1.512,0.23134,0.16641,0.15739,0.20242,0.31957,0.35951,0.59919,0.14145,0.10265,0.16562,0.04181,0.05852,86.9,71.4,96.1,38.4,33.9,22.1,53.1,15.4,23.0,73.0,99.6,59.7,168.1
0,161.2,80.5,50,31.0,1.899,0.23735,0.18475,0.18146,0.22401,0.31649,0.35605,0.59342,0.15704,0.11834,0.18328,0.05341,0.06091,95.1,81.2,104.8,38.9,34.8,29.8,51.8,15.4,28.9,71.3,97.2,58.3,161.2
0,164.5,72.2,28,26.68,1.817,0.23176,0.17093,0.16184,0.20751,0.31219,0.35121,0.58535,0.14529,0.10555,0.16978,0.04504,0.05924,89.5,73.7,98.8,38.6,34.5,25.7,52.0,15.3,24.8,71.5,97.5,58.5,164.5
0,173.8,63.8,30,21.11,1.755,0.23565,0.16841,0.15534,0.2048,0.32132,0.36149,0.60248,0.14315,0.10131,0.16756,0.04192,0.05993,90.5,72.6,100.1,40.3,35.8,23.3,55.0,16.1,23.7,75.6,103.1,61.8,173.8
0,148.1,45.0,18,20.52,1.36,0.2281,0.1568,0.14596,0.19038,0.31441,0.35372,0.58953,0.13328,0.09519,0.15577,0.03742,0.05776,74.0,59.9,81.6,34.2,30.3,20.5,47.2,13.7,18.6,64.9,88.5,53.1,148.1
0,165.3,73.7,51,26.96,1.839,0.23647,0.17652,0.16188,0.2143,0.31818,0.35795,0.59658,0.15004,0.10558,0.17534,0.04576,0.06047,91.8,73.2,101.3,39.1,34.9,25.6,52.6,15.5,25.0,72.4,98.7,59.2,165.3
0,177.0,72.3,26,23.06,1.885,0.2508,0.1669,0.1694,0.20297,0.3396,0.38205,0.63676,0.14187,0.11048,0.16607,0.04522,0.06397,90.1,79.5,99.6,43.1,38.4,26.1,58.3,17.2,25.7,80.2,109.4,65.6,177.0
0,164.4,46.9,30,17.33,1.463,0.23802,0.16614,0.14104,0.20207,0.32916,0.3703,0.61717,0.14122,0.09198,0.16533,0.03725,0.06019,84.6,62.4,93.5,38.6,34.0,19.5,53.3,15.5,20.0,73.3,100.0,60.0,164.4
0,173.7,98.3,54,32.58,2.178,0.24138,0.18672,0.18168,0.22675,0.31833,0.35812,0.59687,0.15871,0.11849,0.18552,0.05397,0.06221,101.8,86.1,112.4,41.9,37.7,31.4,55.2,16.5,31.0,75.9,103.6,62.1,173.7
0,158.2,55.9,47,22.34,1.568,0.24703,0.17139,0.16551,0.20814,0.33763,0.37983,0.63305,0.14568,0.10794,0.17029,0.0449,0.06277,84.1,70.6,92.9,38.6,34.2,23.9,52.8,15.4,23.2,72.5,98.9,59.3,158.2
0,162.3,81.7,58,31.01,1.919,0.24229,0.17977,0.16134,0.21801,0.32288,0.36324,0.60539,0.15281,0.10522,0.17837,0.04615,0.06219,91.7,71.6,101.1,39.4,35.3,26.2,52.4,15.6,24.8,72.1,98.3,59.0,162.3
0,162.7,79.1,62,29.88,1.891,0.2384,0.18866,0.16801,0.22885,0.31859,0.35842,0.59736,0.16036,0.10957,0.18724,0.04916,0.06113,95.0,73.6,104.8,38.2,34.2,26.6,51.1,15.1,26.1,70.2,95.7,57.4,162.7
0,147.4,44.1,54,20.28,1.344,0.22599,0.16122,0.15032,0.19576,0.31177,0.35074,0.58457,0.13704,0.09804,0.16017,0.03989,0.0572,77.0,62.5,85.0,34.4,30.4,21.4,47.4,13.8,20.1,65.2,88.9,53.3,147.4
0,154.6,68.5,64,28.66,1.715,0.23976,0.17118,0.16775,0.20747,0.32275,0.3631,0.60516,0.1455,0.1094,0.16975,0.04595,0.0613,83.3,71.0,91.8,37.1,33.1,25.8,50.0,14.8,23.5,68.7,93.7,56.2,154.6
0,155.0,51.7,24,21.53,1.493,0.22294,0.15681,0.15585,0.19042,0.30572,0.34394,0.57323,0.13329,0.10164,0.1558,0.04076,0.05657,78.8,68.1,87.0,35.7,31.6,23.1,48.9,14.3,21.6,67.3,91.7,55.0,155.0
0,168.1,49.5,31,17.51,1.52,0.22744,0.15682,0.15226,0.19075,0.31402,0.35327,0.58879,0.1333,0.0993,0.15607,0.0389,0.05755,82.6,69.7,91.4,38.1,33.7,21.6,52.7,15.3,21.6,72.4,98.7,59.2,168.1
0,168.4,63.5,65,22.37,1.723,0.23464,0.16989,0.1683,0.20647,0.31942,0.35934,0.59891,0.1444,0.10976,0.16893,0.04627,0.05972,90.2,77.7,99.7,39.7,35.2,25.7,54.0,15.8,25.9,74.2,101.2,60.7,168.4
0,164.7,69.8,23,25.73,1.787,0.24004,0.17026,0.16695,0.20674,0.32418,0.3647,0.60784,0.14473,0.10888,0.16915,0.04522,0.06129,86.3,73.6,95.3,38.7,34.5,25.5,52.3,15.4,24.1,71.9,98.1,58.9,164.7
0,168.1,62.8,51,22.23,1.713,0.24448,0.17475,0.15582,0.21239,0.33298,0.37461,0.62435,0.14854,0.10162,0.17377,0.04328,0.06221,91.3,70.8,100.9,40.7,36.1,23.4,55.4,16.2,23.8,76.2,103.8,62.3,168.1
0,161.4,59.4,33,22.82,1.632,0.23633,0.17271,0.15251,0.20977,0.32218,0.36245,0.60409,0.1468,0.09946,0.17163,0.04238,0.06011,88.3,67.8,97.5,38.4,34.1,22.9,52.4,15.3,22.8,72.1,98.3,59.0,161.4
0,170.7,85.1,68,29.21,2.008,0.23542,0.17213,0.17628,0.20904,0.31397,0.35322,0.5887,0.14631,0.11496,0.17103,0.04949,0.06041,92.9,82.7,102.5,40.4,36.2,29.3,53.9,16.0,28.1,74.1,101.1,60.7,170.7
0,162.6,64.7,54,24.49,1.709,0.23929,0.16998,0.16455,0.2064,0.32457,0.36514,0.60857,0.14448,0.10731,0.16887,0.04484,0.06099,86.3,72.7,95.3,38.7,34.4,24.9,52.5,15.4,24.0,72.1,98.4,59.0,162.6
0,162.9,55.3,53,20.84,1.582,0.23744,0.16348,0.16013,0.19866,0.32529,0.36595,0.60992,0.13896,0.10443,0.16254,0.04268,0.06027,84.4,71.9,93.2,39.0,34.6,23.6,53.4,15.6,23.2,73.5,100.2,60.1,162.9
0,160.7,70.0,63,27.09,1.767,0.23069,0.17791,0.17142,0.21587,0.31093,0.34979,0.58299,0.15122,0.1118,0.17662,0.0485,0.05895,89.9,75.3,99.1,37.1,33.1,26.6,50.0,14.7,25.8,68.7,93.7,56.2,160.7
0,167.2,69.5,23,24.87,1.796,0.23637,0.18293,0.15436,0.22221,0.31965,0.3596,0.59933,0.15549,0.10067,0.18181,0.04412,0.06032,94.2,69.1,104.0,38.7,34.5,23.6,52.4,15.4,23.9,72.0,98.2,58.9,167.2
0,159.6,40.8,25,16.0,1.345,0.2273,0.14774,0.14067,0.17972,0.31595,0.35544,0.59241,0.12558,0.09174,0.14704,0.03444,0.05735,75.0,62.1,83.0,36.7,32.4,19.4,51.1,14.8,18.4,70.2,95.8,57.5,159.6
0,169.1,74.0,41,25.86,1.864,0.23607,0.17003,0.15871,0.20655,0.31808,0.35784,0.5964,0.14453,0.10351,0.169,0.04397,0.06033,91.0,73.8,100.5,40.2,35.9,25.4,54.2,16.0,24.8,74.5,101.6,60.9,169.1
0,154.8,61.6,20,25.7,1.627,0.23458,0.16847,0.15823,0.20434,0.31819,0.35797,0.59661,0.1432,0.10319,0.16719,0.04288,0.05979,82.3,67.2,90.8,36.5,32.5,23.8,49.5,14.5,22.1,68.0,92.8,55.7,154.8
0,155.0,58.0,21,24.13,1.58,0.24456,0.169,0.16663,0.20508,0.33308,0.37471,0.62452,0.14365,0.10867,0.16779,0.04357,0.06223,78.6,67.4,86.7,36.2,32.2,23.4,49.3,14.4,21.3,67.8,92.4,55.5,155.0
0,167.2,78.2,49,27.98,1.906,0.23932,0.17462,0.17817,0.21201,0.32081,0.36092,0.60153,0.14843,0.1162,0.17346,0.04975,0.06129,90.9,80.6,100.3,39.6,35.4,28.4,53.1,15.7,27.3,73.1,99.7,59.8,167.2
0,161.9,56.2,18,21.45,1.59,0.23969,0.17053,0.1688,0.20719,0.32793,0.36893,0.61488,0.14495,0.11009,0.16952,0.04557,0.06088,85.3,73.4,94.2,38.2,33.8,24.4,52.2,15.2,24.0,71.8,97.9,58.7,161.9
0,159.4,64.7,51,25.46,1.693,0.24438,0.17143,0.16452,0.20806,0.33103,0.37241,0.62068,0.14572,0.10729,0.17023,0.04483,0.06232,84.9,70.8,93.6,38.5,34.3,24.7,52.2,15.3,23.4,71.7,97.8,58.7,159.4
0,168.6,52.3,62,18.42,1.565,0.23307,0.15648,0.15467,0.19031,0.32089,0.361,0.60167,0.13301,0.10087,0.15571,0.03924,0.05904,81.8,70.3,90.5,38.8,34.3,22.1,53.4,15.5,21.6,73.4,100.2,60.1,168.6
0,158.4,64.6,26,25.77,1.686,0.24961,0.18728,0.16141,0.22725,0.33799,0.38024,0.63373,0.15919,0.10527,0.18593,0.04704,0.06367,92.5,69.3,102.1,39.3,34.9,24.3,53.2,15.6,24.5,73.1,99.7,59.8,158.4
0,161.1,87.0,29,33.52,1.974,0.25245,0.18503,0.17951,0.22423,0.33437,0.37617,0.62694,0.15727,0.11707,0.18346,0.05211,0.06496,93.2,78.6,102.6,40.5,36.3,29.4,53.6,16.0,27.6,73.7,100.5,60.3,161.1
0,172.0,60.1,27,20.31,1.694,0.23496,0.16213,0.15565,0.19717,0.32136,0.36153,0.60255,0.13781,0.10151,0.16132,0.04189,0.05969,89.6,74.8,99.0,41.3,36.6,23.9,56.5,16.5,24.4,77.7,106.0,63.6,172.0
0,173.0,63.2,27,21.13,1.743,0.23882,0.16189,0.16535,0.19685,0.32572,0.36644,0.61073,0.1376,0.10784,0.16106,0.04365,0.06073,87.5,77.7,96.7,41.1,36.5,25.0,56.0,16.4,24.8,77.1,105.1,63.0,173.0
0,173.2,63.9,67,21.31,1.754,0.2438,0.16783,0.16448,0.20408,0.33231,0.37385,0.62308,0.14265,0.10727,0.16697,0.04484,0.06202,91.5,77.9,101.1,42.3,37.6,25.2,57.6,16.9,25.7,79.3,108.1,64.9,173.2
0,160.6,63.4,61,24.58,1.682,0.23634,0.17037,0.14948,0.20683,0.32075,0.36084,0.6014,0.14482,0.09749,0.16923,0.04066,0.06023,85.3,65.0,94.1,37.6,33.5,22.4,51.1,15.0,21.4,70.2,95.8,57.5,160.6
0,170.9,58.6,65,20.07,1.668,0.22958,0.15521,0.15618,0.18874,0.31434,0.35363,0.58938,0.13193,0.10186,0.15442,0.04,0.05829,83.4,73.0,92.2,39.3,34.8,23.3,53.8,15.7,22.6,73.9,100.8,60.5,170.9
0,156.0,62.9,40,25.83,1.651,0.23631,0.16737,0.17581,0.20303,0.32026,0.36029,0.60048,0.14226,0.11466,0.16612,0.04694,0.06025,81.1,74.1,89.5,36.5,32.4,26.1,49.4,14.5,23.9,67.9,92.6,55.6,156.0
0,156.3,67.9,23,27.77,1.717,0.23588,0.18038,0.16726,0.21871,0.318,0.35775,0.59625,0.15332,0.10908,0.17895,0.0471,0.06027,87.4,70.4,96.3,36.4,32.4,25.3,49.0,14.5,24.0,67.4,91.9,55.2,156.3
0,146.5,56.5,41,26.33,1.517,0.2257,0.1724,0.16418,0.20888,0.30677,0.34511,0.57519,0.14654,0.10707,0.1709,0.04625,0.05748,83.0,68.7,91.4,34.6,30.7,25.0,47.0,13.8,23.4,64.6,88.1,52.9,146.5
0,173.9,53.8,41,17.8,1.612,0.23225,0.1625,0.15107,0.1977,0.31982,0.3598,0.59967,0.13812,0.09853,0.16175,0.0401,0.05883,89.3,72.2,98.8,40.6,35.9,22.2,56.0,16.3,23.2,77.0,105.0,63.0,173.9
0,156.6,69.9,38,28.48,1.743,0.23214,0.17552,0.16551,0.21279,0.31233,0.35138,0.58563,0.14919,0.10794,0.1741,0.04713,0.05936,88.8,72.8,97.9,37.4,33.4,26.3,50.3,14.9,25.1,69.2,94.4,56.6,156.6
0,161.6,73.7,59,28.2,1.819,0.23903,0.17491,0.16221,0.2122,0.32107,0.3612,0.602,0.14867,0.10579,0.17362,0.04528,0.06116,88.5,71.4,97.6,38.5,34.4,25.5,51.7,15.3,24.1,71.1,97.0,58.2,161.6
0,156.3,67.7,48,27.69,1.714,0.23687,0.17238,0.15965,0.20902,0.3194,0.35933,0.59888,0.14652,0.10412,0.17102,0.0441,0.06052,85.0,68.5,93.7,37.2,33.2,24.6,50.2,14.8,22.9,69.0,94.0,56.4,156.3
0,167.2,71.6,64,25.62,1.824,0.25036,0.18147,0.1742,0.22041,0.33785,0.38008,0.63346,0.15425,0.11361,0.18034,0.04951,0.06395,93.4,78.0,103.2,41.0,36.6,26.8,55.4,16.3,26.8,76.1,103.8,62.3,167.2
0,159.9,63.9,58,24.96,1.684,0.23964,0.17933,0.17014,0.21767,0.32498,0.3656,0.60933,0.15243,0.11096,0.1781,0.04822,0.06109,89.8,74.1,99.1,38.2,34.0,25.7,51.8,15.2,25.4,71.2,97.2,58.3,159.9
0,153.6,67.6,47,28.66,1.699,0.24023,0.18007,0.16788,0.21822,0.32353,0.36397,0.60662,0.15306,0.10949,0.17855,0.04782,0.06141,87.5,71.0,96.5,37.2,33.2,25.9,50.1,14.8,24.5,68.8,93.9,56.3,153.6
0,165.5,91.3,51,33.35,2.049,0.24642,0.17966,0.17193,0.21789,0.32574,0.36646,0.61077,0.15271,0.11213,0.17827,0.0489,0.06346,92.1,76.7,101.6,40.2,36.2,28.5,53.2,15.9,26.4,73.1,99.7,59.8,165.5
0,152.8,47.7,35,20.45,1.423,0.22391,0.16189,0.15509,0.19662,0.30818,0.3467,0.57784,0.1376,0.10115,0.16087,0.0406,0.05673,78.1,65.0,86.2,34.4,30.4,21.9,47.3,13.8,20.6,65.0,88.7,53.2,152.8
0,156.8,71.0,29,28.88,1.759,0.22776,0.1755,0.17695,0.21276,0.30609,0.34435,0.57391,0.14917,0.1154,0.17407,0.04966,0.05827,87.1,76.4,96.0,36.0,32.1,27.7,48.4,14.3,25.9,66.5,90.7,54.4,156.8
0,148.2,52.0,52,23.7,1.463,0.24523,0.16659,0.17236,0.20206,0.3353,0.37721,0.62868,0.1416,0.11241,0.16532,0.04565,0.0623,77.1,69.4,85.0,36.1,32.0,24.5,49.4,14.4,22.2,67.9,92.6,55.6,148.2
0,152.8,54.9,24,23.52,1.527,0.2375,0.17333,0.16233,0.21033,0.32426,0.36479,0.60798,0.14733,0.10587,0.17209,0.04387,0.06037,81.2,66.2,89.6,35.4,31.4,23.0,48.4,14.2,21.6,66.5,90.7,54.4,152.8
0,163.7,49.6,58,18.52,1.502,0.2322,0.16771,0.14548,0.20392,0.3201,0.36011,0.60019,0.14256,0.09488,0.16685,0.03881,0.05879,85.2,64.2,94.1,37.5,33.2,20.5,51.7,15.0,20.7,71.1,97.0,58.2,163.7
0,149.1,51.0,57,22.91,1.453,0.23681,0.1724,0.16579,0.20917,0.32431,0.36485,0.60808,0.14654,0.10813,0.17114,0.045,0.06012,80.1,67.0,88.3,35.0,31.0,23.4,48.0,14.0,22.0,65.9,89.9,54.0,149.1
0,152.4,47.2,42,20.3,1.413,0.24463,0.17802,0.1599,0.21623,0.33687,0.37898,0.63164,0.15132,0.10428,0.17691,0.04349,0.06197,81.9,63.9,90.4,35.8,31.7,21.5,49.3,14.3,21.1,67.8,92.5,55.5,152.4
0,162.5,58.7,23,22.22,1.627,0.23501,0.16327,0.16393,0.19835,0.32077,0.36086,0.60144,0.13878,0.10691,0.16228,0.0438,0.05975,84.3,73.6,93.1,38.6,34.3,24.6,52.7,15.4,23.8,72.5,98.8,59.3,162.5
0,158.8,50.3,18,19.95,1.49,0.2382,0.15461,0.15552,0.18787,0.32761,0.36856,0.61426,0.13142,0.10143,0.15371,0.03966,0.06037,78.0,68.2,86.2,38.3,33.8,22.4,52.6,15.3,21.1,72.4,98.7,59.2,158.8
0,176.0,69.1,63,22.28,1.838,0.24329,0.17075,0.15625,0.20765,0.33032,0.37161,0.61936,0.14514,0.1019,0.1699,0.04318,0.06199,94.2,75.0,104.2,42.7,38.0,24.4,58.0,17.0,25.1,79.8,108.8,65.3,176.0
0,175.0,68.7,33,22.44,1.827,0.23715,0.18225,0.16581,0.22161,0.32196,0.36221,0.60368,0.15491,0.10814,0.18132,0.04734,0.06042,98.0,77.5,108.3,40.6,36.1,25.3,55.1,16.2,26.8,75.7,103.3,62.0,175.0
0,156.6,59.9,65,24.45,1.615,0.23648,0.16432,0.16863,0.19941,0.32159,0.36179,0.60299,0.13967,0.10997,0.16316,0.04524,0.06021,82.0,73.2,90.5,37.6,33.4,25.4,51.1,15.0,23.8,70.2,95.8,57.5,156.6
0,166.3,50.5,21,18.27,1.528,0.23643,0.16924,0.15688,0.20582,0.3259,0.36664,0.61106,0.14386,0.10232,0.16839,0.04177,0.05987,86.1,69.4,95.2,38.3,33.9,21.9,52.8,15.4,22.4,72.6,99.0,59.4,166.3
0,167.6,52.8,46,18.81,1.568,0.22696,0.1623,0.1452,0.19737,0.31223,0.35126,0.58543,0.13796,0.0947,0.16148,0.0389,0.05751,87.3,67.9,96.6,38.9,34.4,21.5,53.5,15.6,22.0,73.5,100.3,60.2,167.6
0,158.4,64.2,55,25.57,1.681,0.23062,0.1716,0.15387,0.20823,0.31243,0.35148,0.58581,0.14586,0.10035,0.17037,0.04233,0.05881,85.6,66.7,94.4,36.6,32.6,23.4,49.6,14.6,22.2,68.2,93.0,55.8,158.4
0,152.3,48.7,64,21.0,1.436,0.2255,0.16416,0.15196,0.19935,0.30997,0.34871,0.58119,0.13954,0.0991,0.1631,0.03999,0.05716,78.4,63.1,86.5,34.3,30.3,21.4,47.1,13.7,20.1,64.8,88.3,53.0,152.3
0,162.4,76.1,45,28.87,1.853,0.23544,0.16901,0.16551,0.20504,0.31556,0.35501,0.59168,0.14366,0.10794,0.16776,0.04569,0.0603,87.4,74.4,96.4,38.8,34.6,26.7,51.9,15.4,24.9,71.4,97.4,58.4,162.4
0,161.3,65.0,39,24.99,1.707,0.22945,0.15735,0.16786,0.19102,0.31096,0.34983,0.58304,0.13374,0.10948,0.15629,0.04371,0.0585,80.5,74.7,88.8,37.4,33.3,25.8,50.6,14.9,23.5,69.6,94.9,57.0,161.3
0,159.5,67.9,25,26.66,1.734,0.2443,0.16885,0.16097,0.20487,0.32983,0.37106,0.61844,0.14353,0.10498,0.16762,0.04342,0.06238,83.6,69.3,92.2,38.5,34.3,24.5,52.0,15.3,22.6,71.5,97.5,58.5,159.5
0,165.5,83.7,49,30.56,1.962,0.24405,0.18077,0.18854,0.21934,0.32508,0.36572,0.60953,0.15366,0.12296,0.17946,0.05349,0.06266,92.0,83.4,101.5,39.5,35.4,30.2,52.7,15.6,28.7,72.4,98.7,59.2,165.5
0,157.4,56.5,50,22.81,1.572,0.22833,0.16693,0.14664,0.20268,0.31176,0.35073,0.58455,0.14189,0.09563,0.16583,0.04033,0.05804,85.2,65.1,94.1,37.1,32.9,22.2,50.7,14.8,21.7,69.7,95.0,57.0,157.4
0,154.7,52.2,30,21.81,1.497,0.24053,0.16507,0.17322,0.20044,0.32964,0.37085,0.61808,0.14031,0.11297,0.16399,0.04588,0.06105,80.0,73.0,88.3,37.1,32.9,24.8,50.8,14.8,23.4,69.9,95.3,57.2,154.7
0,163.2,74.3,44,27.89,1.836,0.23074,0.17187,0.18041,0.20858,0.30997,0.34871,0.58119,0.14609,0.11766,0.17065,0.05,0.05904,88.3,80.6,97.4,37.7,33.7,28.6,50.7,15.0,27.0,69.7,95.0,57.0,163.2
0,165.1,71.5,35,26.22,1.811,0.23426,0.16844,0.16782,0.20451,0.31587,0.35535,0.59226,0.14317,0.10944,0.16733,0.04575,0.05985,87.2,75.6,96.3,38.6,34.4,26.3,52.1,15.4,24.9,71.6,97.6,58.6,165.1
0,154.5,55.6,35,23.29,1.545,0.23413,0.16968,0.1491,0.20594,0.31963,0.35959,0.59931,0.14423,0.09724,0.1685,0.04057,0.05952,82.7,63.2,91.3,36.3,32.3,21.8,49.6,14.5,20.8,68.2,93.0,55.8,154.5
0,168.8,86.8,30,30.46,2.018,0.23739,0.1831,0.17033,0.22227,0.31577,0.35524,0.59206,0.15564,0.11108,0.18186,0.05033,0.06098,99.0,80.1,109.3,40.9,36.6,28.9,54.4,16.2,28.7,74.7,101.9,61.2,168.8
0,150.5,52.5,39,23.19,1.481,0.24465,0.17581,0.16085,0.21331,0.33463,0.37646,0.62743,0.14944,0.1049,0.17453,0.04388,0.06215,81.2,64.6,89.6,36.0,31.9,22.5,49.2,14.4,21.3,67.7,92.3,55.4,150.5
0,158.6,60.8,31,24.18,1.636,0.24358,0.17505,0.15678,0.21249,0.33121,0.37261,0.62102,0.14879,0.10225,0.17386,0.04312,0.06202,85.7,66.8,94.6,38.0,33.7,23.0,51.6,15.1,22.2,71.0,96.8,58.1,158.6
0,160.7,62.4,28,24.13,1.669,0.23561,0.16147,0.16423,0.19605,0.32012,0.36014,0.60023,0.13725,0.10711,0.1604,0.04325,0.06001,81.7,72.2,90.1,37.9,33.7,24.8,51.5,15.1,23.0,70.9,96.6,58.0,160.7
0,158.2,51.3,56,20.51,1.502,0.23268,0.16085,0.15012,0.19542,0.31958,0.35953,0.59922,0.13672,0.0979,0.15989,0.03934,0.059,80.5,65.3,88.9,37.1,32.8,21.7,50.9,14.8,20.7,70.0,95.5,57.3,158.2
0,158.7,61.3,67,24.37,1.644,0.23486,0.17751,0.15659,0.21547,0.31917,0.35907,0.59845,0.15088,0.10213,0.17629,0.04439,0.05981,89.3,68.5,98.5,37.6,33.4,23.7,51.1,15.0,23.5,70.3,95.8,57.5,158.7
0,175.2,93.6,39,30.49,2.135,0.22519,0.17928,0.16693,0.21781,0.29855,0.33587,0.55978,0.15238,0.10887,0.17821,0.04961,0.05792,102.7,83.1,113.4,41.1,36.9,29.7,54.4,16.2,29.9,74.8,102.0,61.2,175.2
0,156.7,63.7,53,25.94,1.665,0.23677,0.16417,0.16203,0.19916,0.32069,0.36078,0.6013,0.13955,0.10567,0.16295,0.04288,0.06038,80.4,69.0,88.7,36.9,32.9,24.3,50.0,14.7,22.1,68.7,93.7,56.2,156.7
0,179.1,77.5,34,24.17,1.964,0.24129,0.17347,0.181,0.21097,0.32535,0.36602,0.61004,0.14745,0.11805,0.17261,0.05053,0.06165,96.5,87.5,106.7,42.7,38.1,29.0,57.6,17.0,29.6,79.2,108.0,64.8,179.1
0,165.5,64.1,68,23.39,1.716,0.23814,0.17098,0.15889,0.20772,0.3236,0.36405,0.60676,0.14534,0.10363,0.16995,0.04366,0.06065,88.7,71.7,98.0,39.3,35.0,24.1,53.4,15.7,23.8,73.5,100.2,60.1,165.5
0,163.1,67.7,49,25.44,1.751,0.23192,0.16725,0.16774,0.20306,0.31368,0.35289,0.58814,0.14216,0.1094,0.16614,0.04547,0.05918,85.8,74.8,94.7,37.9,33.7,25.9,51.2,15.1,24.6,70.4,96.1,57.6,163.1
0,165.7,75.0,31,27.32,1.859,0.23253,0.16267,0.1698,0.19749,0.3125,0.35157,0.58594,0.13827,0.11074,0.16158,0.04525,0.05949,84.5,76.7,93.3,38.5,34.3,26.9,51.7,15.3,24.8,71.1,96.9,58.2,165.7
0,179.7,86.1,59,26.67,2.073,0.235,0.17378,0.16961,0.21131,0.31442,0.35373,0.58954,0.14771,0.11061,0.17289,0.04844,0.06023,99.4,84.3,109.9,42.8,38.3,28.8,57.2,17.0,29.2,78.7,107.3,64.4,179.7
0,155.7,55.1,46,22.73,1.544,0.24155,0.16141,0.16116,0.19596,0.3301,0.37136,0.61894,0.1372,0.10511,0.16033,0.04236,0.06138,79.6,69.1,87.8,37.9,33.6,23.6,51.8,15.1,22.0,71.2,97.1,58.3,155.7
0,154.9,61.0,23,25.41,1.619,0.2313,0.16579,0.16922,0.20112,0.31397,0.35322,0.5887,0.14093,0.11036,0.16455,0.04526,0.05894,80.9,71.8,89.2,35.9,31.9,25.3,48.7,14.3,23.2,67.0,91.4,54.8,154.9
0,157.4,64.6,67,26.09,1.681,0.2445,0.17146,0.16881,0.20801,0.33094,0.3723,0.6205,0.14574,0.1101,0.17019,0.04597,0.06237,83.9,71.8,92.5,38.1,33.9,25.3,51.5,15.2,23.7,70.9,96.6,58.0,157.4
0,162.7,53.6,21,20.26,1.557,0.24556,0.1667,0.16124,0.2026,0.33697,0.37909,0.63182,0.14169,0.10516,0.16576,0.04263,0.06229,83.5,70.2,92.2,39.1,34.7,22.9,53.7,15.7,22.5,73.9,100.7,60.4,162.7
0,150.8,56.2,28,24.74,1.535,0.23433,0.16809,0.16204,0.20386,0.31919,0.35909,0.59848,0.14288,0.10568,0.16679,0.04362,0.05962,79.9,67.0,88.1,35.5,31.5,23.7,48.3,14.1,21.8,66.4,90.5,54.3,150.8
0,162.7,44.1,62,16.65,1.411,0.22413,0.1522,0.1475,0.18513,0.3107,0.34954,0.58257,0.12937,0.09619,0.15147,0.03717,0.05662,79.0,66.6,87.4,37.0,32.7,20.7,51.3,14.9,20.3,70.6,96.3,57.8,162.7
0,174.0,79.0,57,26.1,1.955,0.24074,0.17281,0.16163,0.21002,0.32345,0.36389,0.60648,0.14689,0.10541,0.17184,0.04528,0.0616,94.4,76.8,104.3,41.9,37.4,26.2,56.3,16.6,26.0,77.4,105.5,63.3,174.0
0,163.5,71.9,27,26.9,1.808,0.24572,0.16934,0.17212,0.20555,0.33094,0.37231,0.62051,0.14394,0.11225,0.16817,0.04614,0.06281,84.4,74.6,93.2,39.0,34.8,26.2,52.5,15.5,24.2,72.2,98.5,59.1,163.5
0,160.5,70.3,45,27.31,1.771,0.2301,0.17277,0.1669,0.20962,0.30998,0.34873,0.58122,0.14686,0.10885,0.17151,0.0467,0.05881,88.4,74.3,97.5,37.5,33.4,26.3,50.5,14.9,25.1,69.4,94.7,56.8,160.5
0,158.3,56.3,28,22.48,1.574,0.23422,0.15431,0.16431,0.18739,0.31998,0.35998,0.59996,0.13116,0.10716,0.15332,0.04123,0.05953,75.7,70.1,83.6,36.6,32.5,23.8,50.0,14.6,21.3,68.7,93.7,56.2,158.3
0,168.6,72.1,52,25.34,1.837,0.24404,0.17394,0.17019,0.2113,0.32937,0.37055,0.61758,0.14785,0.111,0.17288,0.04697,0.06233,90.3,76.9,99.8,40.3,36.0,26.3,54.4,16.0,25.7,74.9,102.1,61.3,168.6
0,156.9,75.4,32,30.63,1.813,0.24237,0.18175,0.17006,0.22024,0.32421,0.36474,0.6079,0.15448,0.11091,0.1802,0.04887,0.06212,90.1,73.3,99.2,38.2,34.2,27.0,51.1,15.2,25.5,70.3,95.9,57.5,156.9
0,175.1,93.7,25,30.58,2.135,0.23733,0.17296,0.17297,0.21014,0.31459,0.35392,0.58986,0.14702,0.11281,0.17193,0.04918,0.06105,96.1,83.6,106.2,42.0,37.7,29.9,55.7,16.6,28.8,76.5,104.4,62.6,175.1
0,175.6,73.8,37,23.93,1.898,0.23852,0.1761,0.16204,0.21411,0.32231,0.3626,0.60434,0.14969,0.10568,0.17518,0.04569,0.06089,96.3,77.1,106.5,41.5,37.0,25.6,56.1,16.5,26.3,77.2,105.2,63.1,175.6
0,164.2,66.4,67,24.62,1.741,0.2406,0.17722,0.16681,0.21522,0.326,0.36675,0.61125,0.15064,0.10879,0.17609,0.04695,0.06135,91.0,74.4,100.4,39.3,35.0,25.5,53.3,15.7,25.4,73.2,99.9,59.9,164.2
0,162.4,76.6,38,29.05,1.859,0.24053,0.16056,0.17107,0.19479,0.32222,0.3625,0.60416,0.13648,0.11157,0.15937,0.04486,0.06161,81.1,75.1,89.4,38.7,34.6,27.0,51.8,15.3,23.8,71.2,97.1,58.3,162.4
0,169.5,53.5,18,18.63,1.588,0.23843,0.16676,0.16074,0.20282,0.32798,0.36898,0.61496,0.14175,0.10483,0.16594,0.04226,0.06042,86.1,72.2,95.2,39.2,34.7,22.7,53.9,15.7,23.0,74.1,101.1,60.7,169.5
0,169.9,65.7,46,22.76,1.762,0.2325,0.15433,0.16849,0.18757,0.31596,0.35545,0.59242,0.13118,0.10989,0.15347,0.04308,0.05921,82.2,78.0,90.8,39.4,35.0,25.8,53.6,15.7,24.2,73.6,100.4,60.3,169.9
0,157.0,74.4,41,30.18,1.801,0.23105,0.17342,0.16401,0.21018,0.30942,0.3481,0.58016,0.14741,0.10696,0.17197,0.04601,0.05919,87.1,71.6,96.0,36.9,33.0,26.3,49.5,14.6,24.3,68.0,92.8,55.7,157.0
0,158.9,71.7,47,28.38,1.779,0.251,0.1751,0.17345,0.21235,0.33742,0.3796,0.63266,0.14883,0.11312,0.17374,0.0484,0.06421,87.3,75.2,96.3,39.8,35.6,27.0,53.6,15.8,25.4,73.7,100.4,60.3,158.9
0,153.5,60.3,57,25.6,1.604,0.23565,0.15818,0.1648,0.19185,0.3199,0.35989,0.59981,0.13445,0.10748,0.15697,0.04236,0.06004,76.0,68.9,83.8,36.0,32.1,24.4,48.9,14.4,21.4,67.3,91.7,55.0,153.5
0,165.3,50.9,52,18.62,1.528,0.24319,0.17455,0.16984,0.21224,0.33498,0.37686,0.6281,0.14837,0.11077,0.17365,0.04657,0.06159,88.9,75.3,98.3,39.4,34.9,23.9,54.3,15.8,25.0,74.7,101.9,61.1,165.3
0,167.0,66.5,50,23.84,1.757,0.24316,0.17059,0.1611,0.20726,0.3298,0.37103,0.61838,0.145,0.10506,0.16957,0.04444,0.06198,89.8,73.7,99.2,40.7,36.2,24.9,55.3,16.2,24.6,76.0,103.6,62.2,167.0
0,153.3,51.1,37,21.75,1.476,0.23106,0.1597,0.16113,0.19389,0.31687,0.35648,0.59413,0.13574,0.10509,0.15864,0.04186,0.05863,77.4,67.9,85.4,35.6,31.6,23.1,48.9,14.3,21.4,67.2,91.7,55.0,153.3
0,159.4,64.6,33,25.44,1.692,0.23307,0.17472,0.16125,0.21204,0.31573,0.35519,0.59199,0.14851,0.10516,0.17349,0.04561,0.05944,89.3,71.7,98.6,37.9,33.8,25.0,51.4,15.1,24.5,70.7,96.3,57.8,159.4
0,153.3,49.3,26,20.96,1.449,0.23525,0.15622,0.14898,0.18972,0.32329,0.3637,0.60617,0.13279,0.09716,0.15523,0.03762,0.05964,74.6,61.9,82.4,35.8,31.7,20.9,49.2,14.3,18.9,67.6,92.2,55.3,153.3
0,156.4,49.4,48,20.2,1.465,0.23644,0.16497,0.16005,0.20043,0.32524,0.36589,0.60982,0.14023,0.10438,0.16399,0.0409,0.05992,77.2,65.1,85.2,35.2,31.1,21.6,48.4,14.1,20.1,66.6,90.8,54.5,156.4
0,166.2,46.8,34,16.93,1.47,0.22333,0.14813,0.15639,0.18019,0.30903,0.34766,0.57944,0.12591,0.10199,0.14743,0.03832,0.05646,77.6,71.3,85.8,37.3,32.9,22.0,51.5,15.0,21.1,70.9,96.7,58.0,166.2
0,157.5,73.4,48,29.6,1.792,0.2405,0.18726,0.16919,0.227,0.32248,0.36279,0.60466,0.15917,0.11034,0.18573,0.04927,0.06158,92.0,72.3,101.4,37.6,33.6,26.3,50.5,14.9,25.5,69.4,94.6,56.8,157.5
0,160.5,57.8,65,22.47,1.606,0.23052,0.16709,0.14446,0.20295,0.31467,0.35401,0.59001,0.14203,0.09421,0.16605,0.03913,0.0586,84.9,63.8,93.8,37.3,33.1,21.5,50.9,14.9,20.9,70.0,95.5,57.3,160.5
0,151.4,56.6,40,24.7,1.544,0.23916,0.16877,0.15892,0.2047,0.32572,0.36644,0.61073,0.14346,0.10364,0.16748,0.04345,0.06086,81.9,67.0,90.3,36.9,32.8,23.7,50.3,14.7,22.2,69.2,94.3,56.6,151.4
0,163.8,64.5,23,24.04,1.713,0.23616,0.17213,0.15675,0.20905,0.32056,0.36063,0.60105,0.14631,0.10223,0.17104,0.04311,0.06018,88.0,69.7,97.1,38.4,34.2,23.7,52.2,15.3,23.2,71.7,97.8,58.7,163.8
0,162.2,52.8,47,20.06,1.542,0.24221,0.1665,0.15705,0.20237,0.33263,0.3742,0.62367,0.14153,0.10242,0.16557,0.0421,0.06142,84.8,69.6,93.7,39.3,34.8,22.7,53.9,15.7,22.6,74.2,101.1,60.7,162.2
0,157.5,48.2,24,19.41,1.452,0.22179,0.1567,0.15823,0.19043,0.30561,0.34381,0.57302,0.13319,0.10319,0.15581,0.04149,0.05617,80.4,70.6,88.9,36.2,32.0,23.1,49.9,14.5,22.4,68.7,93.6,56.2,157.5
0,161.2,52.7,65,20.27,1.536,0.24783,0.16912,0.16509,0.20552,0.34026,0.38279,0.63799,0.14375,0.10766,0.16815,0.04397,0.06285,83.6,71.0,92.4,39.0,34.5,23.3,53.6,15.6,22.9,73.6,100.4,60.3,161.2
0,163.7,57.0,57,21.26,1.61,0.23777,0.1671,0.16911,0.20306,0.32526,0.36592,0.60986,0.14203,0.11029,0.16614,0.04537,0.06039,85.4,75.2,94.4,38.7,34.3,24.8,52.9,15.5,24.4,72.8,99.2,59.5,163.7
0,157.0,63.1,59,25.59,1.658,0.23899,0.16782,0.16093,0.20361,0.32396,0.36446,0.60743,0.14265,0.10495,0.16659,0.0434,0.06093,82.7,68.9,91.2,37.5,33.3,24.2,50.8,14.9,22.5,69.8,95.2,57.1,157.0
0,152.5,48.8,63,21.0,1.438,0.22897,0.16247,0.15454,0.19729,0.31472,0.35406,0.5901,0.1381,0.10079,0.16142,0.04063,0.05804,78.3,64.8,86.5,35.1,31.1,22.0,48.3,14.1,20.6,66.4,90.5,54.3,152.5
0,174.8,98.8,28,32.36,2.191,0.24691,0.18571,0.1717,0.22558,0.32566,0.36637,0.61061,0.15786,0.11198,0.18456,0.05071,0.06364,101.4,81.5,111.9,42.9,38.6,29.7,56.6,16.9,29.1,77.8,106.1,63.6,174.8
0,158.2,71.7,51,28.63,1.775,0.24785,0.17698,0.16602,0.21461,0.33307,0.37471,0.62451,0.15043,0.10827,0.17559,0.04646,0.06341,87.4,71.3,96.3,38.9,34.8,25.7,52.3,15.5,24.1,72.0,98.1,58.9,158.2
0,161.8,72.3,29,27.59,1.802,0.2386,0.16754,0.1631,0.20329,0.32099,0.36112,0.60186,0.14241,0.10637,0.16633,0.04407,0.06102,84.7,71.7,93.4,38.4,34.3,25.4,51.6,15.2,23.4,71.0,96.8,58.1,161.8
0,169.4,67.6,69,23.56,1.783,0.23812,0.16532,0.1568,0.2009,0.32292,0.36328,0.60547,0.14052,0.10226,0.16437,0.04177,0.0607,86.6,71.4,95.6,39.7,35.3,23.9,53.8,15.8,23.0,74.0,100.9,60.6,169.4
0,186.5,108.2,69,31.11,2.367,0.24671,0.19274,0.19121,0.23451,0.32461,0.36518,0.60864,0.16383,0.1247,0.19187,0.05802,0.06364,110.8,95.6,122.5,45.1,40.6,34.0,59.4,17.8,35.1,81.7,111.3,66.8,186.5
0,154.0,55.0,62,23.17,1.534,0.24914,0.1704,0.15114,0.20682,0.34031,0.38285,0.63808,0.14484,0.09857,0.16921,0.04019,0.06332,80.1,61.7,88.3,37.3,33.1,21.3,50.9,14.9,19.9,70.0,95.4,57.3,154.0
0,165.6,65.6,64,23.92,1.736,0.23686,0.17036,0.16968,0.20695,0.32139,0.36156,0.6026,0.14481,0.11066,0.16932,0.04703,0.06036,89.7,77.7,99.1,39.7,35.3,26.3,53.9,15.8,26.1,74.1,101.0,60.6,165.6
0,157.7,61.5,44,24.75,1.642,0.24035,0.1627,0.16984,0.19745,0.32643,0.36724,0.61206,0.13829,0.11077,0.16155,0.04511,0.06123,81.3,73.8,89.7,38.2,34.0,25.7,51.9,15.2,23.7,71.4,97.4,58.4,157.7
0,158.8,68.4,29,27.09,1.737,0.24,0.16638,0.1714,0.20183,0.32375,0.36422,0.60703,0.14142,0.11178,0.16513,0.04594,0.06131,82.6,74.0,91.1,37.9,33.8,26.3,51.1,15.1,24.0,70.3,95.9,57.5,158.8
0,157.6,66.6,30,26.8,1.707,0.23431,0.1662,0.1572,0.20161,0.31651,0.35607,0.59345,0.14127,0.10252,0.16495,0.04256,0.05982,83.3,68.5,91.8,37.4,33.3,24.3,50.5,14.9,22.4,69.4,94.6,56.8,157.6
0,154.8,53.2,25,22.18,1.512,0.23354,0.16305,0.14722,0.19796,0.31972,0.35969,0.59948,0.13859,0.09601,0.16197,0.039,0.0593,80.1,62.9,88.4,36.5,32.4,21.4,50.0,14.6,20.2,68.7,93.7,56.2,154.8
0,162.2,57.8,33,21.96,1.614,0.24097,0.16417,0.15688,0.19945,0.32918,0.37033,0.61721,0.13955,0.10232,0.16318,0.0415,0.06124,83.1,69.0,91.7,38.8,34.4,23.0,53.0,15.5,22.1,72.9,99.4,59.6,162.2
0,152.5,62.3,46,26.81,1.625,0.23836,0.18092,0.17223,0.21932,0.32272,0.36306,0.6051,0.15378,0.11232,0.17944,0.04844,0.0608,85.5,70.8,94.2,35.9,31.9,25.4,48.6,14.3,24.1,66.8,91.0,54.6,152.5
0,168.9,77.5,52,27.16,1.907,0.24956,0.17897,0.17192,0.21736,0.33505,0.37693,0.62822,0.15212,0.11212,0.17784,0.04856,0.06387,93.2,77.9,102.9,41.4,37.0,27.1,55.5,16.4,26.6,76.4,104.1,62.5,168.9
0,162.9,59.7,46,22.49,1.643,0.23569,0.17593,0.15308,0.21371,0.32141,0.36159,0.60264,0.14954,0.09984,0.17486,0.04301,0.05994,90.3,68.3,99.7,38.5,34.2,22.9,52.5,15.4,23.2,72.2,98.4,59.1,162.9
0,165.4,50.2,48,18.36,1.519,0.22251,0.16468,0.16198,0.20026,0.30672,0.34506,0.57509,0.13998,0.10564,0.16385,0.04283,0.05634,85.0,72.7,93.9,36.5,32.3,23.0,50.4,14.6,23.3,69.3,94.4,56.7,165.4
0,159.3,58.9,30,23.21,1.615,0.23981,0.15615,0.17238,0.1896,0.32684,0.3677,0.61283,0.13273,0.11242,0.15513,0.04402,0.06101,77.9,74.8,86.0,38.1,33.8,25.5,51.9,15.2,23.1,71.3,97.3,58.4,159.3
0,160.0,68.4,29,26.74,1.744,0.23114,0.17831,0.16525,0.21636,0.31194,0.35093,0.58489,0.15157,0.10777,0.17702,0.04677,0.05903,89.6,72.2,98.8,37.0,33.0,25.5,49.9,14.7,24.7,68.6,93.6,56.1,160.0
0,164.5,88.4,68,32.69,2.01,0.24264,0.17154,0.17565,0.20803,0.32151,0.3617,0.60284,0.14581,0.11455,0.17021,0.04921,0.06242,89.7,79.9,98.9,40.4,36.3,29.6,53.5,16.0,27.1,73.6,100.4,60.2,164.5
0,154.6,46.9,19,19.62,1.419,0.23297,0.16087,0.14308,0.19545,0.32116,0.36131,0.60218,0.13674,0.09331,0.15992,0.03757,0.05899,79.2,61.3,87.5,36.5,32.3,20.3,50.4,14.6,19.5,69.2,94.4,56.7,154.6
0,160.1,57.3,50,22.36,1.596,0.23822,0.16437,0.15856,0.19964,0.32533,0.366,0.61,0.13972,0.10341,0.16334,0.04184,0.06055,81.8,68.6,90.4,37.8,33.5,23.1,51.6,15.1,21.9,70.9,96.7,58.0,160.1
0,156.7,55.2,25,22.51,1.55,0.23369,0.17486,0.16063,0.21231,0.31944,0.35937,0.59895,0.14863,0.10476,0.17371,0.04505,0.05938,87.1,69.6,96.2,37.1,32.9,23.7,50.7,14.8,23.6,69.7,95.0,57.0,156.7
0,156.4,74.1,58,30.28,1.795,0.23769,0.17999,0.16975,0.21812,0.31832,0.35811,0.59684,0.153,0.11071,0.17847,0.04917,0.06089,90.9,74.5,100.1,38.2,34.2,27.4,51.2,15.1,26.1,70.3,95.9,57.6,156.4
0,148.2,52.5,57,23.9,1.469,0.23173,0.1634,0.15718,0.19817,0.31668,0.35626,0.59377,0.13889,0.10251,0.16214,0.04123,0.05889,76.1,63.6,83.9,34.3,30.5,22.5,46.9,13.7,20.2,64.5,88.0,52.8,148.2
0,171.6,60.7,66,20.61,1.701,0.24305,0.16855,0.15997,0.20495,0.33217,0.3737,0.62283,0.14326,0.10433,0.16768,0.0429,0.06176,88.9,73.4,98.3,40.8,36.2,23.6,55.8,16.3,23.8,76.7,104.6,62.8,171.6
0,157.8,65.9,58,26.44,1.699,0.23205,0.16607,0.15614,0.20146,0.31372,0.35293,0.58822,0.14116,0.10183,0.16483,0.0432,0.05922,85.9,70.3,94.8,38.2,34.1,24.8,51.7,15.2,23.5,71.1,96.9,58.1,157.8
0,170.4,65.2,49,22.45,1.757,0.24253,0.17169,0.15867,0.2087,0.32983,0.37106,0.61843,0.14594,0.10348,0.17075,0.04407,0.06175,92.3,74.2,102.0,41.5,36.9,24.4,56.5,16.6,24.9,77.6,105.8,63.5,170.4
0,169.8,56.3,55,19.53,1.629,0.23041,0.16559,0.16053,0.20137,0.31609,0.3556,0.59267,0.14075,0.10469,0.16476,0.04272,0.05846,87.4,73.7,96.7,38.7,34.3,23.4,53.1,15.5,23.7,73.0,99.6,59.8,169.8
0,153.8,48.8,45,20.66,1.444,0.22819,0.15406,0.13982,0.18711,0.31379,0.35301,0.58836,0.13095,0.09119,0.15309,0.0359,0.05784,76.5,60.4,84.5,36.1,31.9,20.3,49.6,14.4,18.8,68.2,93.0,55.8,153.8
0,155.1,77.7,32,32.29,1.829,0.23466,0.17545,0.17393,0.21247,0.31284,0.35195,0.58658,0.14913,0.11344,0.17384,0.04859,0.06023,85.8,73.9,94.4,36.5,32.7,27.7,48.7,14.5,25.0,66.9,91.3,54.8,155.1
0,179.9,83.1,40,25.67,2.038,0.22969,0.17107,0.16722,0.20804,0.30822,0.34674,0.5779,0.14541,0.10906,0.17021,0.04732,0.0588,98.4,83.6,108.8,42.0,37.6,28.2,56.4,16.7,28.6,77.6,105.8,63.5,179.9
0,174.4,74.5,41,24.49,1.9,0.23518,0.17524,0.15885,0.21303,0.31743,0.35711,0.59518,0.14896,0.1036,0.1743,0.04539,0.06006,97.5,76.8,107.7,41.6,37.1,25.8,56.2,16.6,26.6,77.3,105.4,63.2,174.4
0,162.3,60.7,30,23.05,1.654,0.2339,0.169,0.157,0.20527,0.31856,0.35838,0.5973,0.14365,0.10239,0.16795,0.0429,0.05952,86.7,70.0,95.7,38.2,33.9,23.6,52.0,15.2,23.2,71.5,97.5,58.5,162.3
0,164.3,68.2,38,25.27,1.764,0.23794,0.16451,0.15923,0.19976,0.32181,0.36204,0.6034,0.13983,0.10385,0.16344,0.04318,0.06072,86.3,72.7,95.3,39.8,35.4,25.0,53.8,15.8,23.9,73.9,100.8,60.5,164.3
0,158.2,63.1,29,25.22,1.666,0.23009,0.17057,0.15796,0.207,0.31203,0.35104,0.58506,0.14499,0.10302,0.16936,0.04377,0.05865,86.3,69.5,95.3,37.1,33.0,24.3,50.3,14.8,23.3,69.1,94.3,56.6,158.2
0,165.4,69.2,30,25.27,1.783,0.23588,0.16933,0.16499,0.20564,0.31886,0.35872,0.59786,0.14393,0.1076,0.16825,0.0452,0.0602,88.1,74.6,97.2,39.1,34.8,25.7,52.8,15.5,24.8,72.6,99.0,59.4,165.4
0,157.6,60.9,56,24.52,1.633,0.24436,0.17967,0.1691,0.21806,0.33209,0.3736,0.62267,0.15272,0.11029,0.17841,0.04684,0.06223,86.1,70.5,95.0,37.3,33.1,24.4,50.7,14.9,23.6,69.6,95.0,57.0,157.6
0,148.7,61.6,40,27.87,1.595,0.23514,0.18799,0.15468,0.22772,0.31806,0.35782,0.59636,0.15979,0.10088,0.18631,0.04464,0.06,86.8,62.1,95.6,34.6,30.8,22.7,46.8,13.8,21.7,64.3,87.7,52.6,148.7
0,153.5,56.9,67,24.14,1.558,0.23494,0.16896,0.16836,0.205,0.32015,0.36017,0.60029,0.14362,0.1098,0.16773,0.04498,0.05977,80.3,69.6,88.5,35.5,31.5,24.3,48.4,14.2,22.5,66.6,90.8,54.5,153.5
0,162.6,53.9,63,20.36,1.56,0.24131,0.17007,0.15675,0.20669,0.33106,0.37244,0.62073,0.14456,0.10223,0.16911,0.04236,0.06122,85.9,68.8,94.9,38.8,34.3,22.5,53.2,15.5,22.5,73.2,99.8,59.9,162.6
0,154.8,51.9,60,21.67,1.494,0.22844,0.15958,0.16823,0.19378,0.31318,0.35232,0.5872,0.13565,0.10971,0.15855,0.04387,0.05797,78.4,71.9,86.6,35.7,31.7,24.4,49.0,14.3,22.7,67.4,91.9,55.1,154.8
0,162.0,45.1,45,17.18,1.425,0.2377,0.15971,0.14491,0.19424,0.3291,0.37023,0.61705,0.13576,0.09451,0.15893,0.03734,0.06008,80.9,63.8,89.5,38.3,33.8,20.1,53.1,15.4,19.9,73.0,99.5,59.7,162.0
0,155.2,81.7,31,33.94,1.877,0.24801,0.18537,0.17435,0.22441,0.32922,0.37037,0.61729,0.15757,0.11371,0.18361,0.04993,0.06376,88.9,72.7,97.9,37.9,34.0,27.6,50.3,15.0,25.2,69.1,94.2,56.5,155.2
0,157.2,68.8,34,27.85,1.733,0.23302,0.17509,0.16883,0.21232,0.31395,0.35319,0.58865,0.14883,0.11011,0.17372,0.04664,0.05955,85.4,71.6,94.1,36.2,32.3,25.7,48.7,14.4,23.9,67.0,91.4,54.8,157.2
0,168.3,59.1,41,20.88,1.663,0.23723,0.17831,0.16139,0.21676,0.32434,0.36488,0.60813,0.15156,0.10525,0.17735,0.04572,0.06027,94.0,74.0,103.9,39.8,35.3,24.0,54.4,15.9,25.4,74.8,102.1,61.2,168.3
0,164.2,61.8,51,22.92,1.679,0.23936,0.1677,0.14968,0.20373,0.32587,0.3666,0.611,0.14255,0.09762,0.16669,0.04031,0.06092,85.8,66.6,94.8,39.0,34.6,22.4,53.1,15.6,21.7,73.0,99.5,59.7,164.2
0,162.4,56.9,68,21.58,1.603,0.24472,0.17496,0.15908,0.21258,0.33463,0.37646,0.62743,0.14872,0.10375,0.17393,0.04317,0.06217,86.1,68.1,95.1,38.3,34.0,22.6,52.4,15.3,22.4,72.1,98.3,59.0,162.4
0,168.5,88.7,65,31.26,2.038,0.24341,0.17218,0.18173,0.20898,0.32311,0.3635,0.60583,0.14636,0.11852,0.17098,0.05038,0.06258,90.0,82.6,99.3,40.5,36.3,30.0,53.8,16.0,27.7,73.9,100.8,60.5,168.5
0,165.8,51.9,39,18.89,1.546,0.22707,0.16372,0.14815,0.19907,0.3125,0.35156,0.58594,0.13916,0.09662,0.16287,0.03939,0.05754,85.7,67.4,94.7,37.8,33.5,21.4,52.0,15.1,21.7,71.6,97.6,58.6,165.8
0,172.3,72.8,27,24.52,1.867,0.24301,0.17701,0.17366,0.21513,0.32825,0.36928,0.61547,0.15046,0.11325,0.17602,0.04939,0.06204,95.9,81.8,106.0,41.9,37.4,27.5,56.6,16.7,28.2,77.9,106.2,63.7,172.3
0,159.4,60.0,25,23.61,1.629,0.23086,0.163,0.15611,0.19791,0.3143,0.35359,0.58931,0.13855,0.10181,0.16192,0.04176,0.05875,82.9,69.1,91.5,37.4,33.2,23.6,50.9,14.9,22.4,70.0,95.4,57.3,159.4
0,159.6,70.5,38,27.68,1.768,0.24169,0.16662,0.16784,0.20212,0.32541,0.36609,0.61015,0.14162,0.10946,0.16537,0.04418,0.06178,80.7,70.7,89.0,37.3,33.2,25.2,50.2,14.8,22.5,69.0,94.1,56.4,159.6
0,153.7,55.8,54,23.63,1.543,0.24236,0.17138,0.1687,0.20797,0.3307,0.37203,0.62006,0.14567,0.11002,0.17016,0.04525,0.06162,80.8,69.1,89.1,36.4,32.3,24.0,49.6,14.5,22.5,68.2,93.0,55.8,153.7
0,159.6,45.4,24,17.83,1.419,0.22823,0.16044,0.16221,0.19507,0.31564,0.35509,0.59182,0.13637,0.10579,0.1596,0.04204,0.05771,80.3,70.6,88.8,36.4,32.1,22.6,50.3,14.6,22.2,69.2,94.3,56.6,159.6
0,169.1,65.9,43,23.04,1.759,0.23867,0.17807,0.17003,0.2164,0.3242,0.36472,0.60787,0.15136,0.11089,0.17706,0.0472,0.0608,91.6,76.0,101.2,39.1,34.7,25.3,53.1,15.6,25.6,73.0,99.5,59.7,169.1
0,171.3,59.8,30,20.38,1.688,0.23442,0.17685,0.16741,0.21505,0.32061,0.36069,0.60114,0.15032,0.10918,0.17595,0.04696,0.05955,94.3,77.6,104.2,39.8,35.3,24.9,54.4,15.9,26.4,74.8,102.0,61.2,171.3
0,169.0,69.6,33,24.37,1.808,0.23182,0.16764,0.174,0.20369,0.3137,0.35291,0.58819,0.14249,0.11348,0.16665,0.04762,0.05914,89.6,80.9,99.0,39.4,35.1,27.3,53.4,15.7,26.8,73.4,100.1,60.0,169.0
0,150.3,69.3,47,30.69,1.701,0.23728,0.17472,0.16765,0.21151,0.31843,0.35824,0.59706,0.14851,0.10933,0.17306,0.04587,0.06074,81.4,67.9,89.6,35.2,31.4,25.3,47.2,14.0,22.5,64.9,88.5,53.1,150.3
0,169.9,51.6,48,17.89,1.561,0.23731,0.15672,0.16032,0.19063,0.32711,0.36799,0.61332,0.13321,0.10455,0.15597,0.04091,0.06009,83.1,74.0,91.9,40.1,35.4,23.0,55.2,16.1,22.8,75.9,103.6,62.1,169.9
0,150.0,47.2,22,20.99,1.403,0.23498,0.16643,0.1484,0.20207,0.32328,0.36369,0.60616,0.14147,0.09678,0.16533,0.0391,0.05955,77.5,60.1,85.5,34.8,30.8,20.5,47.9,13.9,19.2,65.8,89.8,53.9,150.0
0,168.6,62.2,49,21.89,1.707,0.2357,0.16597,0.15937,0.20173,0.32128,0.36144,0.6024,0.14107,0.10394,0.16505,0.0436,0.05996,89.8,74.9,99.2,40.6,36.0,24.6,55.3,16.2,24.8,76.0,103.7,62.2,168.6
0,160.0,57.7,33,22.54,1.601,0.22762,0.16213,0.15751,0.1969,0.31071,0.34955,0.58258,0.13781,0.10272,0.1611,0.04183,0.05787,82.5,69.7,91.1,36.9,32.7,23.5,50.3,14.7,22.4,69.2,94.4,56.6,160.0
0,167.3,76.3,64,27.27,1.883,0.23515,0.18266,0.18096,0.22179,0.31584,0.35532,0.5922,0.15526,0.11802,0.18147,0.05167,0.06017,93.9,80.9,103.6,38.5,34.4,28.3,51.7,15.3,28.0,71.1,96.9,58.1,167.3
0,153.4,55.0,26,23.35,1.531,0.241,0.17377,0.17211,0.21088,0.3291,0.37024,0.61707,0.1477,0.11225,0.17254,0.04658,0.06126,81.7,70.4,90.1,36.1,32.0,24.4,49.2,14.4,23.1,67.7,92.3,55.4,153.4
0,170.5,75.0,39,25.81,1.884,0.25165,0.17684,0.17409,0.21485,0.33892,0.38129,0.63548,0.15031,0.11354,0.17579,0.04869,0.06432,92.7,79.4,102.4,42.0,37.5,27.2,56.6,16.7,26.9,77.8,106.1,63.6,170.5
0,152.5,50.3,61,21.62,1.46,0.24351,0.16547,0.1646,0.2009,0.33416,0.37593,0.62655,0.14065,0.10735,0.16437,0.04262,0.06177,76.7,66.4,84.7,35.9,31.8,22.6,49.3,14.4,20.8,67.8,92.5,55.5,152.5
0,158.0,62.4,57,25.01,1.654,0.25314,0.16906,0.1684,0.20516,0.34353,0.38647,0.64411,0.1437,0.10983,0.16786,0.04544,0.06451,83.2,72.0,91.8,39.6,35.3,25.1,53.8,15.8,23.5,74.0,100.9,60.5,158.0
0,155.7,66.5,62,27.45,1.697,0.24048,0.16178,0.16896,0.19616,0.32458,0.36515,0.60858,0.13751,0.11019,0.1605,0.04419,0.06142,78.5,71.3,86.6,37.2,33.1,25.6,50.2,14.8,22.6,69.0,94.0,56.4,155.7
0,150.6,48.1,54,21.23,1.419,0.23068,0.1627,0.15401,0.19754,0.3171,0.35674,0.59457,0.1383,0.10044,0.16162,0.04071,0.05848,78.0,64.2,86.1,35.2,31.2,22.0,48.4,14.1,20.6,66.6,90.8,54.5,150.6
0,163.1,73.1,31,27.46,1.82,0.22568,0.17289,0.17651,0.20982,0.30354,0.34148,0.56914,0.14696,0.11512,0.17167,0.04934,0.05772,89.4,79.4,98.6,37.1,33.2,28.0,50.0,14.7,26.9,68.7,93.7,56.2,163.1
0,174.8,74.1,33,24.26,1.897,0.23186,0.16712,0.16981,0.20317,0.31311,0.35225,0.58709,0.14206,0.11074,0.16623,0.0474,0.0592,94.6,83.6,104.5,41.8,37.2,27.9,56.4,16.6,28.2,77.6,105.8,63.5,174.8
0,180.6,93.7,60,28.72,2.169,0.2404,0.1805,0.17116,0.21948,0.31953,0.35947,0.59912,0.15343,0.11163,0.17958,0.05008,0.06177,102.9,84.9,113.8,43.6,39.1,29.6,58.0,17.3,30.1,79.7,108.7,65.2,180.6
0,163.2,61.9,37,23.24,1.674,0.22605,0.16495,0.15797,0.20036,0.30759,0.34604,0.57674,0.14021,0.10302,0.16393,0.04324,0.05754,87.2,72.7,96.3,38.1,33.8,24.5,51.8,15.2,24.1,71.2,97.1,58.3,163.2
0,170.1,74.2,61,25.66,1.873,0.24065,0.17489,0.16963,0.21248,0.3243,0.36484,0.60806,0.14866,0.11063,0.17384,0.04721,0.0615,92.0,77.6,101.6,40.3,35.9,26.5,54.3,16.0,26.1,74.6,101.8,61.1,170.1
0,164.1,64.3,32,23.88,1.712,0.23672,0.17054,0.15304,0.20713,0.32143,0.3616,0.60267,0.14496,0.09981,0.16947,0.04183,0.06031,87.4,68.2,96.5,38.6,34.3,23.2,52.4,15.4,22.6,72.1,98.3,59.0,164.1
0,165.9,65.1,61,23.66,1.732,0.22771,0.15717,0.15546,0.19093,0.30916,0.3478,0.57967,0.13359,0.10139,0.15622,0.04118,0.05802,84.5,72.7,93.3,39.0,34.6,24.5,52.9,15.5,23.3,72.7,99.2,59.5,165.9
0,160.2,64.5,43,25.13,1.694,0.24527,0.16708,0.17414,0.2028,0.33242,0.37398,0.6233,0.14202,0.11357,0.16593,0.04708,0.06253,84.3,76.4,93.0,39.4,35.1,26.5,53.4,15.7,25.0,73.4,100.1,60.1,160.2
0,163.8,70.7,26,26.34,1.794,0.24245,0.17814,0.16639,0.21626,0.327,0.36788,0.61313,0.15142,0.10852,0.17694,0.04625,0.06194,89.1,72.3,98.3,38.6,34.4,25.2,52.0,15.3,24.3,71.5,97.6,58.5,163.8
0,166.2,53.7,18,19.44,1.574,0.23327,0.15933,0.16852,0.19371,0.32048,0.36054,0.6009,0.13543,0.10991,0.15849,0.04384,0.05915,83.3,76.6,92.1,38.8,34.4,24.5,53.3,15.5,24.1,73.4,100.0,60.0,166.2
0,158.6,77.1,52,30.68,1.843,0.23397,0.18002,0.17831,0.2182,0.31266,0.35174,0.58624,0.15301,0.11629,0.17852,0.05134,0.05999,91.0,78.4,100.3,37.7,33.7,28.8,50.3,14.9,27.3,69.2,94.4,56.6,158.6
0,162.0,46.0,61,17.53,1.438,0.22869,0.15264,0.15033,0.18562,0.31631,0.35585,0.59308,0.12974,0.09804,0.15187,0.03835,0.05782,79.8,68.3,88.2,38.1,33.6,21.6,52.6,15.3,21.1,72.4,98.7,59.2,162.0
0,162.1,56.2,37,21.4,1.591,0.22852,0.16221,0.15763,0.19708,0.31267,0.35176,0.58626,0.13787,0.1028,0.16125,0.04235,0.05804,84.8,71.7,93.7,38.0,33.7,23.8,52.1,15.2,23.3,71.6,97.6,58.6,162.1
0,168.1,66.9,62,23.66,1.767,0.23648,0.17149,0.15812,0.20837,0.32076,0.36086,0.60143,0.14577,0.10312,0.17049,0.04346,0.06027,89.9,72.0,99.3,39.4,35.1,24.2,53.5,15.7,24.0,73.6,100.3,60.2,168.1
0,155.3,62.2,23,25.79,1.637,0.22545,0.17348,0.16173,0.21044,0.30567,0.34388,0.57313,0.14746,0.10547,0.17218,0.04487,0.05747,85.2,69.0,93.9,35.2,31.4,24.4,47.8,14.0,23.2,65.7,89.6,53.7,155.3
0,162.1,82.7,59,31.44,1.929,0.24029,0.18365,0.18377,0.22269,0.31986,0.35985,0.59975,0.15611,0.11985,0.1822,0.05351,0.06171,94.0,81.8,103.7,39.2,35.1,30.0,52.1,15.5,28.8,71.7,97.8,58.7,162.1
0,175.5,54.0,27,17.53,1.623,0.22938,0.16388,0.14896,0.19939,0.31597,0.35546,0.59244,0.13929,0.09715,0.16314,0.03981,0.0581,90.9,71.9,100.6,40.5,35.8,21.9,55.8,16.2,23.3,76.7,104.6,62.8,175.5
0,170.4,64.1,65,22.06,1.741,0.23426,0.15661,0.16697,0.19037,0.31894,0.35881,0.59801,0.13312,0.10889,0.15576,0.04325,0.05962,84.0,77.9,92.9,40.0,35.5,25.5,54.5,16.0,24.4,74.9,102.1,61.3,170.4
0,171.7,49.4,50,16.75,1.534,0.22187,0.16268,0.14093,0.19794,0.30668,0.34502,0.57503,0.13828,0.09191,0.16195,0.03768,0.05611,89.4,67.3,98.9,38.8,34.3,20.5,53.6,15.6,21.8,73.8,100.6,60.3,171.7
0,162.7,64.0,33,24.18,1.7,0.24364,0.17814,0.15586,0.21632,0.33073,0.37208,0.62013,0.15142,0.10165,0.17699,0.04399,0.06208,90.6,68.9,100.0,39.4,35.1,23.6,53.5,15.7,23.5,73.6,100.4,60.2,162.7
0,164.7,68.3,53,25.18,1.768,0.23551,0.16516,0.1736,0.20056,0.31854,0.35835,0.59726,0.14039,0.11322,0.1641,0.04738,0.0601,87.3,79.8,96.4,39.6,35.3,27.4,53.6,15.8,26.4,73.7,100.5,60.3,164.7
0,169.3,90.3,23,31.51,2.061,0.24543,0.18021,0.1738,0.21875,0.32542,0.3661,0.61017,0.15318,0.11335,0.17897,0.05056,0.06313,97.0,81.3,107.0,42.0,37.7,29.6,55.7,16.6,28.6,76.6,104.5,62.7,169.3
0,173.1,73.6,36,24.54,1.881,0.24611,0.16943,0.16386,0.20593,0.3323,0.37384,0.62307,0.14401,0.10687,0.16849,0.04467,0.06284,90.8,76.3,100.3,42.0,37.4,25.7,56.7,16.7,25.2,77.9,106.2,63.7,173.1
0,149.2,64.0,48,28.72,1.628,0.2413,0.16478,0.17859,0.19956,0.32562,0.36632,0.61053,0.14006,0.11647,0.16328,0.04706,0.06163,76.8,72.4,84.6,35.8,31.9,26.7,48.3,14.2,23.1,66.4,90.6,54.4,149.2
0,153.6,62.6,19,26.56,1.634,0.23329,0.16955,0.17556,0.20558,0.31591,0.35539,0.59232,0.14412,0.1145,0.16821,0.04725,0.0595,81.0,72.9,89.2,35.5,31.6,26.1,48.0,14.1,23.7,66.0,90.0,54.0,153.6
0,171.4,65.6,35,22.33,1.767,0.25186,0.17065,0.17241,0.20746,0.3425,0.38531,0.64219,0.14506,0.11244,0.16974,0.04645,0.06413,89.0,78.2,98.4,41.8,37.2,25.7,56.9,16.7,25.5,78.2,106.6,64.0,171.4
0,160.6,48.8,59,18.92,1.476,0.22765,0.15995,0.15047,0.19444,0.31378,0.353,0.58834,0.13596,0.09813,0.15909,0.03906,0.05764,80.8,66.1,89.3,36.6,32.3,21.3,50.4,14.7,20.8,69.4,94.6,56.7,160.6
0,157.9,62.8,45,25.2,1.66,0.23473,0.16548,0.16211,0.20082,0.31838,0.35818,0.59697,0.14066,0.10572,0.16431,0.04333,0.05983,82.1,69.9,90.6,37.1,33.0,24.4,50.3,14.8,22.6,69.1,94.3,56.6,157.9
0,154.0,44.2,21,18.66,1.375,0.23383,0.15648,0.15412,0.19017,0.32324,0.36364,0.60607,0.13301,0.10052,0.1556,0.03925,0.05914,76.0,65.1,84.0,36.1,31.9,21.4,50.0,14.5,20.1,68.7,93.7,56.2,154.0
0,158.7,75.5,18,29.97,1.825,0.24103,0.17594,0.17538,0.21329,0.32268,0.36302,0.60503,0.14955,0.11438,0.17451,0.04939,0.06176,88.3,76.6,97.3,38.5,34.4,27.9,51.6,15.3,26.1,70.9,96.7,58.0,158.7
0,153.0,54.7,64,23.39,1.525,0.2334,0.16079,0.1547,0.19512,0.31876,0.3586,0.59767,0.13667,0.10089,0.15965,0.04071,0.05933,78.5,65.6,86.6,36.3,32.2,22.8,49.5,14.5,20.9,68.1,92.8,55.7,153.0
0,176.7,92.0,59,29.46,2.125,0.2392,0.18232,0.17502,0.22157,0.31784,0.35757,0.59595,0.15497,0.11414,0.18129,0.05119,0.06147,101.1,84.4,111.7,42.2,37.9,29.8,56.1,16.7,29.9,77.1,105.2,63.1,176.7
0,162.3,58.4,67,22.16,1.623,0.23278,0.17094,0.16217,0.20766,0.3178,0.35752,0.59587,0.1453,0.10577,0.16991,0.04429,0.05917,86.7,71.5,95.8,37.6,33.4,23.9,51.3,15.0,23.7,70.6,96.2,57.7,162.3
0,162.1,66.1,33,25.17,1.726,0.24983,0.1842,0.174,0.22362,0.33829,0.38058,0.6343,0.15657,0.11348,0.18296,0.05028,0.06372,93.2,76.6,102.9,40.3,35.8,26.5,54.5,16.0,26.8,74.9,102.2,61.3,162.1
0,166.5,69.1,62,24.92,1.787,0.23664,0.17706,0.1698,0.21506,0.32006,0.36006,0.60011,0.1505,0.11074,0.17596,0.04802,0.06038,92.5,77.2,102.2,39.4,35.1,26.4,53.2,15.7,26.4,73.2,99.8,59.9,166.5
0,169.0,68.2,64,23.86,1.789,0.23864,0.17356,0.15558,0.2109,0.3234,0.36382,0.60637,0.14753,0.10146,0.17255,0.043,0.06085,90.9,70.9,100.4,39.8,35.4,23.8,53.9,15.8,23.7,74.1,101.1,60.7,169.0
0,168.9,63.8,19,22.34,1.73,0.23184,0.16469,0.15948,0.20017,0.31557,0.35502,0.5917,0.13999,0.10401,0.16377,0.04274,0.05901,87.4,73.6,96.5,39.1,34.8,24.3,53.3,15.6,23.9,73.3,99.9,59.9,168.9
0,169.8,74.1,69,25.71,1.87,0.23716,0.17315,0.15925,0.21036,0.31959,0.35954,0.59923,0.14718,0.10386,0.17211,0.0447,0.06061,92.9,74.3,102.6,40.5,36.1,25.5,54.6,16.1,25.3,75.1,102.4,61.4,169.8
0,158.2,51.4,53,20.54,1.503,0.23067,0.16311,0.15776,0.19818,0.3168,0.3564,0.594,0.13865,0.10289,0.16214,0.042,0.0585,82.2,69.1,90.8,37.0,32.8,22.9,50.8,14.8,22.3,69.9,95.3,57.2,158.2
0,160.5,50.4,18,19.58,1.499,0.22709,0.1565,0.15715,0.19021,0.31246,0.35152,0.58587,0.13302,0.10249,0.15562,0.04085,0.05754,80.8,70.5,89.2,37.3,33.0,23.0,51.3,14.9,22.2,70.6,96.3,57.8,160.5
0,167.7,83.6,56,29.7,1.973,0.24706,0.18633,0.17717,0.22618,0.32951,0.37069,0.61782,0.15838,0.11555,0.18506,0.05142,0.0634,96.1,79.4,106.0,40.6,36.3,28.5,54.1,16.1,27.9,74.4,101.4,60.8,167.7
0,158.9,68.7,40,27.21,1.742,0.24309,0.1643,0.16381,0.19931,0.32781,0.36879,0.61465,0.13965,0.10683,0.16307,0.04402,0.06211,82.9,71.9,91.4,39.0,34.8,25.5,52.6,15.5,23.4,72.4,98.7,59.2,158.9
0,162.5,64.2,43,24.32,1.702,0.22976,0.16612,0.16131,0.20172,0.3118,0.35078,0.58463,0.1412,0.1052,0.16504,0.04384,0.05855,86.0,72.6,94.9,37.9,33.7,24.9,51.4,15.1,23.9,70.6,96.3,57.8,162.5
0,165.2,87.1,28,31.91,1.999,0.23979,0.18279,0.17627,0.22173,0.31827,0.35805,0.59676,0.15537,0.11496,0.18141,0.05138,0.06165,95.5,80.1,105.3,39.9,35.8,29.4,52.9,15.8,28.2,72.8,99.2,59.5,165.2
0,167.8,64.7,59,22.98,1.737,0.2314,0.16636,0.15688,0.20215,0.31453,0.35385,0.58975,0.1414,0.10231,0.1654,0.0425,0.05893,88.1,72.2,97.3,39.0,34.7,24.1,53.0,15.5,23.7,72.9,99.4,59.6,167.8
0,150.4,68.1,18,30.11,1.687,0.24541,0.17934,0.16648,0.21715,0.3298,0.37102,0.61837,0.15244,0.10858,0.17767,0.04605,0.06278,82.7,66.8,91.0,36.0,32.2,24.8,48.4,14.3,22.4,66.6,90.8,54.5,150.4
0,167.4,69.4,28,24.78,1.796,0.23274,0.16948,0.15031,0.20588,0.3148,0.35416,0.59026,0.14406,0.09803,0.16844,0.04138,0.05939,89.5,69.1,98.9,39.1,34.9,23.5,52.9,15.6,23.0,72.8,99.3,59.6,167.4
0,160.9,52.3,41,20.2,1.529,0.23966,0.16586,0.17063,0.20157,0.32914,0.37029,0.61715,0.14098,0.11128,0.16492,0.04427,0.06078,80.7,72.2,89.1,37.1,32.8,23.7,51.0,14.8,22.7,70.1,95.5,57.3,160.9
0,167.3,92.2,27,32.92,2.07,0.23519,0.18932,0.18158,0.22968,0.31096,0.34983,0.58304,0.16092,0.11842,0.18792,0.05409,0.06056,99.4,82.9,109.6,39.3,35.3,30.6,52.0,15.5,29.9,71.5,97.5,58.5,167.3
0,167.8,80.1,31,28.46,1.932,0.24696,0.17626,0.17845,0.21399,0.33052,0.37183,0.61972,0.14982,0.11638,0.17509,0.04947,0.06328,90.1,79.3,99.5,40.2,36.0,28.1,53.8,15.9,26.6,74.0,100.9,60.5,167.8
0,173.4,70.9,31,23.56,1.848,0.24157,0.17401,0.17395,0.21154,0.32708,0.36796,0.61327,0.14791,0.11345,0.17308,0.04834,0.06162,93.6,81.3,103.4,41.3,36.8,27.0,56.0,16.5,27.4,77.0,105.0,63.0,173.4
0,171.7,80.2,24,27.21,1.956,0.24891,0.17828,0.16153,0.21659,0.3337,0.37542,0.6257,0.15154,0.10535,0.17721,0.04606,0.06374,95.6,75.4,105.6,42.5,38.0,26.2,57.0,16.9,26.0,78.4,106.9,64.1,171.7
0,171.7,66.2,40,22.45,1.776,0.24325,0.16733,0.15368,0.20342,0.33065,0.37198,0.61997,0.14223,0.10022,0.16643,0.04107,0.06195,88.2,70.4,97.4,40.8,36.3,23.1,55.4,16.3,22.8,76.2,104.0,62.4,171.7
0,172.3,82.2,60,27.69,1.984,0.24092,0.17928,0.17555,0.2178,0.32246,0.36277,0.60461,0.15238,0.11449,0.1782,0.04991,0.06174,95.4,81.3,105.4,40.8,36.5,28.3,54.6,16.2,28.0,75.1,102.5,61.5,172.3
0,164.5,43.3,39,16.01,1.407,0.2264,0.15528,0.15307,0.18892,0.31426,0.35354,0.58924,0.13199,0.09983,0.15457,0.0384,0.05716,79.5,68.1,87.9,36.9,32.5,20.9,51.2,14.8,20.7,70.4,96.0,57.6,164.5
0,162.7,53.5,53,20.22,1.556,0.23537,0.17669,0.15072,0.21475,0.32304,0.36342,0.60569,0.15019,0.0983,0.1757,0.04123,0.0597,87.3,64.7,96.4,37.0,32.8,21.1,50.8,14.8,21.4,69.8,95.2,57.1,162.7
0,168.4,80.6,44,28.4,1.942,0.2312,0.16909,0.1718,0.2053,0.30938,0.34805,0.58008,0.14372,0.11205,0.16798,0.04754,0.05925,90.1,79.6,99.5,39.2,35.1,28.1,52.5,15.6,26.7,72.2,98.4,59.1,168.4
0,167.5,64.6,19,23.05,1.734,0.24064,0.16279,0.15678,0.19781,0.32706,0.36795,0.61325,0.13837,0.10224,0.16184,0.04213,0.06128,86.9,72.8,96.0,40.9,36.4,24.3,55.6,16.3,23.7,76.5,104.3,62.6,167.5
0,160.4,64.1,56,24.91,1.69,0.23493,0.16235,0.15691,0.19707,0.31858,0.3584,0.59733,0.13799,0.10234,0.16124,0.04177,0.05989,82.6,69.5,91.2,38.1,33.9,24.0,51.6,15.2,22.4,71.0,96.8,58.1,160.4
0,165.3,52.2,68,19.13,1.548,0.23597,0.16014,0.15699,0.19471,0.32458,0.36515,0.60859,0.13612,0.10239,0.15931,0.0401,0.0598,81.0,69.1,89.5,38.0,33.6,22.1,52.3,15.2,21.4,71.9,98.0,58.8,165.3
0,162.3,86.7,63,32.92,1.977,0.24189,0.19473,0.16329,0.23606,0.32069,0.36077,0.60129,0.16552,0.10649,0.19314,0.04862,0.06222,97.1,70.8,107.1,38.4,34.5,26.3,50.9,15.2,25.5,70.0,95.5,57.3,162.3
0,156.7,72.3,36,29.44,1.774,0.23252,0.17758,0.16529,0.21525,0.31204,0.35105,0.58508,0.15095,0.1078,0.17612,0.04679,0.05952,88.1,71.3,97.1,36.7,32.8,26.0,49.3,14.6,24.4,67.8,92.4,55.4,156.7
0,171.3,68.2,24,23.24,1.801,0.22482,0.16405,0.15241,0.1994,0.30494,0.34305,0.57175,0.13944,0.0994,0.16314,0.04197,0.0573,91.5,73.9,101.1,39.9,35.5,24.5,54.1,15.9,24.6,74.4,101.5,60.9,171.3
0,162.9,59.6,29,22.45,1.641,0.24006,0.1633,0.16321,0.19838,0.32741,0.36834,0.61389,0.13881,0.10644,0.16231,0.04338,0.06105,83.8,72.8,92.6,39.2,34.8,24.4,53.5,15.7,23.4,73.6,100.3,60.2,162.9
0,176.4,89.2,20,28.65,2.09,0.23642,0.17999,0.16853,0.21876,0.31495,0.35432,0.59053,0.153,0.10991,0.17898,0.04937,0.0607,101.3,82.5,111.9,42.4,38.0,28.9,56.4,16.8,29.3,77.6,105.8,63.5,176.4
0,151.4,77.3,64,33.68,1.803,0.23172,0.17547,0.1799,0.2123,0.30843,0.34699,0.57831,0.14915,0.11733,0.1737,0.05018,0.05951,84.1,75.0,92.5,35.4,31.7,28.6,47.1,14.0,25.3,64.7,88.2,52.9,151.4
0,158.7,71.2,22,28.28,1.772,0.24501,0.17612,0.1494,0.21359,0.32949,0.37068,0.6178,0.1497,0.09744,0.17475,0.04236,0.06267,89.2,65.8,98.4,39.5,35.3,23.6,53.1,15.7,22.6,73.1,99.6,59.8,158.7
0,162.7,92.1,25,34.79,2.04,0.23138,0.17544,0.16995,0.21263,0.30515,0.3433,0.57216,0.14913,0.11084,0.17397,0.04868,0.05964,91.9,77.4,101.3,38.6,34.7,29.2,50.9,15.2,26.8,70.0,95.4,57.2,162.7
0,170.2,59.6,31,20.56,1.678,0.23776,0.16671,0.1661,0.2027,0.32515,0.3658,0.60966,0.14171,0.10833,0.16585,0.04393,0.0604,86.7,75.1,95.8,39.4,34.9,24.2,53.8,15.7,24.1,74.0,100.9,60.6,170.2
0,165.2,57.1,53,20.92,1.619,0.23749,0.16725,0.15441,0.20328,0.32502,0.36564,0.60941,0.14216,0.1007,0.16632,0.042,0.06031,87.7,70.4,96.9,39.6,35.1,23.0,54.3,15.8,23.2,74.6,101.7,61.0,165.2
0,164.6,53.2,24,19.65,1.56,0.23985,0.17111,0.16449,0.20802,0.32949,0.37068,0.6178,0.14545,0.10727,0.1702,0.04437,0.06082,86.7,72.4,95.8,38.7,34.2,23.3,53.1,15.5,23.7,73.0,99.6,59.8,164.6
0,154.8,62.1,24,25.92,1.635,0.23306,0.17341,0.15229,0.21032,0.31594,0.35543,0.59239,0.1474,0.09932,0.17208,0.04212,0.05942,84.6,64.6,93.3,36.2,32.2,22.9,49.1,14.4,21.6,67.5,92.0,55.2,154.8
0,154.6,59.2,67,24.78,1.595,0.22564,0.16117,0.16472,0.19554,0.30683,0.34518,0.5753,0.137,0.10743,0.15999,0.04359,0.05745,79.6,70.8,87.8,35.5,31.5,24.8,48.3,14.2,22.7,66.4,90.5,54.3,154.6
0,164.7,63.6,63,23.43,1.705,0.23265,0.16775,0.15906,0.20378,0.31621,0.35574,0.59289,0.14259,0.10373,0.16673,0.0429,0.05925,86.1,71.0,95.1,38.0,33.8,24.0,51.7,15.2,23.2,71.1,96.9,58.1,164.7
0,153.2,64.8,49,27.59,1.661,0.23125,0.17283,0.16128,0.20949,0.31236,0.3514,0.58567,0.1469,0.10518,0.1714,0.04453,0.05904,83.7,67.9,92.2,35.6,31.8,24.5,48.1,14.2,22.7,66.2,90.3,54.2,153.2
0,158.9,74.9,25,29.65,1.818,0.23814,0.17171,0.17753,0.20818,0.31905,0.35893,0.59822,0.14595,0.11578,0.17033,0.04903,0.061,86.0,77.3,94.8,38.0,33.9,28.1,50.8,15.1,25.8,69.9,95.3,57.2,158.9
0,165.9,51.1,29,18.55,1.534,0.23371,0.16895,0.1617,0.20545,0.32192,0.36216,0.6036,0.14361,0.10546,0.16809,0.0438,0.05919,87.9,73.1,97.1,38.7,34.2,23.2,53.3,15.5,24.0,73.3,99.9,60.0,165.9
0,155.8,52.8,27,21.73,1.511,0.23001,0.1514,0.16257,0.18386,0.31516,0.35456,0.59093,0.12869,0.10602,0.15043,0.04085,0.05838,75.0,70.1,82.8,36.3,32.1,23.7,49.7,14.5,21.3,68.4,93.2,55.9,155.8
0,173.4,83.1,31,27.64,2.001,0.23318,0.16773,0.17952,0.2038,0.31197,0.35097,0.58495,0.14257,0.11708,0.16674,0.0502,0.05976,93.7,87.2,103.5,41.4,37.1,30.3,55.4,16.4,29.5,76.2,104.0,62.4,173.4
0,170.8,64.8,26,22.21,1.754,0.23006,0.1651,0.16883,0.2007,0.31303,0.35216,0.58694,0.14033,0.11011,0.16421,0.04543,0.05856,88.7,78.8,98.0,39.3,34.9,25.9,53.5,15.7,25.7,73.6,100.3,60.2,170.8
0,151.8,48.4,55,21.0,1.429,0.2375,0.15184,0.15353,0.18437,0.32653,0.36735,0.61224,0.12906,0.10013,0.15085,0.03773,0.0602,71.4,62.8,78.8,35.5,31.4,21.3,48.9,14.2,18.7,67.2,91.6,55.0,151.8
0,156.2,69.7,47,28.59,1.739,0.24065,0.16527,0.16784,0.20035,0.32376,0.36423,0.60704,0.14048,0.10946,0.16392,0.0453,0.06154,82.2,72.6,90.6,38.1,34.0,26.3,51.3,15.1,23.7,70.5,96.1,57.7,156.2
0,147.0,41.7,22,19.31,1.305,0.23113,0.16408,0.15111,0.1993,0.31969,0.35966,0.59943,0.13947,0.09855,0.16306,0.03958,0.05844,75.6,60.5,83.5,33.9,29.9,20.5,46.9,13.6,19.2,64.5,87.9,52.7,147.0
0,157.2,56.4,18,22.84,1.57,0.23878,0.17084,0.17692,0.20743,0.32603,0.36679,0.61131,0.14522,0.11538,0.16971,0.04751,0.0607,82.5,74.3,91.1,36.7,32.6,25.4,50.1,14.7,24.2,68.9,94.0,56.4,157.2
0,167.7,71.5,18,25.43,1.825,0.23713,0.17988,0.17276,0.2185,0.3201,0.36011,0.60019,0.1529,0.11267,0.17877,0.04957,0.06056,94.9,79.3,104.8,39.8,35.5,27.2,53.8,15.8,27.5,73.9,100.8,60.5,167.7
0,159.7,55.6,37,21.81,1.571,0.23947,0.1737,0.15769,0.21099,0.32758,0.36853,0.61421,0.14764,0.10284,0.17263,0.04362,0.06083,87.0,68.7,96.1,38.2,33.9,23.0,52.2,15.3,23.0,71.8,98.0,58.8,159.7
0,165.6,75.4,66,27.47,1.862,0.23413,0.17706,0.17478,0.21494,0.31453,0.35385,0.58975,0.1505,0.11399,0.17586,0.04948,0.05991,92.1,79.0,101.6,38.7,34.6,27.8,52.1,15.4,27.1,71.6,97.6,58.6,165.6
0,152.1,50.5,28,21.83,1.461,0.2376,0.16469,0.1484,0.19993,0.32592,0.36665,0.61109,0.13998,0.09678,0.16358,0.03955,0.06028,79.5,62.3,87.8,36.5,32.3,21.3,50.1,14.6,20.1,68.9,93.9,56.4,152.1
0,167.9,86.2,43,30.55,2.005,0.23893,0.17707,0.17321,0.21492,0.31789,0.35762,0.59604,0.15051,0.11297,0.17585,0.04981,0.06137,94.8,80.7,104.6,40.7,36.5,29.1,54.2,16.1,28.1,74.5,101.6,61.0,167.9
0,158.7,59.3,61,23.54,1.617,0.23159,0.15241,0.153,0.18504,0.31543,0.35486,0.59144,0.12955,0.09978,0.1514,0.03891,0.05893,77.1,67.3,85.1,37.3,33.1,23.1,50.8,14.9,20.7,69.9,95.3,57.2,158.7
0,162.6,71.2,20,26.95,1.794,0.24464,0.16713,0.15699,0.20284,0.32957,0.37077,0.61795,0.14206,0.10239,0.16596,0.04237,0.06252,84.9,69.3,93.7,39.6,35.3,24.4,53.3,15.7,22.7,73.3,99.9,60.0,162.6
0,161.9,71.5,23,27.3,1.793,0.23469,0.17636,0.17514,0.21401,0.31599,0.35548,0.59247,0.14991,0.11422,0.1751,0.04889,0.06,88.7,76.6,97.8,37.6,33.5,27.1,50.6,14.9,25.9,69.5,94.8,56.9,161.9
0,153.9,51.2,60,21.61,1.479,0.23858,0.16983,0.16529,0.20621,0.32725,0.36815,0.61359,0.14435,0.1078,0.16872,0.04438,0.06053,81.1,68.6,89.5,36.3,32.1,23.3,49.7,14.5,22.3,68.4,93.3,56.0,153.9
0,154.7,40.6,62,16.96,1.32,0.23116,0.15881,0.15205,0.19311,0.32092,0.36104,0.60173,0.13499,0.09917,0.158,0.03917,0.05836,77.6,64.6,85.8,36.0,31.7,20.7,49.9,14.4,20.1,68.6,93.6,56.2,154.7
0,169.1,73.1,28,25.57,1.853,0.23667,0.17054,0.16758,0.20717,0.31916,0.35906,0.59843,0.14496,0.10929,0.1695,0.04575,0.06046,89.1,76.2,98.4,39.4,35.1,26.1,53.1,15.6,25.2,73.0,99.6,59.7,169.1
0,165.2,66.4,25,24.34,1.746,0.23936,0.1757,0.15598,0.21341,0.32444,0.36499,0.60832,0.14935,0.10173,0.17461,0.04368,0.06103,90.8,70.1,100.2,39.4,35.0,23.9,53.4,15.7,23.8,73.4,100.0,60.0,165.2
0,169.6,76.1,46,26.43,1.893,0.23954,0.18164,0.15997,0.22064,0.32215,0.36242,0.60404,0.15439,0.10433,0.18053,0.04625,0.06126,96.7,74.1,106.8,40.6,36.2,25.6,54.6,16.1,25.9,75.1,102.4,61.4,169.6
0,164.7,62.8,27,23.14,1.695,0.22266,0.16439,0.14748,0.19971,0.30288,0.34075,0.56791,0.13973,0.09618,0.1634,0.04092,0.05669,89.5,69.9,98.9,38.6,34.3,23.5,52.5,15.4,23.5,72.2,98.5,59.1,164.7
0,163.5,59.7,51,22.35,1.647,0.23574,0.16989,0.15662,0.2064,0.32153,0.36172,0.60287,0.14441,0.10215,0.16887,0.04319,0.05995,88.3,70.8,97.6,39.0,34.6,23.7,53.2,15.6,23.6,73.2,99.8,59.9,163.5
0,150.8,76.9,41,33.83,1.795,0.23223,0.17425,0.18027,0.21079,0.30912,0.34776,0.57961,0.14812,0.11757,0.17247,0.05053,0.05964,84.5,76.0,92.9,35.8,32.1,29.0,47.7,14.2,25.8,65.6,89.4,53.7,150.8
0,160.7,48.3,63,18.72,1.469,0.23548,0.16832,0.16183,0.20462,0.32476,0.36535,0.60892,0.14307,0.10554,0.16742,0.04334,0.05961,84.2,70.4,93.0,37.5,33.1,22.7,51.7,15.0,22.8,71.1,96.9,58.2,160.7
0,162.3,71.8,65,27.24,1.799,0.2374,0.17485,0.15702,0.21219,0.31961,0.35956,0.59927,0.14862,0.10241,0.17361,0.04389,0.06069,89.0,69.5,98.2,38.5,34.3,24.5,51.8,15.3,23.5,71.2,97.1,58.3,162.3
0,175.8,67.4,34,21.81,1.814,0.2287,0.16768,0.15384,0.20393,0.31098,0.34986,0.58309,0.14253,0.10033,0.16685,0.04248,0.05823,94.1,75.1,104.1,40.9,36.3,24.3,55.6,16.3,25.1,76.4,104.2,62.5,175.8
0,167.2,63.5,49,22.71,1.717,0.23864,0.17066,0.15722,0.20738,0.32469,0.36528,0.6088,0.14506,0.10254,0.16967,0.04309,0.06075,89.2,71.5,98.6,39.7,35.3,23.8,54.0,15.8,23.7,74.3,101.3,60.8,167.2
0,172.9,68.1,28,22.78,1.809,0.22977,0.16469,0.14253,0.20022,0.31187,0.35085,0.58475,0.13999,0.09295,0.16382,0.03897,0.05855,91.4,68.8,101.1,40.6,36.1,22.6,55.1,16.2,22.8,75.8,103.3,62.0,172.9
0,166.6,58.2,51,20.98,1.641,0.22353,0.15868,0.15928,0.19288,0.30571,0.34392,0.57321,0.13488,0.10388,0.15781,0.04187,0.05678,84.4,73.6,93.2,37.8,33.5,24.0,51.7,15.1,23.4,71.1,97.0,58.2,166.6
0,157.7,65.9,41,26.5,1.698,0.22575,0.16987,0.16262,0.20607,0.30519,0.34334,0.57223,0.14439,0.10606,0.16861,0.04468,0.05762,85.0,70.8,93.8,36.0,32.1,25.1,48.6,14.3,23.5,66.9,91.2,54.7,157.7
0,163.3,81.2,22,30.46,1.919,0.24566,0.18533,0.17386,0.2248,0.32768,0.36864,0.61441,0.15753,0.11339,0.18393,0.05053,0.06303,94.3,76.9,104.0,39.8,35.6,28.0,53.1,15.8,27.1,73.0,99.5,59.7,163.3
0,164.1,70.1,46,26.05,1.788,0.23617,0.17368,0.1788,0.21086,0.31874,0.35858,0.59764,0.14763,0.11661,0.17252,0.04909,0.06032,87.7,78.5,96.8,38.0,33.8,27.3,51.2,15.1,26.1,70.4,96.1,57.6,164.1
0,156.1,59.6,65,24.47,1.608,0.23452,0.17207,0.16165,0.20881,0.31896,0.35883,0.59805,0.14626,0.10543,0.17084,0.04467,0.05971,85.1,69.6,93.9,36.9,32.8,24.2,50.2,14.7,23.3,69.1,94.2,56.5,156.1
0,159.9,52.0,65,20.33,1.519,0.23789,0.17066,0.15667,0.20738,0.32671,0.36754,0.61257,0.14506,0.10217,0.16967,0.04212,0.06033,84.1,67.1,92.9,37.3,33.0,22.1,51.2,14.9,21.8,70.4,96.0,57.6,159.9
0,161.1,68.1,51,26.26,1.746,0.23534,0.17084,0.17001,0.20734,0.31787,0.3576,0.596,0.14522,0.11088,0.16964,0.04667,0.06009,86.4,74.8,95.3,37.9,33.8,26.2,51.2,15.1,24.8,70.4,95.9,57.6,161.1
0,173.4,104.3,33,34.69,2.242,0.25452,0.19471,0.19011,0.2364,0.3337,0.37541,0.62569,0.1655,0.12399,0.19341,0.05805,0.06575,105.7,89.7,116.7,44.0,39.7,33.4,57.7,17.3,33.2,79.3,108.1,64.9,173.4
0,148.4,49.6,42,22.54,1.43,0.23399,0.16341,0.16007,0.19828,0.32084,0.36095,0.60158,0.1389,0.10439,0.16223,0.04199,0.05938,76.2,64.9,84.1,34.7,30.8,22.7,47.6,13.9,20.6,65.5,89.3,53.6,148.4
0,170.7,65.7,54,22.56,1.765,0.23825,0.17538,0.16533,0.21318,0.32387,0.36436,0.60726,0.14907,0.10782,0.17442,0.04661,0.06067,94.3,77.3,104.2,40.8,36.3,25.5,55.4,16.3,26.4,76.2,104.0,62.4,170.7
0,156.1,53.3,25,21.86,1.52,0.23653,0.16865,0.1584,0.2048,0.32394,0.36444,0.60739,0.14336,0.10331,0.16757,0.04257,0.06005,82.2,67.1,90.7,36.7,32.5,22.7,50.2,14.7,21.8,69.1,94.2,56.5,156.1
0,153.2,51.9,46,22.13,1.486,0.23506,0.16714,0.15956,0.20291,0.32206,0.36231,0.60385,0.14207,0.10406,0.16602,0.04235,0.05967,79.5,66.0,87.8,35.6,31.6,22.6,48.8,14.2,21.2,67.1,91.5,54.9,153.2
0,170.5,46.5,69,16.0,1.485,0.22776,0.15251,0.14925,0.18557,0.31563,0.35509,0.59181,0.12963,0.09733,0.15183,0.03769,0.05754,82.8,70.5,91.6,39.4,34.7,21.2,54.5,15.8,21.5,75.0,102.3,61.4,170.5
0,167.5,72.3,63,25.76,1.833,0.24349,0.17151,0.16072,0.20831,0.3284,0.36945,0.61575,0.14578,0.10482,0.17044,0.04461,0.0622,90.5,73.7,99.9,40.9,36.5,25.4,55.2,16.3,24.8,75.8,103.4,62.1,167.5
0,171.0,60.9,42,20.83,1.701,0.24534,0.16893,0.15885,0.2054,0.33515,0.37704,0.62841,0.14359,0.1036,0.16806,0.04257,0.06235,88.6,72.4,97.9,40.9,36.3,23.3,55.9,16.4,23.5,76.9,104.9,62.9,171.0
0,167.9,51.6,59,18.29,1.551,0.242,0.15609,0.16293,0.18984,0.33338,0.37505,0.62508,0.13268,0.10626,0.15532,0.04154,0.06129,82.1,74.6,90.8,40.5,35.8,23.4,55.8,16.2,23.0,76.8,104.7,62.8,167.9
0,176.5,85.2,40,27.33,2.043,0.24139,0.17562,0.1845,0.21347,0.3228,0.36315,0.60525,0.14928,0.12033,0.17466,0.05234,0.06188,97.0,88.6,107.1,42.4,38.0,30.6,56.7,16.8,30.4,78.0,106.4,63.8,176.5
0,166.3,55.3,51,20.01,1.599,0.23323,0.1629,0.1695,0.19804,0.31989,0.35988,0.5998,0.13846,0.11054,0.16203,0.04424,0.05918,83.6,75.7,92.4,38.1,33.8,24.4,52.3,15.2,23.9,71.9,98.0,58.8,166.3
0,161.4,59.2,20,22.7,1.629,0.23084,0.16893,0.15073,0.20519,0.3148,0.35415,0.59024,0.14359,0.0983,0.16788,0.04119,0.05871,86.3,67.0,95.3,37.5,33.3,22.6,51.2,15.0,22.2,70.4,96.0,57.6,161.4
0,164.8,83.8,47,30.85,1.959,0.23451,0.18629,0.16415,0.226,0.31224,0.35127,0.58545,0.15835,0.10705,0.18491,0.04825,0.06022,96.5,74.0,106.4,38.7,34.7,26.9,51.5,15.3,26.3,70.8,96.5,57.9,164.8
0,171.0,55.3,67,18.92,1.621,0.23941,0.15898,0.14984,0.19336,0.32889,0.37,0.61667,0.13514,0.09772,0.15821,0.03859,0.06071,84.4,69.1,93.3,40.4,35.8,21.7,55.5,16.2,21.6,76.4,104.1,62.5,171.0
0,157.2,45.8,51,18.53,1.414,0.23319,0.17226,0.15672,0.20938,0.32213,0.36239,0.60399,0.14642,0.10221,0.17131,0.04235,0.05899,83.5,66.1,92.3,36.0,31.8,21.4,49.7,14.4,21.6,68.4,93.2,55.9,157.2
0,158.1,62.9,49,25.17,1.662,0.21364,0.16364,0.14034,0.19858,0.28979,0.32601,0.54335,0.13909,0.09153,0.16248,0.03821,0.05445,84.2,62.8,92.9,35.0,31.2,21.9,47.5,13.9,20.7,65.3,89.0,53.4,158.1
0,160.4,75.2,46,29.24,1.831,0.24775,0.16933,0.16497,0.20536,0.33206,0.37357,0.62261,0.14393,0.10759,0.16803,0.04544,0.06345,86.3,73.1,95.1,40.2,35.9,26.4,53.9,15.9,24.4,74.1,101.0,60.6,160.4
0,148.2,40.4,26,18.4,1.29,0.22485,0.16076,0.1578,0.19534,0.31161,0.35056,0.58427,0.13665,0.10291,0.15982,0.04125,0.05681,76.0,64.9,83.9,33.8,29.8,21.7,46.9,13.6,20.5,64.5,87.9,52.7,148.2
0,163.4,68.8,19,25.77,1.768,0.23368,0.16929,0.17182,0.20553,0.31572,0.35519,0.59198,0.1439,0.11206,0.16816,0.04703,0.05966,87.1,76.9,96.1,38.3,34.1,26.7,51.7,15.2,25.5,71.1,96.9,58.2,163.4
0,149.7,59.5,56,26.54,1.572,0.2404,0.16829,0.15937,0.20396,0.32612,0.36689,0.61148,0.14304,0.10394,0.16688,0.04324,0.06127,80.2,66.1,88.4,36.5,32.5,23.8,49.5,14.5,21.7,68.1,92.8,55.7,149.7
0,162.9,44.9,24,16.94,1.426,0.2277,0.15891,0.15004,0.19328,0.31538,0.3548,0.59133,0.13507,0.09785,0.15814,0.03835,0.05754,80.5,66.1,89.0,36.7,32.4,20.7,50.9,14.7,20.5,69.9,95.4,57.2,162.9
0,168.4,78.1,63,27.54,1.911,0.2446,0.17129,0.17351,0.20801,0.32812,0.36914,0.61523,0.1456,0.11316,0.17019,0.04806,0.06262,90.4,79.6,99.8,41.1,36.7,27.9,55.1,16.3,26.7,75.8,103.3,62.0,168.4
0,159.3,70.8,22,27.91,1.77,0.23812,0.18051,0.17716,0.21895,0.32046,0.36052,0.60086,0.15343,0.11554,0.17914,0.05009,0.06089,89.1,76.1,98.3,37.4,33.4,27.2,50.4,14.9,26.0,69.2,94.4,56.7,159.3
0,173.9,69.0,25,22.81,1.825,0.2329,0.17,0.16102,0.20669,0.31598,0.35548,0.59246,0.1445,0.10501,0.16911,0.04393,0.05936,91.6,75.4,101.2,39.9,35.5,24.8,54.2,15.9,24.9,74.5,101.6,60.9,173.9
0,152.6,69.3,49,29.75,1.713,0.24879,0.17008,0.17067,0.20603,0.33429,0.37607,0.62679,0.14457,0.11131,0.16857,0.04605,0.06365,80.7,70.4,88.9,37.6,33.6,26.0,50.5,14.9,23.0,69.4,94.7,56.8,152.6
0,170.6,84.9,35,29.17,2.006,0.24311,0.17984,0.16748,0.2184,0.32427,0.3648,0.608,0.15287,0.10922,0.17869,0.04843,0.06238,96.9,78.4,107.0,41.7,37.3,27.8,55.6,16.5,27.5,76.5,104.3,62.6,170.6
0,167.1,68.3,55,24.47,1.781,0.24108,0.16464,0.15553,0.2,0.3264,0.3672,0.612,0.13994,0.10143,0.16364,0.04171,0.06149,86.3,70.9,95.3,40.2,35.8,24.1,54.5,16.0,23.0,74.9,102.1,61.3,167.1
0,150.8,50.7,63,22.27,1.457,0.23353,0.15846,0.15577,0.19233,0.32012,0.36014,0.60023,0.13469,0.10159,0.15736,0.04018,0.05927,75.6,64.6,83.4,35.5,31.4,22.3,48.6,14.2,20.2,66.9,91.2,54.7,150.8
0,180.9,66.7,35,20.38,1.831,0.2327,0.16882,0.15401,0.20541,0.31721,0.35686,0.59476,0.1435,0.10044,0.16807,0.04293,0.05919,98.0,77.7,108.4,43.0,38.2,24.4,58.6,17.2,26.2,80.6,109.9,65.9,180.9
0,162.1,62.8,66,23.89,1.681,0.23297,0.16531,0.1564,0.20075,0.31658,0.35615,0.59359,0.14052,0.102,0.16425,0.04146,0.05934,83.0,68.3,91.6,37.2,33.1,23.3,50.6,14.8,21.9,69.6,94.8,56.9,162.1
0,156.5,64.9,58,26.49,1.68,0.23682,0.15981,0.16991,0.19384,0.32031,0.36035,0.60058,0.13584,0.11081,0.15859,0.04433,0.06043,78.7,72.7,86.8,37.1,33.1,25.8,50.2,14.8,23.0,69.0,94.1,56.5,156.5
0,152.9,53.2,62,22.76,1.504,0.2244,0.16553,0.15873,0.20091,0.30698,0.34535,0.57558,0.1407,0.10352,0.16438,0.04291,0.057,81.4,67.8,89.8,35.1,31.1,23.4,48.0,14.0,22.2,66.0,90.1,54.0,152.9
0,161.0,42.9,33,16.55,1.385,0.22606,0.15832,0.15574,0.19257,0.31362,0.35282,0.58803,0.13457,0.10157,0.15756,0.03969,0.05709,79.4,68.0,87.8,36.1,31.8,21.2,50.1,14.5,21.0,68.9,93.9,56.4,161.0
0,161.6,77.9,38,29.83,1.871,0.24045,0.17567,0.16615,0.21306,0.32155,0.36174,0.6029,0.14932,0.10836,0.17432,0.04678,0.06163,89.5,73.6,98.7,39.0,34.9,26.7,52.1,15.5,25.1,71.7,97.8,58.7,161.6
0,163.2,66.2,27,24.84,1.732,0.23422,0.16371,0.14639,0.19879,0.3173,0.35696,0.59493,0.13916,0.09547,0.16265,0.03991,0.05973,86.6,67.3,95.6,39.4,35.1,23.1,53.4,15.7,22.2,73.5,100.2,60.1,163.2
0,160.5,58.1,59,22.54,1.609,0.22788,0.16462,0.15961,0.19994,0.311,0.34988,0.58313,0.13993,0.10409,0.16359,0.04316,0.05794,84.7,71.4,93.6,37.3,33.1,24.1,51.0,14.9,23.4,70.1,95.5,57.3,160.5
0,166.8,77.4,21,27.82,1.894,0.23505,0.16955,0.16322,0.20585,0.31529,0.35471,0.59118,0.14412,0.10645,0.16842,0.04524,0.06018,89.8,75.2,99.1,39.6,35.4,26.5,53.2,15.7,25.2,73.1,99.7,59.8,166.8
0,159.9,79.6,61,31.16,1.881,0.23521,0.18755,0.16822,0.22735,0.3137,0.35292,0.58819,0.15941,0.10971,0.18601,0.04929,0.06036,93.9,73.2,103.5,37.5,33.6,26.9,50.0,14.8,26.0,68.7,93.7,56.2,159.9
0,149.3,35.7,25,16.0,1.217,0.2323,0.15122,0.14217,0.18392,0.32383,0.36431,0.60718,0.12854,0.09272,0.15048,0.0346,0.05855,70.1,57.3,77.5,34.3,30.2,18.5,47.8,13.8,16.9,65.7,89.6,53.8,149.3
0,161.5,67.5,64,25.89,1.74,0.24304,0.17606,0.16558,0.2137,0.32854,0.3696,0.61601,0.14965,0.10799,0.17485,0.04611,0.06203,88.3,72.2,97.5,38.8,34.6,25.2,52.5,15.4,24.3,72.1,98.4,59.0,161.5
0,146.4,40.4,36,18.87,1.282,0.23683,0.16456,0.16325,0.19991,0.32801,0.36901,0.61501,0.13988,0.10646,0.16356,0.04261,0.05985,75.0,64.7,82.8,34.4,30.3,21.9,47.6,13.8,20.4,65.4,89.2,53.5,146.4
0,164.9,71.2,64,26.18,1.806,0.23973,0.16867,0.16305,0.20479,0.32332,0.36374,0.60623,0.14337,0.10634,0.16755,0.04455,0.06124,87.4,73.5,96.5,39.6,35.3,25.5,53.3,15.7,24.3,73.3,100.0,60.0,164.9
0,155.8,59.7,57,24.58,1.607,0.23841,0.16821,0.15957,0.20412,0.32421,0.36473,0.60789,0.14298,0.10407,0.167,0.04227,0.0607,80.3,66.2,88.6,36.2,32.2,23.1,49.3,14.4,21.2,67.7,92.3,55.4,155.8
0,163.6,71.7,57,26.79,1.805,0.23691,0.18055,0.17348,0.21916,0.31915,0.35905,0.59842,0.15347,0.11314,0.17931,0.04935,0.06055,91.8,76.7,101.3,38.4,34.2,26.9,51.7,15.2,26.4,71.1,96.9,58.1,163.6
0,171.4,64.9,68,22.09,1.758,0.23968,0.16326,0.16235,0.19847,0.32617,0.36695,0.61158,0.13877,0.10588,0.16238,0.04321,0.06101,87.6,75.8,96.9,41.0,36.4,24.8,55.7,16.3,24.4,76.6,104.5,62.7,171.4
0,156.0,42.6,26,17.49,1.359,0.23666,0.15768,0.13956,0.19171,0.32796,0.36896,0.61493,0.13403,0.09102,0.15685,0.0354,0.05979,76.6,59.0,84.7,36.6,32.3,19.0,50.7,14.7,18.1,69.8,95.1,57.1,156.0
0,169.7,64.2,47,22.27,1.739,0.23291,0.17118,0.16404,0.20807,0.31699,0.35661,0.59436,0.1455,0.10699,0.17024,0.04548,0.05928,91.8,76.5,101.5,39.8,35.3,25.2,54.1,15.9,25.7,74.4,101.5,60.9,169.7
0,159.6,65.6,34,25.77,1.705,0.23423,0.17139,0.17899,0.20799,0.317,0.35663,0.59438,0.14568,0.11673,0.17018,0.04922,0.05975,86.0,78.1,94.9,37.4,33.3,27.3,50.6,14.9,26.0,69.6,94.9,56.9,159.6
0,174.4,86.9,57,28.58,2.052,0.23787,0.16271,0.14913,0.1977,0.31724,0.3569,0.59483,0.1383,0.09726,0.16176,0.04113,0.06104,92.0,73.3,101.7,42.8,38.4,25.7,57.1,17.0,24.5,78.5,107.1,64.3,174.4
0,160.0,50.5,61,19.7,1.498,0.2296,0.17039,0.14677,0.20708,0.31585,0.35533,0.59222,0.14483,0.09572,0.16943,0.04018,0.05818,86.2,64.5,95.2,37.0,32.7,21.1,50.8,14.8,21.4,69.9,95.3,57.2,160.0
0,156.8,70.4,32,28.63,1.751,0.24788,0.17677,0.15401,0.21431,0.33335,0.37502,0.62503,0.15025,0.10044,0.17534,0.04241,0.0634,84.8,64.3,93.5,37.9,33.8,23.2,50.9,15.0,21.4,70.0,95.5,57.3,156.8
0,167.2,60.2,21,21.54,1.672,0.23428,0.16471,0.1591,0.2002,0.31983,0.35981,0.59969,0.14001,0.10376,0.1638,0.04248,0.05956,86.3,72.5,95.4,39.1,34.7,23.8,53.3,15.6,23.4,73.4,100.0,60.0,167.2
0,159.5,65.1,23,25.58,1.698,0.23174,0.17267,0.17157,0.20956,0.3138,0.35302,0.58837,0.14677,0.1119,0.17146,0.04734,0.05911,86.4,74.7,95.3,36.9,32.9,26.1,50.0,14.7,24.9,68.7,93.7,56.2,159.5
0,156.8,54.2,33,22.05,1.536,0.24498,0.17138,0.16174,0.20812,0.33527,0.37717,0.62862,0.14568,0.10548,0.17028,0.04375,0.06222,83.2,68.2,91.8,37.8,33.5,23.1,51.8,15.1,22.3,71.2,97.1,58.3,156.8
0,159.3,62.9,43,24.8,1.668,0.23763,0.18092,0.17351,0.2196,0.32249,0.3628,0.60467,0.15378,0.11316,0.17967,0.04938,0.06056,90.0,75.1,99.3,37.6,33.5,26.0,51.1,15.0,25.9,70.2,95.8,57.5,159.3
0,162.2,73.6,54,27.98,1.821,0.232,0.1642,0.17262,0.19924,0.31173,0.3507,0.58449,0.13957,0.11258,0.16301,0.04661,0.05936,84.7,77.4,93.4,38.1,34.0,27.5,51.2,15.1,25.3,70.4,95.9,57.6,162.2
0,171.6,57.5,40,19.52,1.656,0.22699,0.16813,0.16721,0.20447,0.31121,0.35011,0.58352,0.14291,0.10905,0.16729,0.0454,0.0576,90.6,78.4,100.2,38.9,34.5,24.8,53.4,15.6,25.8,73.4,100.1,60.1,171.6
0,149.3,47.8,30,21.42,1.408,0.22293,0.16471,0.16116,0.19995,0.30644,0.34474,0.57457,0.14001,0.1051,0.16359,0.04308,0.05651,78.6,66.9,86.8,33.9,30.0,23.0,46.6,13.6,21.6,64.0,87.3,52.4,149.3
0,162.7,65.7,64,24.81,1.722,0.23503,0.1702,0.16177,0.20666,0.31849,0.3583,0.59717,0.14467,0.1055,0.16909,0.04424,0.05993,86.7,71.7,95.7,38.1,33.9,24.7,51.7,15.2,23.7,71.0,96.9,58.1,162.7
0,166.7,100.6,34,36.17,2.158,0.25034,0.18928,0.18128,0.22951,0.32814,0.36916,0.61527,0.16089,0.11823,0.18778,0.05449,0.06468,100.4,83.6,110.7,42.3,38.1,31.8,55.4,16.6,30.4,76.2,103.9,62.3,166.7
0,163.8,55.7,44,20.76,1.592,0.23409,0.17181,0.15417,0.2088,0.32066,0.36074,0.60124,0.14603,0.10055,0.17084,0.04198,0.05943,87.2,68.0,96.3,37.8,33.5,22.3,51.8,15.1,22.4,71.2,97.1,58.3,163.8
0,171.4,99.9,69,34.02,2.181,0.24845,0.17592,0.17728,0.21353,0.32674,0.36759,0.61264,0.14953,0.11562,0.17471,0.05083,0.06411,95.5,83.7,105.3,42.9,38.7,31.0,56.4,16.9,29.0,77.6,105.8,63.5,171.4
0,162.0,88.7,39,33.81,1.998,0.23829,0.19034,0.17674,0.23069,0.31521,0.35462,0.59103,0.16179,0.11526,0.18875,0.05301,0.06134,98.1,79.2,108.1,39.1,35.1,29.7,51.7,15.4,28.8,71.1,96.9,58.2,162.0
0,161.2,61.5,54,23.65,1.66,0.22931,0.16044,0.16106,0.19483,0.31191,0.3509,0.58483,0.13637,0.10504,0.1594,0.04222,0.05838,81.4,71.1,89.9,37.0,32.9,24.2,50.4,14.8,22.5,69.3,94.5,56.7,161.2
0,166.5,63.4,36,22.86,1.712,0.23428,0.16333,0.17089,0.19846,0.31871,0.35855,0.59758,0.13883,0.11145,0.16237,0.0453,0.05964,85.0,77.3,93.9,38.8,34.5,25.8,52.8,15.5,24.8,72.6,99.0,59.4,166.5
0,163.2,56.9,56,21.38,1.606,0.22383,0.16134,0.15352,0.19605,0.30615,0.34442,0.57404,0.13714,0.10012,0.1604,0.04085,0.05686,84.2,69.7,93.0,37.2,33.0,23.0,50.9,14.9,22.5,70.0,95.4,57.2,163.2
0,159.8,60.7,52,23.77,1.642,0.22936,0.17692,0.15463,0.2148,0.31206,0.35107,0.58512,0.15038,0.10084,0.17575,0.04372,0.05839,89.5,68.1,98.8,37.0,32.8,23.3,50.3,14.7,23.3,69.1,94.3,56.6,159.8
0,166.0,52.2,30,18.93,1.551,0.22881,0.16123,0.14967,0.19605,0.31483,0.35418,0.5903,0.13705,0.09761,0.1604,0.03915,0.05798,84.0,67.8,92.8,37.9,33.5,21.6,52.2,15.2,21.5,71.8,97.8,58.7,166.0
0,158.1,59.3,31,23.74,1.614,0.2306,0.1715,0.16915,0.2082,0.314,0.35324,0.58874,0.14578,0.11032,0.17035,0.04571,0.05868,83.5,71.6,92.1,35.7,31.7,24.6,48.7,14.3,23.4,66.9,91.2,54.7,158.1
0,158.3,77.8,65,31.01,1.849,0.23753,0.1792,0.15748,0.21718,0.31718,0.35682,0.59471,0.15232,0.10271,0.17769,0.04594,0.06092,92.7,70.8,102.1,39.1,35.0,26.1,52.2,15.5,25.0,71.8,97.9,58.7,158.3
0,158.9,54.7,48,21.67,1.554,0.23693,0.16551,0.15853,0.20104,0.32432,0.36486,0.60809,0.14069,0.10339,0.16449,0.042,0.06017,81.9,68.2,90.4,37.3,33.1,22.9,51.1,14.9,21.9,70.2,95.7,57.4,158.9
0,171.7,68.1,62,23.08,1.802,0.23128,0.16225,0.17,0.19722,0.31379,0.35302,0.58836,0.13791,0.11087,0.16136,0.04543,0.05894,88.0,80.2,97.3,39.9,35.5,26.6,54.2,15.9,25.9,74.5,101.6,61.0,171.7
0,142.0,36.3,19,18.01,1.197,0.22953,0.15514,0.15085,0.18849,0.31903,0.35891,0.59819,0.13187,0.09838,0.15422,0.03796,0.05792,69.7,59.0,77.0,32.8,28.9,20.1,45.6,13.2,18.0,62.8,85.6,51.3,142.0
0,165.2,69.9,63,25.63,1.791,0.23059,0.17718,0.16346,0.21516,0.31144,0.35037,0.58395,0.15061,0.1066,0.17604,0.0466,0.05888,92.9,74.5,102.6,38.5,34.3,25.7,52.0,15.3,25.7,71.5,97.5,58.5,165.2
0,162.7,66.6,69,25.15,1.735,0.22252,0.17036,0.16339,0.20683,0.30125,0.33891,0.56485,0.1448,0.10656,0.16923,0.04499,0.05676,87.6,73.0,96.7,36.4,32.4,25.2,49.3,14.5,24.3,67.8,92.4,55.5,162.7
0,151.1,55.5,56,24.31,1.526,0.25088,0.17955,0.15635,0.21779,0.34208,0.38484,0.6414,0.15262,0.10197,0.17819,0.04381,0.06381,84.4,63.9,93.1,37.6,33.3,22.5,51.2,15.0,21.7,70.4,96.0,57.6,151.1
0,164.6,62.8,54,23.18,1.695,0.23425,0.17071,0.15477,0.20738,0.31863,0.35846,0.59743,0.1451,0.10094,0.16967,0.04276,0.05964,89.0,70.2,98.3,38.9,34.5,23.6,52.9,15.5,23.5,72.7,99.1,59.5,164.6
0,165.7,62.8,31,22.88,1.701,0.23818,0.16894,0.16395,0.20526,0.3241,0.36461,0.60768,0.1436,0.10692,0.16794,0.04391,0.06063,85.8,72.4,94.8,38.5,34.2,24.2,52.4,15.4,23.5,72.1,98.3,59.0,165.7
0,166.5,72.6,26,26.19,1.833,0.23039,0.17482,0.17013,0.21229,0.3105,0.34931,0.58219,0.14859,0.11095,0.17369,0.04743,0.05888,90.6,76.7,100.0,38.0,33.9,26.6,51.2,15.1,25.9,70.4,96.0,57.6,166.5
0,144.5,49.9,27,23.93,1.416,0.22751,0.16296,0.16662,0.19756,0.31136,0.35028,0.5838,0.13851,0.10866,0.16164,0.04335,0.05778,73.7,65.6,81.3,32.8,29.1,23.5,44.8,13.1,20.6,61.7,84.1,50.5,144.5
0,171.8,74.9,24,25.37,1.89,0.24468,0.16861,0.16634,0.20489,0.32977,0.37099,0.61831,0.14332,0.10848,0.16764,0.04576,0.06253,91.2,78.3,100.8,42.1,37.6,26.6,56.8,16.7,26.1,78.1,106.5,63.9,171.8
0,157.5,61.9,45,24.94,1.645,0.24713,0.19618,0.17538,0.23807,0.3355,0.37743,0.62905,0.16675,0.11438,0.19479,0.05248,0.06297,95.4,74.1,105.2,38.2,34.0,25.8,51.9,15.2,26.9,71.4,97.3,58.4,157.5
0,167.2,81.3,63,29.11,1.943,0.24794,0.18628,0.18629,0.22613,0.33133,0.37275,0.62124,0.15834,0.12149,0.18501,0.05407,0.06357,95.9,83.4,105.8,40.6,36.4,29.7,54.3,16.1,29.3,74.7,101.8,61.1,167.2
0,167.5,75.7,42,26.98,1.877,0.22872,0.1756,0.17051,0.21324,0.30741,0.34584,0.5764,0.14926,0.1112,0.17447,0.04869,0.05851,94.1,79.4,103.8,39.0,34.8,27.7,52.4,15.5,27.5,72.1,98.3,59.0,167.5
0,156.5,60.9,63,24.85,1.627,0.24012,0.16472,0.16937,0.19988,0.32619,0.36697,0.61161,0.14002,0.11046,0.16354,0.04541,0.06116,81.9,73.2,90.3,38.0,33.8,25.5,51.6,15.1,23.8,71.0,96.8,58.1,156.5
0,167.0,86.8,45,31.13,2.007,0.24527,0.19035,0.16956,0.23099,0.32595,0.3667,0.61116,0.1618,0.11058,0.18899,0.05036,0.06303,98.9,76.6,109.1,40.6,36.4,27.8,53.9,16.0,27.6,74.1,101.1,60.7,167.0
0,159.9,66.0,19,25.83,1.712,0.24298,0.17963,0.15985,0.218,0.32875,0.36984,0.6164,0.15269,0.10425,0.17837,0.04501,0.062,89.0,68.8,98.2,38.3,34.1,24.1,51.8,15.2,23.5,71.3,97.2,58.3,159.9
0,148.4,66.1,34,30.02,1.651,0.23886,0.1848,0.17314,0.2237,0.3214,0.36158,0.60263,0.15708,0.11292,0.18302,0.04984,0.06108,86.6,70.5,95.2,35.6,31.8,26.3,47.9,14.1,24.6,65.9,89.8,53.9,148.4
0,170.4,77.4,69,26.66,1.915,0.22842,0.1817,0.15729,0.22073,0.3069,0.34526,0.57544,0.15444,0.10258,0.18059,0.04593,0.05844,98.4,74.1,108.7,39.4,35.2,25.6,52.9,15.6,26.2,72.7,99.2,59.5,170.4
0,157.2,43.5,21,17.58,1.378,0.22579,0.15262,0.14992,0.18556,0.3127,0.35179,0.58631,0.12973,0.09778,0.15183,0.03731,0.05706,75.3,64.3,83.2,35.5,31.3,20.6,49.1,14.2,19.4,67.5,92.1,55.2,157.2
0,156.7,73.7,30,30.02,1.791,0.24161,0.17483,0.18078,0.21189,0.32375,0.36422,0.60703,0.14861,0.1179,0.17337,0.04957,0.06189,84.2,75.7,92.8,37.0,33.1,27.7,49.6,14.7,25.1,68.2,93.1,55.8,156.7
0,159.8,62.8,35,24.61,1.669,0.23891,0.16474,0.17256,0.19997,0.32432,0.36486,0.6081,0.14002,0.11254,0.16361,0.04602,0.06087,82.6,75.3,91.2,38.1,33.9,26.0,51.8,15.2,24.3,71.2,97.1,58.3,159.8
0,164.4,64.4,20,23.84,1.714,0.22482,0.16136,0.1579,0.19599,0.30527,0.34342,0.57237,0.13716,0.10298,0.16036,0.04222,0.05728,84.9,72.3,93.8,37.7,33.5,24.5,51.1,15.0,23.4,70.3,95.9,57.5,164.4
0,162.1,66.3,68,25.22,1.728,0.23592,0.17289,0.16054,0.20989,0.3194,0.35933,0.59888,0.14695,0.1047,0.17173,0.04443,0.06018,87.9,71.0,97.0,38.2,34.0,24.6,51.7,15.2,23.8,71.1,96.9,58.2,162.1
0,166.2,62.7,54,22.68,1.701,0.237,0.16695,0.16494,0.20286,0.32261,0.36294,0.6049,0.14191,0.10757,0.16597,0.04421,0.06032,86.2,74.0,95.2,38.9,34.6,24.7,53.0,15.5,24.0,72.9,99.4,59.6,166.2
0,153.4,58.8,50,24.99,1.583,0.2387,0.17968,0.15575,0.21796,0.32458,0.36515,0.60859,0.15273,0.10157,0.17833,0.04411,0.06078,86.7,65.4,95.6,36.7,32.6,23.0,49.9,14.6,22.4,68.6,93.5,56.1,153.4
0,157.5,53.9,58,21.74,1.535,0.24132,0.17816,0.16015,0.21637,0.33044,0.37174,0.61957,0.15143,0.10444,0.17703,0.0445,0.06127,86.5,67.6,95.5,37.3,33.1,22.8,51.1,14.9,22.7,70.2,95.7,57.4,157.5
0,161.7,78.1,41,29.86,1.873,0.23753,0.17974,0.17423,0.218,0.31761,0.35731,0.59551,0.15278,0.11363,0.17836,0.04929,0.06089,90.1,76.0,99.4,37.9,33.9,27.5,50.7,15.0,26.0,69.7,95.1,57.0,161.7
0,175.4,72.6,25,23.59,1.88,0.24317,0.18022,0.16337,0.21912,0.32895,0.37007,0.61679,0.15319,0.10654,0.17928,0.04714,0.06205,99.4,78.4,109.9,42.7,38.0,25.9,57.8,17.0,27.4,79.4,108.3,65.0,175.4
0,161.7,58.9,52,22.53,1.627,0.22927,0.17464,0.1608,0.21214,0.31276,0.35185,0.58642,0.14845,0.10487,0.17357,0.04477,0.0583,88.7,71.0,97.9,37.1,32.9,23.9,50.5,14.8,23.9,69.5,94.8,56.9,161.7
0,169.9,59.3,19,20.55,1.673,0.23247,0.15854,0.14847,0.19276,0.31796,0.3577,0.59617,0.13475,0.09683,0.15771,0.03942,0.05905,87.0,70.9,96.2,40.6,36.0,22.8,55.5,16.2,22.8,76.4,104.2,62.5,169.9
0,162.8,66.7,50,25.17,1.736,0.23803,0.16357,0.16268,0.19859,0.32222,0.3625,0.60417,0.13903,0.10609,0.16249,0.04278,0.06072,82.1,71.0,90.7,38.1,33.9,24.5,51.5,15.1,22.6,70.8,96.6,57.9,162.8
0,159.2,62.9,29,24.82,1.668,0.23541,0.16803,0.15784,0.20396,0.31946,0.3594,0.59899,0.14283,0.10294,0.16687,0.04286,0.05999,84.5,69.0,93.2,37.7,33.5,23.9,51.1,15.0,22.7,70.3,95.8,57.5,159.2
0,160.8,66.4,39,25.69,1.723,0.23617,0.1671,0.15351,0.20282,0.31952,0.35946,0.5991,0.14203,0.10011,0.16594,0.04164,0.06026,84.9,67.8,93.7,38.2,34.0,23.6,51.7,15.2,22.3,71.1,96.9,58.2,160.8
0,161.4,52.6,30,20.19,1.535,0.23203,0.16336,0.15711,0.19853,0.31862,0.35844,0.5974,0.13886,0.10246,0.16244,0.04177,0.05884,83.5,69.8,92.3,37.7,33.4,22.9,51.8,15.1,22.5,71.3,97.2,58.3,161.4
0,166.6,50.8,27,18.32,1.534,0.23695,0.16321,0.16049,0.19849,0.32654,0.36736,0.61226,0.13873,0.10466,0.1624,0.04218,0.06,84.8,72.5,93.8,39.2,34.7,22.9,54.0,15.7,23.1,74.3,101.3,60.8,166.6
0,171.8,79.0,34,26.75,1.942,0.23618,0.17186,0.17084,0.20881,0.31705,0.35668,0.59446,0.14608,0.11141,0.17084,0.04821,0.06045,94.4,81.6,104.2,41.3,36.9,28.2,55.4,16.4,27.9,76.2,103.9,62.3,171.8
0,164.9,84.2,60,30.95,1.964,0.24058,0.17964,0.16992,0.21793,0.32022,0.36024,0.60041,0.15269,0.11082,0.1783,0.04919,0.06179,94.5,77.7,104.2,40.3,36.1,28.3,53.6,15.9,27.2,73.7,100.5,60.3,164.9
0,170.6,58.8,22,20.2,1.669,0.23577,0.15873,0.15225,0.19301,0.32272,0.36306,0.6051,0.13492,0.09929,0.15792,0.03964,0.05987,85.1,71.0,94.1,40.2,35.7,22.7,55.1,16.1,22.4,75.7,103.3,62.0,170.6
0,155.9,76.6,26,31.51,1.822,0.2314,0.17942,0.17736,0.21735,0.30898,0.3476,0.57933,0.15251,0.11567,0.17783,0.05059,0.05935,88.7,76.3,97.7,36.4,32.6,28.3,48.6,14.4,26.3,66.9,91.2,54.7,155.9
0,159.7,64.3,30,25.24,1.689,0.23859,0.16922,0.16928,0.20539,0.32334,0.36376,0.60627,0.14384,0.1104,0.16804,0.04591,0.06083,84.5,73.5,93.2,37.9,33.7,25.6,51.4,15.1,24.1,70.6,96.3,57.8,159.7
0,157.6,59.6,69,24.02,1.616,0.23043,0.16813,0.16194,0.20408,0.31359,0.35279,0.58798,0.14291,0.10561,0.16698,0.04404,0.05865,84.0,70.3,92.7,36.6,32.5,24.3,49.9,14.6,23.2,68.6,93.5,56.1,157.6
0,164.6,60.9,40,22.48,1.669,0.23509,0.1763,0.17572,0.2142,0.32039,0.36044,0.60073,0.14985,0.1146,0.17525,0.04854,0.0598,89.1,77.2,98.4,37.8,33.6,25.8,51.5,15.1,25.8,70.8,96.6,58.0,164.6
0,160.1,48.7,47,19.0,1.471,0.23322,0.15754,0.15561,0.1915,0.32145,0.36164,0.60273,0.13391,0.10149,0.15668,0.03957,0.05906,78.4,67.3,86.6,36.9,32.7,21.8,50.9,14.8,20.7,70.0,95.5,57.3,160.1
0,167.5,79.8,60,28.44,1.926,0.24238,0.1766,0.17054,0.2144,0.32445,0.36501,0.60835,0.15011,0.11122,0.17542,0.048,0.06211,92.0,77.2,101.5,40.2,35.9,27.3,53.8,15.9,26.3,74.0,100.8,60.5,167.5
0,156.2,51.4,21,21.08,1.493,0.2322,0.16223,0.15311,0.19705,0.31868,0.35851,0.59752,0.1379,0.09986,0.16122,0.04041,0.0589,80.3,65.9,88.7,36.6,32.4,22.1,50.2,14.6,21.1,69.1,94.2,56.5,156.2
0,162.8,55.8,38,21.06,1.589,0.24726,0.16844,0.15336,0.20468,0.33855,0.38087,0.63478,0.14317,0.10002,0.16747,0.04046,0.06278,83.1,65.8,91.8,38.9,34.4,21.7,53.2,15.5,21.0,73.1,99.7,59.8,162.8
0,167.2,79.5,60,28.46,1.922,0.24367,0.17985,0.17392,0.21834,0.3262,0.36698,0.61163,0.15288,0.11343,0.17864,0.05016,0.06243,95.1,80.0,104.9,41.0,36.7,28.3,54.9,16.3,27.9,75.5,102.9,61.8,167.2
0,148.5,38.5,26,17.46,1.26,0.22943,0.15322,0.14795,0.18625,0.3187,0.35854,0.59757,0.13024,0.09649,0.15239,0.03709,0.05791,72.2,60.7,79.8,34.4,30.3,20.0,47.8,13.8,18.4,65.8,89.7,53.8,148.5
0,176.9,58.1,24,18.56,1.69,0.23804,0.16222,0.16043,0.19737,0.32674,0.36758,0.61263,0.13789,0.10463,0.16148,0.04213,0.06038,89.2,76.7,98.7,41.7,36.9,23.7,57.2,16.7,24.4,78.7,107.3,64.4,176.9
0,160.6,61.8,33,23.97,1.66,0.23654,0.16585,0.17478,0.20137,0.32155,0.36174,0.6029,0.14097,0.11399,0.16475,0.04677,0.06024,83.4,76.4,92.1,37.9,33.7,26.2,51.5,15.1,24.8,70.8,96.5,57.9,160.6
0,148.7,55.9,40,25.28,1.52,0.23571,0.17258,0.15829,0.20922,0.32092,0.36104,0.60173,0.14669,0.10323,0.17118,0.04366,0.05999,81.6,65.1,90.0,35.5,31.5,23.3,48.3,14.2,21.7,66.4,90.6,54.4,148.7
0,163.6,69.9,40,26.11,1.782,0.24728,0.17546,0.15563,0.21301,0.33376,0.37548,0.6258,0.14914,0.1015,0.17428,0.04267,0.06315,87.3,67.3,96.3,39.2,34.9,23.4,52.9,15.6,22.3,72.7,99.1,59.5,163.6
0,162.7,60.5,48,22.84,1.654,0.23805,0.17245,0.16626,0.20947,0.32433,0.36487,0.60812,0.14658,0.10843,0.17138,0.04543,0.06056,86.9,72.8,95.9,38.2,33.9,24.5,52.0,15.2,24.1,71.5,97.5,58.5,162.7
0,161.9,97.0,22,36.97,2.088,0.25446,0.19872,0.18488,0.24072,0.33379,0.37552,0.62586,0.16892,0.12057,0.19695,0.0566,0.06572,101.1,81.8,111.3,41.2,37.2,31.4,54.1,16.2,30.3,74.3,101.3,60.8,161.9
0,169.2,66.3,23,23.13,1.765,0.24148,0.17461,0.16304,0.2122,0.3279,0.36889,0.61482,0.14842,0.10633,0.17362,0.04452,0.06152,89.6,72.8,99.0,39.4,35.1,24.2,53.6,15.7,24.1,73.7,100.4,60.3,169.2
0,167.6,64.9,68,23.12,1.739,0.2453,0.17643,0.16645,0.21438,0.33331,0.37498,0.62496,0.14996,0.10855,0.1754,0.04653,0.06248,91.8,75.3,101.4,40.6,36.1,25.1,55.2,16.2,25.5,75.9,103.5,62.1,167.6
0,164.5,56.8,18,21.0,1.612,0.22745,0.17351,0.16294,0.21087,0.31128,0.35019,0.58364,0.14748,0.10627,0.17253,0.04521,0.05776,89.7,73.2,99.1,37.4,33.2,24.0,51.2,15.0,24.6,70.4,96.0,57.6,164.5
0,165.6,67.3,65,24.56,1.759,0.24833,0.18173,0.16314,0.22073,0.33634,0.37838,0.63063,0.15447,0.1064,0.1806,0.04586,0.06333,91.4,71.3,100.9,39.8,35.4,24.3,53.8,15.8,24.3,74.0,101.0,60.6,165.6
0,161.8,69.9,45,26.7,1.772,0.24651,0.17461,0.16653,0.21191,0.33245,0.374,0.62334,0.14842,0.1086,0.17338,0.04618,0.06298,87.9,72.9,97.0,39.5,35.2,25.6,53.3,15.7,24.5,73.2,99.9,59.9,161.8
0,174.6,89.9,35,29.51,2.088,0.23356,0.18403,0.1853,0.22359,0.31063,0.34946,0.58244,0.15643,0.12085,0.18294,0.05414,0.06,100.0,87.6,110.5,40.4,36.2,31.0,53.7,16.0,31.0,73.9,100.7,60.4,174.6
0,152.4,43.4,41,18.67,1.355,0.23068,0.15338,0.14738,0.18638,0.31903,0.35891,0.59818,0.13037,0.09612,0.1525,0.03697,0.05833,73.9,61.7,81.6,35.4,31.2,20.4,48.9,14.2,18.7,67.3,91.7,55.0,152.4
0,163.4,61.6,30,23.06,1.673,0.23862,0.16424,0.16177,0.1995,0.32482,0.36542,0.60904,0.1396,0.1055,0.16323,0.04311,0.06073,84.3,72.2,93.1,39.0,34.6,24.3,53.1,15.5,23.3,72.9,99.5,59.7,163.4
0,162.9,68.9,50,25.94,1.766,0.23664,0.16792,0.14752,0.20385,0.31963,0.35959,0.59931,0.14273,0.09621,0.16678,0.04026,0.06042,86.5,66.1,95.5,38.8,34.6,23.0,52.4,15.4,21.8,72.1,98.3,59.0,162.9
0,168.0,75.0,27,26.57,1.871,0.24483,0.18937,0.16106,0.22999,0.32938,0.37056,0.61759,0.16097,0.10504,0.18817,0.04723,0.06261,97.9,72.4,108.0,40.3,35.9,25.1,54.2,16.0,25.7,74.5,101.6,60.9,168.0
0,156.8,59.2,24,24.07,1.605,0.23004,0.16051,0.15904,0.19481,0.31313,0.35227,0.58711,0.13643,0.10372,0.15939,0.04225,0.05855,81.0,69.8,89.4,37.0,32.8,24.2,50.3,14.7,22.4,69.2,94.3,56.6,156.8
0,150.6,59.8,54,26.37,1.582,0.23545,0.17013,0.17646,0.20623,0.31941,0.35934,0.59889,0.14461,0.11508,0.16874,0.04712,0.06001,78.9,71.2,86.9,34.8,30.9,25.6,47.2,13.8,23.0,64.8,88.4,53.0,150.6
0,163.6,56.1,49,20.96,1.596,0.24156,0.1578,0.14725,0.19176,0.33074,0.37209,0.62015,0.13413,0.09603,0.1569,0.03838,0.06133,82.2,66.7,90.8,40.0,35.5,21.9,54.8,16.0,21.0,75.4,102.8,61.7,163.6
0,164.4,84.7,62,31.34,1.967,0.23798,0.18284,0.17522,0.22179,0.3165,0.35606,0.59344,0.15542,0.11427,0.18146,0.05083,0.06114,94.5,78.8,104.2,39.2,35.1,28.8,52.1,15.5,27.7,71.6,97.7,58.6,164.4
0,172.6,84.8,39,28.47,2.017,0.24067,0.17707,0.16804,0.21511,0.32135,0.36152,0.60253,0.15051,0.10959,0.176,0.04812,0.06173,96.5,79.6,106.5,41.7,37.4,28.0,55.7,16.5,27.6,76.6,104.5,62.7,172.6
0,153.9,45.3,33,19.13,1.391,0.22699,0.16525,0.15819,0.2008,0.3134,0.35257,0.58762,0.14046,0.10317,0.16429,0.04217,0.05744,80.5,67.0,88.9,35.2,31.1,22.1,48.6,14.1,21.6,66.8,91.1,54.7,153.9
0,170.4,58.1,41,20.03,1.658,0.22532,0.16964,0.15106,0.20628,0.30859,0.34717,0.57862,0.14419,0.09852,0.16877,0.04099,0.0572,89.9,69.6,99.3,38.0,33.7,22.2,52.0,15.2,22.9,71.5,97.6,58.5,170.4
0,178.6,64.2,69,20.13,1.785,0.23003,0.15886,0.1611,0.19327,0.31406,0.35332,0.58886,0.13503,0.10506,0.15813,0.04218,0.05847,89.1,78.6,98.6,41.1,36.5,24.7,56.1,16.4,24.9,77.1,105.2,63.1,178.6
0,159.9,69.0,31,26.98,1.751,0.22809,0.16725,0.16111,0.20292,0.30762,0.34608,0.57679,0.14216,0.10507,0.16602,0.04387,0.05827,84.9,71.1,93.6,36.8,32.9,25.2,49.7,14.6,23.4,68.3,93.2,55.9,159.9
0,153.7,45.7,28,19.33,1.397,0.23749,0.16855,0.15561,0.2048,0.32774,0.36871,0.61452,0.14327,0.10149,0.16756,0.0418,0.06011,81.2,65.2,89.7,36.4,32.2,21.6,50.3,14.6,21.2,69.1,94.2,56.5,153.7
0,159.7,58.0,36,22.73,1.604,0.22926,0.16434,0.15895,0.19958,0.31282,0.35192,0.58653,0.13969,0.10366,0.16329,0.04258,0.05829,83.3,70.1,92.0,37.0,32.8,23.7,50.5,14.8,22.7,69.4,94.7,56.8,159.7
0,162.6,68.7,40,25.98,1.761,0.23257,0.17678,0.16286,0.21459,0.31416,0.35342,0.58904,0.15026,0.10621,0.17557,0.04618,0.05938,91.0,72.9,100.5,38.1,34.0,25.4,51.5,15.2,25.0,70.8,96.6,57.9,162.6
0,166.3,65.8,51,23.78,1.743,0.22562,0.16491,0.16216,0.20034,0.30615,0.34442,0.57404,0.14017,0.10576,0.16391,0.04424,0.0575,88.2,75.4,97.4,38.4,34.1,25.4,52.1,15.3,24.9,71.6,97.7,58.6,166.3
0,158.5,63.1,57,25.13,1.667,0.23478,0.16425,0.16308,0.19933,0.31844,0.35824,0.59707,0.13961,0.10636,0.16309,0.0436,0.05984,82.3,71.1,90.8,37.5,33.3,24.8,50.8,14.9,23.0,69.9,95.3,57.2,158.5
0,173.1,60.1,30,20.06,1.7,0.23225,0.16468,0.1579,0.20028,0.31775,0.35747,0.59579,0.13998,0.10298,0.16386,0.04206,0.05899,88.9,74.1,98.3,39.9,35.4,23.5,54.6,15.9,23.9,75.1,102.4,61.4,173.1
0,154.9,63.9,56,26.61,1.658,0.24132,0.16699,0.16353,0.20251,0.32653,0.36735,0.61225,0.14194,0.10665,0.16569,0.0439,0.06157,81.2,69.2,89.6,37.4,33.3,24.7,50.6,14.9,22.5,69.5,94.8,56.9,154.9
0,150.7,49.2,61,21.67,1.435,0.24085,0.16603,0.16203,0.20155,0.3307,0.37204,0.62006,0.14113,0.10567,0.16491,0.04218,0.06108,76.5,64.9,84.4,35.3,31.3,22.3,48.5,14.1,20.5,66.7,91.0,54.6,150.7
0,170.0,65.8,45,22.76,1.763,0.24191,0.17613,0.16943,0.21408,0.32874,0.36983,0.61638,0.14971,0.1105,0.17516,0.04646,0.06161,90.5,75.7,100.0,39.6,35.2,25.1,53.8,15.8,25.1,74.0,100.8,60.5,170.0
0,147.0,54.1,57,25.04,1.487,0.23706,0.17001,0.15468,0.20609,0.32318,0.36357,0.60595,0.14451,0.10088,0.16862,0.04196,0.0603,79.1,62.6,87.1,35.1,31.2,22.4,47.9,14.0,20.5,65.8,89.7,53.8,147.0
0,161.1,63.5,33,24.47,1.686,0.23286,0.15962,0.1589,0.1938,0.31605,0.35556,0.59259,0.13568,0.10363,0.15856,0.04186,0.05934,81.8,70.8,90.3,38.0,33.8,24.4,51.6,15.1,22.6,70.9,96.7,58.0,161.1
0,183.7,81.5,67,24.14,2.039,0.24187,0.17516,0.16146,0.21312,0.32556,0.36626,0.61043,0.14889,0.1053,0.17437,0.04538,0.06184,99.4,79.7,109.9,43.7,39.0,26.2,58.8,17.4,27.1,80.9,110.3,66.2,183.7
0,162.4,55.8,68,21.17,1.587,0.22805,0.16313,0.15854,0.19822,0.3122,0.35123,0.58538,0.13866,0.10339,0.16218,0.04177,0.05791,82.8,70.0,91.5,36.9,32.7,23.1,50.5,14.7,22.3,69.4,94.6,56.8,162.4
0,154.9,54.8,45,22.85,1.536,0.23781,0.16617,0.1586,0.20171,0.32499,0.36561,0.60936,0.14124,0.10343,0.16504,0.04181,0.06043,79.5,66.0,87.7,36.2,32.1,22.7,49.5,14.5,21.1,68.0,92.8,55.7,154.9
0,162.1,63.2,21,24.06,1.687,0.23853,0.17097,0.16867,0.20762,0.32398,0.36448,0.60747,0.14533,0.11001,0.16987,0.04612,0.06076,86.6,74.3,95.6,38.4,34.2,25.4,52.2,15.3,24.6,71.8,97.9,58.7,162.1
0,162.2,50.0,45,19.03,1.501,0.23785,0.15902,0.15819,0.19331,0.32758,0.36852,0.61421,0.13517,0.10317,0.15816,0.04099,0.06025,81.2,70.3,89.8,38.7,34.2,22.6,53.3,15.5,22.0,73.3,99.9,59.9,162.2
0,163.6,59.5,29,22.23,1.644,0.23036,0.17331,0.15354,0.21056,0.3143,0.35358,0.5893,0.14731,0.10014,0.17228,0.04267,0.05858,89.3,68.8,98.7,37.8,33.5,23.0,51.6,15.1,23.1,70.9,96.7,58.0,163.6
0,167.0,71.6,33,25.68,1.823,0.24957,0.17958,0.16705,0.2181,0.33675,0.37885,0.63141,0.15264,0.10895,0.17845,0.04758,0.06375,93.6,75.7,103.4,41.4,36.9,26.1,55.9,16.5,26.1,76.8,104.8,62.9,167.0
0,155.4,46.8,66,19.35,1.421,0.23387,0.167,0.15758,0.20292,0.32254,0.36286,0.60476,0.14195,0.10277,0.16603,0.04225,0.05921,81.8,67.1,90.4,36.5,32.2,22.1,50.3,14.6,21.8,69.2,94.3,56.6,155.4
0,174.0,88.6,53,29.27,2.069,0.23733,0.17904,0.17481,0.21751,0.31595,0.35545,0.59241,0.15218,0.11401,0.17796,0.04977,0.06094,96.1,81.6,106.1,40.5,36.3,28.8,54.0,16.0,28.1,74.2,101.2,60.7,174.0
0,164.2,80.4,37,29.84,1.915,0.23094,0.1693,0.16408,0.2054,0.30845,0.347,0.57833,0.1439,0.10701,0.16806,0.04568,0.05923,89.1,75.1,98.2,38.7,34.6,27.1,51.6,15.3,25.3,71.0,96.8,58.1,164.2
0,167.4,54.6,43,19.46,1.593,0.24402,0.16679,0.15177,0.20281,0.33509,0.37697,0.62829,0.14177,0.09898,0.16593,0.0403,0.06188,86.2,68.2,95.2,40.1,35.5,21.8,55.1,16.1,21.9,75.8,103.3,62.0,167.4
0,158.2,75.8,43,30.29,1.826,0.23823,0.17178,0.17311,0.20822,0.31874,0.35858,0.59764,0.14601,0.1129,0.17036,0.04866,0.06105,87.9,77.0,96.8,38.8,34.7,28.2,51.9,15.4,26.2,71.4,97.3,58.4,158.2
0,171.2,68.8,39,23.47,1.809,0.23667,0.16693,0.16919,0.20289,0.32081,0.36091,0.60152,0.14189,0.11034,0.166,0.0459,0.06034,89.6,79.0,99.0,40.4,36.0,26.3,54.8,16.1,25.9,75.4,102.8,61.7,171.2
0,160.8,66.7,26,25.82,1.726,0.23613,0.16473,0.16315,0.19993,0.31937,0.35929,0.59881,0.14002,0.1064,0.16358,0.04378,0.06026,83.6,72.0,92.2,38.1,34.0,25.1,51.6,15.2,23.4,70.9,96.7,58.0,160.8
0,164.4,59.7,22,22.1,1.651,0.22386,0.1628,0.16093,0.19782,0.30544,0.34362,0.5727,0.13838,0.10495,0.16185,0.04335,0.05692,86.0,74.0,95.0,37.7,33.4,24.6,51.4,15.0,24.1,70.6,96.3,57.8,164.4
0,156.2,68.6,34,28.13,1.725,0.23632,0.16678,0.14387,0.2022,0.31831,0.3581,0.59683,0.14176,0.09383,0.16544,0.03957,0.0604,84.4,63.3,93.1,38.1,34.0,22.8,51.3,15.1,21.1,70.5,96.2,57.7,156.2
0,155.7,62.5,66,25.77,1.644,0.22758,0.17148,0.17044,0.20802,0.30851,0.34708,0.57846,0.14576,0.11115,0.1702,0.04725,0.05802,85.3,73.7,94.1,36.0,32.1,26.0,48.8,14.4,24.7,67.2,91.6,55.0,155.7
0,167.2,58.5,51,20.94,1.649,0.23812,0.16892,0.15736,0.20533,0.32563,0.36633,0.61055,0.14358,0.10263,0.16799,0.04283,0.06049,88.7,71.8,98.0,39.8,35.3,23.4,54.4,15.9,23.7,74.8,102.0,61.2,167.2
0,159.5,50.2,19,19.73,1.491,0.23672,0.16667,0.15474,0.20255,0.32568,0.36639,0.61066,0.14167,0.10092,0.16573,0.04173,0.05998,84.3,68.0,93.1,38.1,33.7,22.3,52.4,15.3,22.2,72.1,98.3,59.0,159.5
0,156.7,46.1,24,18.76,1.416,0.22836,0.15261,0.14902,0.18548,0.31531,0.35472,0.5912,0.12971,0.09719,0.15176,0.03763,0.05778,76.3,64.8,84.3,36.4,32.1,21.1,50.2,14.6,19.8,69.0,94.1,56.5,156.7
0,158.1,62.1,53,24.83,1.651,0.24514,0.17537,0.17598,0.21283,0.33281,0.37441,0.62402,0.14906,0.11477,0.17414,0.04837,0.06246,85.4,74.5,94.2,38.0,33.8,25.9,51.6,15.1,24.8,70.9,96.7,58.0,158.1
0,167.3,74.1,30,26.5,1.856,0.24196,0.16657,0.1573,0.20228,0.32569,0.3664,0.61067,0.14158,0.10259,0.1655,0.04327,0.06186,89.2,73.2,98.4,41.2,36.8,25.4,55.5,16.4,24.4,76.3,104.1,62.4,167.3
0,158.2,67.2,37,26.86,1.719,0.2407,0.16809,0.1783,0.2039,0.32499,0.36562,0.60936,0.14287,0.11628,0.16683,0.04794,0.06146,82.7,76.3,91.2,37.7,33.6,27.1,50.9,15.0,24.8,70.0,95.4,57.3,158.2
0,161.7,61.6,47,23.57,1.664,0.23129,0.16415,0.16218,0.19935,0.31463,0.35395,0.58992,0.13953,0.10577,0.1631,0.04362,0.05888,84.5,72.6,93.3,37.9,33.7,24.7,51.6,15.1,23.6,70.9,96.7,58.0,161.7
0,162.6,52.2,47,19.75,1.536,0.22862,0.16563,0.15691,0.20133,0.31419,0.35346,0.58911,0.14079,0.10233,0.16472,0.04246,0.05796,86.1,70.9,95.1,37.8,33.5,23.0,52.0,15.1,23.2,71.4,97.4,58.5,162.6
0,149.5,47.8,28,21.41,1.409,0.22727,0.16062,0.15322,0.19498,0.31239,0.35144,0.58573,0.13652,0.09992,0.15953,0.03993,0.05761,76.1,63.1,84.0,34.3,30.3,21.7,47.1,13.7,19.9,64.8,88.3,53.0,149.5
0,152.5,68.0,48,29.25,1.697,0.23638,0.18518,0.16234,0.22434,0.31803,0.35778,0.59631,0.1574,0.10588,0.18355,0.04656,0.06045,87.9,67.0,96.8,35.7,31.9,24.6,48.1,14.2,23.3,66.1,90.1,54.1,152.5
0,164.8,60.1,20,22.15,1.659,0.2318,0.16618,0.16244,0.20192,0.31619,0.35571,0.59286,0.14125,0.10594,0.1652,0.04437,0.05895,87.8,74.7,97.0,39.0,34.6,24.8,53.2,15.6,24.7,73.1,99.7,59.8,164.8
0,157.5,61.1,19,24.64,1.635,0.23576,0.1682,0.16571,0.20414,0.32033,0.36037,0.60061,0.14297,0.10807,0.16702,0.04466,0.06005,82.9,71.0,91.4,37.0,32.9,24.7,50.2,14.7,23.2,69.1,94.2,56.5,157.5
0,169.7,57.7,65,20.03,1.649,0.23174,0.16777,0.16325,0.204,0.31745,0.35714,0.59523,0.14261,0.10647,0.16691,0.04474,0.05883,90.7,76.8,100.3,39.9,35.4,24.6,54.7,16.0,25.5,75.2,102.5,61.5,169.7
0,169.1,72.8,20,25.46,1.849,0.22746,0.17251,0.1627,0.20957,0.30683,0.34518,0.5753,0.14663,0.10611,0.17146,0.04569,0.0581,92.7,76.0,102.4,38.9,34.7,26.0,52.5,15.5,25.8,72.2,98.4,59.1,169.1
0,167.4,62.3,32,22.25,1.702,0.23587,0.1637,0.15868,0.19894,0.32133,0.36149,0.60249,0.13914,0.10348,0.16277,0.04211,0.06001,85.6,72.1,94.5,39.2,34.9,23.9,53.5,15.7,23.2,73.5,100.2,60.1,167.4
0,174.9,87.9,34,28.73,2.066,0.25303,0.19385,0.18761,0.23555,0.33724,0.3794,0.63233,0.16477,0.12235,0.19272,0.05593,0.06495,103.1,86.8,113.9,42.9,38.4,30.5,57.1,17.0,31.3,78.5,107.1,64.3,174.9
0,161.9,71.9,65,27.43,1.799,0.22927,0.173,0.1785,0.20993,0.30856,0.34713,0.57856,0.14705,0.11641,0.17176,0.05004,0.05862,89.2,80.1,98.4,37.6,33.6,28.3,50.7,15.0,27.2,69.7,95.0,57.0,161.9
0,166.9,61.6,69,22.1,1.69,0.23737,0.16903,0.16191,0.20542,0.32356,0.36401,0.60668,0.14368,0.10559,0.16807,0.04382,0.06038,87.7,73.0,96.9,39.2,34.8,24.1,53.4,15.6,23.9,73.5,100.2,60.1,166.9
0,158.5,59.1,24,23.53,1.614,0.22515,0.16299,0.15573,0.19788,0.30669,0.34502,0.57503,0.13854,0.10156,0.1619,0.04128,0.05729,81.6,67.8,90.0,35.9,31.9,23.2,48.8,14.3,21.7,67.2,91.6,55.0,158.5
0,179.2,70.3,65,21.9,1.87,0.2279,0.17313,0.16545,0.2106,0.30943,0.3481,0.58017,0.14716,0.1079,0.17231,0.04659,0.05807,98.2,81.6,108.5,41.1,36.6,26.2,55.8,16.4,27.8,76.8,104.7,62.8,179.2
0,176.0,58.5,22,18.89,1.691,0.24088,0.16882,0.15691,0.20538,0.33039,0.37169,0.61949,0.1435,0.10233,0.16804,0.0423,0.06112,91.9,74.2,101.6,41.7,37.0,23.0,57.2,16.7,24.2,78.7,107.3,64.4,176.0
0,162.6,54.9,51,20.79,1.575,0.22914,0.16569,0.15913,0.20135,0.314,0.35325,0.58874,0.14083,0.10378,0.16474,0.04298,0.05816,85.7,71.6,94.7,37.7,33.4,23.5,51.7,15.1,23.4,71.1,96.9,58.2,162.6
0,165.1,67.8,50,24.87,1.764,0.2408,0.16534,0.15988,0.2008,0.32592,0.36666,0.6111,0.14054,0.10427,0.16429,0.04354,0.06143,87.3,73.4,96.4,40.5,36.0,25.1,54.8,16.1,24.2,75.3,102.7,61.6,165.1
0,171.7,75.0,62,25.41,1.891,0.24117,0.17809,0.17783,0.21641,0.325,0.36562,0.60937,0.15137,0.11597,0.17706,0.05053,0.06163,95.4,82.9,105.4,41.1,36.7,28.2,55.4,16.3,28.5,76.2,103.9,62.4,171.7
0,161.5,64.3,33,24.66,1.699,0.24414,0.17889,0.16279,0.21719,0.33113,0.37252,0.62087,0.15206,0.10616,0.1777,0.04541,0.06223,88.6,70.1,97.8,38.5,34.3,24.2,52.2,15.3,23.7,71.8,97.9,58.8,161.5
0,158.0,57.1,54,22.84,1.583,0.23197,0.16552,0.16505,0.20098,0.31663,0.35621,0.59369,0.14069,0.10764,0.16444,0.04369,0.05898,81.3,70.5,89.7,36.3,32.2,24.0,49.5,14.5,22.6,68.0,92.8,55.7,158.0
0,168.4,80.0,20,28.18,1.934,0.23214,0.16502,0.16343,0.20038,0.31083,0.34969,0.58281,0.14027,0.10658,0.16395,0.04488,0.05948,89.2,76.8,98.5,39.9,35.7,27.1,53.5,15.8,25.5,73.5,100.3,60.2,168.4
0,163.0,64.6,64,24.31,1.711,0.23025,0.17113,0.15987,0.20782,0.3124,0.35145,0.58575,0.14546,0.10426,0.17003,0.04427,0.05868,88.5,71.9,97.7,37.9,33.7,24.6,51.4,15.1,24.1,70.7,96.4,57.8,163.0
0,163.7,72.7,65,27.1,1.818,0.2361,0.16807,0.1675,0.204,0.31778,0.35751,0.59584,0.14286,0.10924,0.16691,0.04516,0.06037,85.2,73.8,94.0,38.1,34.0,26.0,51.3,15.1,24.1,70.5,96.2,57.7,163.7
0,156.8,43.7,60,17.79,1.38,0.23978,0.16429,0.15998,0.19974,0.33194,0.37343,0.62239,0.13965,0.10433,0.16343,0.04145,0.06061,79.1,67.0,87.4,36.7,32.4,21.6,50.9,14.7,21.0,69.9,95.3,57.2,156.8
0,150.8,36.4,68,16.0,1.235,0.23442,0.15498,0.15411,0.1885,0.32665,0.36748,0.61247,0.13174,0.1005,0.15423,0.03853,0.05909,73.2,63.3,80.9,35.2,31.0,20.3,49.1,14.2,19.2,67.5,92.1,55.2,150.8
0,164.1,68.0,67,25.24,1.76,0.23638,0.17595,0.16707,0.21365,0.31975,0.35972,0.59953,0.14956,0.10896,0.17481,0.04727,0.06032,91.5,75.6,101.0,39.1,34.9,26.0,52.9,15.6,25.9,72.8,99.2,59.5,164.1
0,168.7,53.7,38,18.87,1.586,0.23453,0.16477,0.1582,0.20037,0.32247,0.36278,0.60463,0.14005,0.10317,0.16394,0.04141,0.05945,85.2,71.1,94.2,38.6,34.2,22.5,53.1,15.5,22.5,73.0,99.5,59.7,168.7
0,161.0,60.1,58,23.19,1.639,0.23622,0.17329,0.16182,0.21045,0.32176,0.36198,0.60329,0.1473,0.10554,0.17219,0.04485,0.06011,87.7,71.2,96.9,38.1,33.8,24.2,51.8,15.2,23.9,71.3,97.2,58.3,161.0
0,172.3,67.8,25,22.84,1.801,0.22466,0.16478,0.16634,0.20031,0.30496,0.34308,0.5718,0.14006,0.10848,0.16389,0.04507,0.05724,90.0,79.0,99.5,39.1,34.7,26.1,53.0,15.6,25.9,72.9,99.4,59.6,172.3
0,157.7,78.3,39,31.5,1.853,0.24335,0.1824,0.17848,0.22102,0.32465,0.36523,0.60872,0.15504,0.1164,0.18083,0.05169,0.06244,91.4,77.8,100.7,38.8,34.8,28.8,51.8,15.4,27.3,71.2,97.1,58.3,157.7
0,155.3,62.1,68,25.74,1.637,0.22574,0.17804,0.14413,0.21596,0.3061,0.34437,0.57395,0.15133,0.094,0.1767,0.04111,0.05755,88.5,62.3,97.6,35.7,31.8,22.0,48.4,14.2,21.5,66.6,90.8,54.5,155.3
0,162.0,64.9,22,24.73,1.71,0.24055,0.17179,0.16885,0.20858,0.32613,0.36689,0.61149,0.14602,0.11012,0.17065,0.04516,0.06132,83.9,71.7,92.6,37.4,33.3,24.7,50.7,14.9,23.2,69.7,95.0,57.0,162.0
0,161.9,72.7,34,27.72,1.808,0.24359,0.17975,0.17065,0.2181,0.32757,0.36852,0.6142,0.15278,0.11129,0.17845,0.04796,0.0623,89.5,73.9,98.8,38.6,34.5,26.2,51.9,15.3,25.1,71.4,97.4,58.4,161.9
0,167.7,72.0,54,25.6,1.832,0.2358,0.18463,0.16872,0.22426,0.31814,0.35791,0.59652,0.15694,0.11004,0.18349,0.04966,0.06023,98.3,78.1,108.5,39.9,35.6,26.8,53.9,15.9,27.8,74.1,101.1,60.6,167.7
0,157.2,55.0,31,22.25,1.55,0.23972,0.17074,0.16276,0.20733,0.32784,0.36881,0.61469,0.14513,0.10615,0.16964,0.04356,0.0609,82.2,68.1,90.7,36.7,32.6,23.1,50.2,14.7,22.1,69.1,94.2,56.5,157.2
0,171.8,85.2,56,28.85,2.016,0.23638,0.17928,0.17823,0.21777,0.3154,0.35482,0.59137,0.15239,0.11624,0.17817,0.05101,0.06065,96.0,83.0,106.0,40.3,36.1,29.3,53.8,16.0,28.8,73.9,100.8,60.5,171.8
0,175.9,61.6,58,19.91,1.735,0.24101,0.1702,0.15195,0.20703,0.32958,0.37078,0.61796,0.14467,0.0991,0.16939,0.04157,0.06123,93.4,72.5,103.3,42.1,37.3,22.8,57.6,16.8,24.0,79.1,107.9,64.8,175.9
0,162.2,66.9,45,25.41,1.736,0.22605,0.16958,0.16479,0.20587,0.30588,0.34412,0.57353,0.14414,0.10747,0.16844,0.04539,0.05767,87.4,73.8,96.4,37.1,33.0,25.6,50.2,14.8,24.6,69.0,94.1,56.4,162.2
0,171.0,54.0,48,18.48,1.602,0.224,0.15292,0.15905,0.186,0.30811,0.34663,0.57771,0.12998,0.10373,0.15219,0.04034,0.05677,82.8,74.9,91.5,38.6,34.1,23.4,53.1,15.5,23.0,73.0,99.6,59.7,171.0
0,155.3,60.1,34,24.9,1.61,0.23481,0.1752,0.15337,0.21256,0.31911,0.359,0.59834,0.14892,0.10003,0.17391,0.04267,0.0598,85.5,65.1,94.3,36.5,32.4,22.8,49.6,14.5,21.9,68.2,93.0,55.8,155.3
0,169.8,71.7,52,24.85,1.838,0.22408,0.15641,0.17625,0.19004,0.30271,0.34055,0.56759,0.13295,0.11494,0.15549,0.04674,0.05721,86.0,84.2,95.0,39.2,34.9,28.6,53.0,15.6,27.0,72.8,99.3,59.6,169.8
0,169.6,92.0,57,31.98,2.082,0.2458,0.17813,0.18374,0.21621,0.32543,0.36611,0.61018,0.15141,0.11983,0.1769,0.05292,0.06326,95.6,85.8,105.5,42.0,37.7,31.3,55.6,16.6,29.9,76.5,104.3,62.6,169.6
0,168.4,52.2,39,18.43,1.563,0.22695,0.16792,0.15431,0.20422,0.31248,0.35154,0.5859,0.14273,0.10064,0.16709,0.04172,0.05749,88.8,71.0,98.2,38.2,33.8,22.3,52.6,15.3,23.2,72.3,98.6,59.2,168.4
0,162.4,57.3,62,21.71,1.607,0.24614,0.16744,0.15663,0.20344,0.33645,0.3785,0.63084,0.14233,0.10215,0.16645,0.04165,0.06254,83.8,68.1,92.5,39.2,34.8,22.7,53.6,15.7,21.9,73.7,100.5,60.3,162.4
0,142.4,56.1,65,27.66,1.49,0.23841,0.16647,0.16308,0.2015,0.3236,0.36405,0.60676,0.1415,0.10635,0.16486,0.0434,0.06075,75.2,64.0,82.7,34.3,30.5,23.8,46.5,13.7,20.6,64.0,87.2,52.3,142.4
0,158.1,63.7,46,25.46,1.672,0.24488,0.17736,0.16695,0.21522,0.3319,0.37339,0.62231,0.15076,0.10888,0.17609,0.04655,0.06244,87.1,71.3,96.0,38.3,34.0,24.9,51.9,15.2,24.1,71.3,97.2,58.3,158.1
0,158.2,62.1,27,24.8,1.652,0.23703,0.16036,0.16107,0.19462,0.32181,0.36204,0.6034,0.1363,0.10505,0.15923,0.04306,0.06039,82.3,71.9,90.8,38.7,34.4,25.0,52.5,15.4,23.3,72.3,98.5,59.1,158.2
0,155.8,49.6,35,20.44,1.466,0.2372,0.16013,0.16821,0.19453,0.32613,0.3669,0.6115,0.13611,0.1097,0.15916,0.04304,0.06012,77.1,70.4,85.1,36.3,32.1,23.5,50.0,14.5,21.8,68.7,93.7,56.2,155.8
0,163.3,58.0,52,21.75,1.622,0.22637,0.16527,0.15393,0.20081,0.30928,0.34794,0.57991,0.14048,0.10039,0.1643,0.04158,0.05753,86.0,69.6,95.0,37.5,33.2,23.1,51.2,15.0,22.8,70.4,96.0,57.6,163.3
0,159.7,75.7,61,29.72,1.833,0.23895,0.17632,0.17571,0.2138,0.31996,0.35996,0.59993,0.14988,0.11459,0.17493,0.04931,0.06122,88.3,76.5,97.3,38.1,34.1,27.8,51.0,15.1,26.0,70.1,95.6,57.4,159.7
0,156.9,58.7,33,23.84,1.599,0.23371,0.16298,0.15417,0.19783,0.3183,0.35809,0.59682,0.13854,0.10055,0.16186,0.04049,0.05947,79.8,65.7,88.1,36.4,32.4,22.7,49.6,14.5,20.9,68.3,93.1,55.8,156.9
0,155.3,61.8,67,25.63,1.633,0.23331,0.17439,0.16207,0.21154,0.31646,0.35601,0.59335,0.14823,0.1057,0.17308,0.04481,0.05947,84.8,68.5,93.5,36.1,32.1,24.2,49.0,14.4,22.9,67.4,91.9,55.1,155.3
0,157.6,58.6,66,23.58,1.602,0.2352,0.17008,0.16344,0.20647,0.32045,0.36051,0.60085,0.14457,0.10659,0.16893,0.04458,0.05984,84.4,70.5,93.1,37.1,33.0,24.2,50.6,14.8,23.3,69.6,94.9,56.9,157.6
0,170.1,56.9,24,19.67,1.64,0.22761,0.15924,0.15788,0.19364,0.31208,0.35109,0.58516,0.13535,0.10296,0.15843,0.04171,0.05776,86.7,74.8,95.9,39.5,35.0,23.8,54.1,15.8,23.9,74.4,101.4,60.9,170.1
0,158.0,70.4,47,28.18,1.757,0.23111,0.17071,0.16152,0.20702,0.31098,0.34985,0.58309,0.14511,0.10534,0.16938,0.04468,0.0591,85.9,70.7,94.7,37.0,33.0,25.4,49.8,14.7,23.7,68.5,93.4,56.0,158.0
0,159.0,66.2,36,26.19,1.71,0.23902,0.17692,0.16521,0.21466,0.32319,0.36359,0.60598,0.15038,0.10775,0.17563,0.04595,0.061,87.1,70.7,96.0,37.4,33.4,24.9,50.6,14.9,23.8,69.6,94.9,57.0,159.0
0,159.4,90.4,40,35.59,2.001,0.24316,0.1901,0.18985,0.23022,0.32061,0.36069,0.60115,0.16159,0.12382,0.18836,0.05657,0.06268,96.1,83.4,105.8,39.1,35.2,31.8,51.6,15.4,30.1,70.9,96.7,58.0,159.4
0,164.8,55.0,25,20.23,1.586,0.23743,0.16255,0.16382,0.19758,0.32562,0.36632,0.61053,0.13817,0.10684,0.16166,0.04327,0.06025,84.3,73.9,93.1,39.2,34.7,24.0,53.7,15.7,23.6,73.9,100.8,60.5,164.8
0,165.6,75.8,34,27.66,1.868,0.22552,0.17434,0.16661,0.21164,0.30281,0.34066,0.56777,0.14819,0.10866,0.17316,0.04744,0.05771,92.8,77.1,102.4,38.2,34.1,27.2,51.3,15.2,26.6,70.5,96.2,57.7,165.6
0,142.0,38.8,38,19.24,1.237,0.23248,0.16478,0.14036,0.2001,0.32216,0.36243,0.60404,0.14006,0.09154,0.16372,0.03647,0.05874,72.6,53.8,80.1,32.6,28.7,18.5,45.2,13.1,16.9,62.1,84.7,50.8,142.0
0,169.4,70.9,43,24.7,1.827,0.2314,0.17224,0.17767,0.20927,0.31278,0.35188,0.58646,0.1464,0.11587,0.17122,0.05011,0.05906,93.5,83.9,103.3,40.0,35.6,28.4,54.1,15.9,28.6,74.3,101.4,60.8,169.4
0,172.3,84.2,45,28.39,2.008,0.23711,0.17958,0.17339,0.21814,0.31672,0.35632,0.59386,0.15264,0.11308,0.17848,0.04949,0.06081,95.9,80.5,105.9,40.3,36.1,28.3,53.8,16.0,27.8,74.0,100.9,60.5,172.3
0,155.4,40.8,56,16.91,1.327,0.22629,0.15156,0.14594,0.1843,0.31415,0.35341,0.58902,0.12883,0.09518,0.15079,0.03653,0.05713,75.2,62.9,83.1,35.7,31.5,20.1,49.6,14.4,19.1,68.2,93.0,55.8,155.4
0,155.9,56.4,50,23.22,1.563,0.23875,0.16747,0.1595,0.20329,0.32583,0.36656,0.61093,0.14235,0.10402,0.16633,0.0424,0.0607,80.8,66.9,89.2,36.7,32.5,23.0,50.0,14.6,21.5,68.8,93.8,56.3,155.9
0,159.4,55.5,57,21.85,1.568,0.2364,0.16754,0.16113,0.20351,0.32337,0.36379,0.60632,0.14241,0.10508,0.1665,0.0434,0.06005,83.9,70.2,92.7,37.7,33.4,23.5,51.5,15.1,22.9,70.9,96.7,58.0,159.4
0,157.4,52.8,36,21.34,1.52,0.23183,0.17236,0.15871,0.20935,0.31781,0.35753,0.59589,0.14651,0.10351,0.17129,0.04389,0.05884,85.9,68.8,94.9,36.8,32.6,23.1,50.4,14.7,23.0,69.3,94.6,56.7,157.4
0,164.0,69.1,46,25.67,1.774,0.23826,0.17342,0.17598,0.21056,0.32191,0.36215,0.60358,0.14741,0.11477,0.17227,0.04814,0.06082,87.3,77.0,96.3,38.2,34.0,26.7,51.6,15.2,25.5,70.9,96.7,58.0,164.0
0,149.3,64.8,37,29.09,1.639,0.24667,0.17858,0.16259,0.21626,0.33253,0.3741,0.6235,0.15179,0.10604,0.17694,0.04561,0.06303,83.8,66.4,92.3,36.9,32.9,24.5,49.7,14.6,22.5,68.3,93.2,55.9,149.3
0,154.9,56.4,37,23.51,1.558,0.23716,0.165,0.15792,0.20026,0.32354,0.36398,0.60664,0.14025,0.10299,0.16385,0.04213,0.06031,80.7,67.2,89.1,36.9,32.8,23.2,50.4,14.7,21.7,69.3,94.5,56.7,154.9
0,173.0,74.5,27,24.9,1.892,0.24312,0.1749,0.18142,0.21257,0.32795,0.36894,0.61491,0.14866,0.11832,0.17392,0.05067,0.06211,93.8,84.6,103.6,41.5,37.0,28.5,56.0,16.5,28.6,76.9,104.9,63.0,173.0
0,156.2,59.8,29,24.52,1.611,0.23472,0.1729,0.16042,0.20982,0.31918,0.35908,0.59847,0.14697,0.10462,0.17167,0.04494,0.05976,86.8,70.0,95.7,37.5,33.3,24.4,51.0,14.9,23.7,70.1,95.6,57.4,156.2
0,171.0,70.3,50,24.05,1.827,0.2286,0.16777,0.15656,0.2039,0.30938,0.34805,0.58008,0.14261,0.10211,0.16682,0.04394,0.05832,93.7,76.0,103.5,40.6,36.2,25.5,55.0,16.2,25.8,75.6,103.1,61.8,171.0
0,164.9,54.3,42,19.98,1.578,0.24333,0.16049,0.15312,0.19509,0.33393,0.37568,0.62613,0.13641,0.09986,0.15962,0.03948,0.06173,81.7,67.8,90.3,39.4,34.9,21.9,54.1,15.8,21.2,74.4,101.5,60.9,164.9
0,150.2,65.5,42,29.03,1.653,0.23473,0.16945,0.17031,0.20523,0.31635,0.35589,0.59315,0.14403,0.11107,0.16792,0.04644,0.05998,81.0,70.8,89.2,35.7,31.8,26.1,48.1,14.2,23.4,66.2,90.2,54.1,150.2
0,166.8,70.4,21,25.28,1.806,0.23995,0.18046,0.17436,0.21919,0.32416,0.36468,0.6078,0.15339,0.11371,0.17933,0.04959,0.06126,93.4,78.4,103.1,39.5,35.2,26.9,53.4,15.7,27.0,73.4,100.1,60.1,166.8
0,161.7,67.2,21,25.72,1.738,0.23981,0.17243,0.1712,0.20931,0.32429,0.36483,0.60804,0.14657,0.11165,0.17125,0.04732,0.0612,87.5,75.6,96.6,38.7,34.5,26.3,52.4,15.4,25.3,72.1,98.3,59.0,161.7
0,159.4,53.3,26,20.97,1.536,0.23652,0.15611,0.15293,0.18966,0.32433,0.36487,0.60811,0.13269,0.09974,0.15518,0.03955,0.06002,79.6,67.8,87.9,38.4,34.0,22.5,52.6,15.3,21.2,72.3,98.7,59.2,159.4
0,164.2,59.9,32,22.24,1.653,0.2439,0.16436,0.16377,0.19969,0.33268,0.37427,0.62378,0.1397,0.10681,0.16338,0.04338,0.06203,84.0,72.8,92.8,39.7,35.2,24.2,54.1,15.8,23.3,74.4,101.5,60.9,164.2
0,165.7,64.1,43,23.34,1.718,0.2368,0.17125,0.17175,0.20804,0.3218,0.36203,0.60338,0.14556,0.11201,0.17022,0.04754,0.06031,89.7,78.2,99.1,39.5,35.1,26.3,53.7,15.7,26.2,73.8,100.6,60.4,165.7
0,167.3,51.9,32,18.53,1.553,0.23101,0.16419,0.15833,0.19967,0.31808,0.35784,0.5964,0.13956,0.10326,0.16337,0.04259,0.05852,87.7,73.6,97.0,39.3,34.7,23.2,54.1,15.7,23.9,74.4,101.4,60.9,167.3
0,170.5,52.5,43,18.05,1.577,0.23183,0.15928,0.14676,0.19374,0.31934,0.35926,0.59876,0.13539,0.09571,0.15852,0.03859,0.05872,86.7,69.5,95.9,40.2,35.5,21.6,55.3,16.1,22.1,76.1,103.7,62.2,170.5
0,165.3,59.3,45,21.71,1.65,0.23276,0.17407,0.13933,0.21153,0.31783,0.35755,0.59592,0.14796,0.09086,0.17307,0.03958,0.05917,92.8,64.6,102.5,39.5,35.0,21.3,53.9,15.8,22.2,74.2,101.1,60.7,165.3
0,153.1,61.6,24,26.28,1.619,0.2437,0.17648,0.16799,0.21399,0.3303,0.37158,0.61931,0.15001,0.10956,0.17508,0.04667,0.06213,84.4,69.9,93.0,37.1,33.0,24.9,50.3,14.8,23.5,69.1,94.3,56.6,153.1
0,159.3,54.6,49,21.52,1.554,0.22934,0.16181,0.16092,0.19656,0.31402,0.35327,0.58878,0.13754,0.10495,0.16082,0.04266,0.05823,82.1,71.0,90.7,37.0,32.8,23.7,50.7,14.8,22.8,69.8,95.1,57.1,159.3
0,182.5,67.4,29,20.22,1.848,0.24083,0.1622,0.15204,0.19738,0.32826,0.3693,0.6155,0.13787,0.09916,0.16149,0.04056,0.06126,93.1,75.8,102.9,44.0,39.0,23.7,59.9,17.6,24.5,82.4,112.4,67.4,182.5
0,167.4,58.7,52,20.94,1.652,0.23498,0.16025,0.15779,0.19479,0.32132,0.36148,0.60247,0.13621,0.10291,0.15938,0.0414,0.0597,84.5,72.4,93.4,39.5,35.0,23.5,53.9,15.8,23.0,74.2,101.1,60.7,167.4
0,178.6,71.0,69,22.26,1.877,0.2356,0.16816,0.15795,0.20454,0.31959,0.35954,0.59923,0.14293,0.10301,0.16735,0.04377,0.06005,95.7,78.2,105.8,42.7,38.0,25.3,57.9,17.0,26.2,79.6,108.6,65.1,178.6
0,172.0,67.0,49,22.64,1.789,0.23656,0.1623,0.15865,0.19731,0.32133,0.3615,0.6025,0.13796,0.10347,0.16143,0.04293,0.06026,89.7,76.3,99.2,41.6,37.0,25.1,56.6,16.6,25.0,77.8,106.0,63.6,172.0
0,164.1,93.6,26,34.75,2.066,0.25581,0.20145,0.18314,0.24421,0.33712,0.37927,0.63211,0.17124,0.11944,0.19981,0.05534,0.06595,100.1,79.1,110.3,40.5,36.4,29.8,53.3,15.9,28.9,73.3,100.0,60.0,164.1
0,164.5,77.9,31,28.77,1.887,0.24314,0.18396,0.17936,0.22324,0.32563,0.36633,0.61055,0.15636,0.11697,0.18265,0.05221,0.06229,95.2,80.7,105.0,40.0,35.8,28.8,53.6,15.9,28.4,73.7,100.5,60.3,164.5
0,162.3,75.4,30,28.62,1.843,0.24319,0.18403,0.17579,0.22327,0.32619,0.36697,0.61161,0.15642,0.11465,0.18267,0.05007,0.06227,91.3,75.8,100.7,38.4,34.3,27.1,51.5,15.2,26.2,70.8,96.6,58.0,162.3
0,150.7,66.6,61,29.33,1.67,0.24908,0.17185,0.1665,0.20813,0.33535,0.37727,0.62878,0.14607,0.10859,0.17029,0.04492,0.06368,80.0,67.4,88.0,36.9,32.9,24.8,49.7,14.7,22.0,68.3,93.1,55.9,150.7
0,162.6,53.7,50,20.29,1.557,0.23531,0.15992,0.16156,0.19436,0.32289,0.36325,0.60542,0.13593,0.10537,0.15902,0.0422,0.05969,82.1,72.1,90.7,38.5,34.0,23.6,52.8,15.4,22.8,72.5,98.9,59.4,162.6
0,170.7,56.9,49,19.53,1.643,0.23456,0.17055,0.1489,0.20741,0.32168,0.36189,0.60315,0.14497,0.09711,0.1697,0.04078,0.05952,91.2,69.3,100.9,39.9,35.4,22.0,54.8,16.0,23.0,75.3,102.7,61.6,170.7
0,158.4,50.0,36,19.92,1.483,0.23829,0.16057,0.16381,0.19512,0.32779,0.36877,0.61461,0.13649,0.10683,0.15964,0.04254,0.06039,79.7,70.7,88.1,37.7,33.3,23.3,51.8,15.1,22.2,71.2,97.1,58.3,158.4
0,165.3,82.4,47,30.17,1.946,0.25935,0.18956,0.18491,0.23001,0.34587,0.38911,0.64851,0.16113,0.1206,0.18819,0.05397,0.06655,95.8,81.3,105.7,41.7,37.4,29.3,55.6,16.5,28.7,76.5,104.3,62.6,165.3
0,168.3,62.1,33,21.91,1.703,0.23212,0.17152,0.17098,0.20848,0.31641,0.35596,0.59327,0.14579,0.11151,0.17057,0.04676,0.05904,89.6,77.6,99.0,38.6,34.3,25.5,52.6,15.4,25.7,72.3,98.6,59.2,168.3
0,156.3,47.5,29,19.44,1.436,0.22566,0.16031,0.15156,0.1948,0.31104,0.34992,0.58321,0.13626,0.09884,0.15938,0.03967,0.05714,79.7,65.5,88.0,35.7,31.6,21.6,49.2,14.3,20.8,67.7,92.3,55.4,156.3
0,159.4,56.8,27,22.35,1.586,0.24813,0.16386,0.15718,0.19901,0.33896,0.38133,0.63556,0.13928,0.10251,0.16283,0.0415,0.06306,81.6,68.1,90.1,39.4,34.9,23.0,53.8,15.7,21.8,73.9,100.8,60.5,159.4
0,155.6,55.9,19,23.09,1.554,0.23922,0.16859,0.16268,0.20465,0.32662,0.36745,0.61242,0.1433,0.1061,0.16744,0.04354,0.06081,81.4,68.3,89.8,36.8,32.6,23.5,50.2,14.7,22.1,69.0,94.1,56.5,155.6
0,156.9,62.0,35,25.17,1.643,0.23252,0.1681,0.16032,0.20397,0.31556,0.355,0.59167,0.14289,0.10456,0.16689,0.04388,0.05925,84.4,70.0,93.0,37.1,33.0,24.5,50.4,14.8,23.2,69.3,94.5,56.7,156.9
0,153.7,59.3,30,25.09,1.592,0.23663,0.17616,0.16011,0.21369,0.32163,0.36183,0.60305,0.14974,0.10442,0.17484,0.0444,0.06026,84.5,66.8,93.1,36.1,32.1,23.5,49.1,14.4,22.4,67.5,92.0,55.2,153.7
0,156.4,51.1,46,20.89,1.49,0.24352,0.16293,0.15637,0.19791,0.33435,0.37614,0.6269,0.13849,0.10198,0.16192,0.0405,0.06176,78.5,65.5,86.6,37.3,33.0,21.9,51.3,14.9,20.5,70.5,96.1,57.7,156.4
0,172.2,80.1,41,27.02,1.957,0.24784,0.17132,0.16429,0.20815,0.33238,0.37393,0.62321,0.14562,0.10715,0.1703,0.04616,0.06346,93.9,78.3,103.7,43.2,38.6,27.1,58.0,17.1,26.6,79.7,108.7,65.2,172.2
0,156.3,52.7,55,21.57,1.512,0.22789,0.16345,0.14883,0.1985,0.31234,0.35138,0.58563,0.13893,0.09706,0.16241,0.03957,0.05784,81.1,64.2,89.6,36.0,31.9,21.7,49.3,14.4,20.7,67.8,92.5,55.5,156.3
0,163.4,62.5,29,23.42,1.684,0.23893,0.17489,0.16907,0.21242,0.32494,0.36556,0.60926,0.14865,0.11026,0.1738,0.04663,0.06084,88.2,74.2,97.4,38.4,34.1,25.1,52.2,15.3,24.8,71.7,97.8,58.7,163.4
0,159.1,68.4,46,27.02,1.738,0.23428,0.16746,0.16582,0.20315,0.31607,0.35558,0.59263,0.14234,0.10815,0.16621,0.045,0.05984,84.1,72.4,92.8,37.5,33.4,25.7,50.5,14.9,23.8,69.5,94.8,56.9,159.1
0,170.5,62.7,39,21.56,1.723,0.23464,0.15787,0.15541,0.19192,0.31991,0.3599,0.59983,0.13419,0.10136,0.15703,0.04083,0.05968,85.8,73.5,94.9,40.6,36.1,23.9,55.4,16.2,23.4,76.1,103.8,62.3,170.5
0,171.4,64.1,53,21.83,1.748,0.2439,0.17296,0.15517,0.21027,0.33216,0.37368,0.6228,0.14702,0.1012,0.17204,0.04277,0.06206,91.9,71.7,101.6,41.3,36.7,23.4,56.2,16.5,23.9,77.3,105.4,63.2,171.4
0,168.4,75.4,18,26.59,1.878,0.24775,0.16729,0.16127,0.20319,0.33323,0.37489,0.62481,0.1422,0.10517,0.16624,0.0437,0.06336,87.7,73.5,96.9,41.4,36.9,25.5,55.6,16.4,24.1,76.5,104.3,62.6,168.4
0,164.6,56.3,60,20.78,1.604,0.2376,0.17155,0.17011,0.2085,0.32537,0.36604,0.61006,0.14582,0.11094,0.17059,0.04673,0.06033,88.6,76.4,97.9,39.0,34.6,25.0,53.5,15.6,25.4,73.5,100.3,60.2,164.6
0,160.9,58.3,57,22.52,1.615,0.25047,0.16898,0.15862,0.20524,0.34179,0.38452,0.64086,0.14363,0.10345,0.16792,0.04255,0.06368,84.0,68.6,92.8,39.6,35.2,23.1,54.1,15.8,22.3,74.4,101.4,60.9,160.9
0,154.4,63.0,51,26.43,1.644,0.2378,0.16654,0.17252,0.20196,0.32199,0.36224,0.60374,0.14156,0.11251,0.16524,0.04563,0.06065,79.4,71.5,87.5,36.1,32.1,25.5,48.8,14.4,22.9,67.2,91.6,54.9,154.4
0,175.7,105.3,51,34.1,2.267,0.2396,0.18287,0.18208,0.22212,0.31427,0.35355,0.58925,0.15544,0.11875,0.18173,0.05361,0.06188,101.1,87.5,111.6,42.2,38.0,32.3,55.3,16.6,31.2,76.0,103.7,62.2,175.7
0,157.3,66.0,65,26.65,1.698,0.25095,0.17942,0.15214,0.21764,0.33916,0.38155,0.63592,0.15251,0.09922,0.17807,0.04224,0.06406,86.1,63.5,95.0,38.3,34.2,22.5,51.8,15.3,21.3,71.3,97.2,58.3,157.3
0,167.0,72.7,50,26.06,1.836,0.24364,0.17409,0.18279,0.21143,0.32841,0.36946,0.61576,0.14798,0.11921,0.17299,0.05032,0.06226,89.2,81.5,98.5,39.7,35.5,28.2,53.6,15.8,27.1,73.7,100.5,60.3,167.0
0,169.7,75.8,21,26.32,1.89,0.22443,0.1685,0.16687,0.20469,0.30193,0.33967,0.56612,0.14323,0.10883,0.16747,0.04676,0.05739,92.6,79.7,102.3,39.3,35.0,27.5,52.8,15.6,27.0,72.6,99.0,59.4,169.7
0,158.7,50.5,55,20.04,1.492,0.22768,0.1642,0.14857,0.19953,0.31306,0.3522,0.58699,0.13957,0.09689,0.16325,0.0398,0.05771,83.2,65.4,91.9,36.7,32.5,21.5,50.5,14.7,21.2,69.4,94.6,56.8,158.7
0,169.6,70.5,47,24.52,1.822,0.2298,0.16418,0.1587,0.19949,0.31076,0.3496,0.58267,0.13955,0.1035,0.16322,0.04368,0.05864,90.5,76.1,100.0,40.3,35.9,25.7,54.5,16.0,25.4,75.0,102.3,61.4,169.6
0,167.7,67.3,69,23.93,1.77,0.23186,0.16427,0.15495,0.19959,0.31433,0.35362,0.58936,0.13963,0.10105,0.1633,0.04167,0.05911,87.0,71.3,96.1,39.1,34.8,24.0,53.0,15.6,23.2,72.8,99.3,59.6,167.7
0,174.3,77.1,63,25.4,1.932,0.22865,0.16821,0.17545,0.20446,0.30781,0.34629,0.57714,0.14298,0.11442,0.16728,0.04884,0.05846,93.8,85.1,103.6,40.6,36.2,28.8,54.6,16.1,28.7,75.1,102.4,61.5,174.3
0,159.3,62.2,37,24.53,1.66,0.23179,0.17461,0.1552,0.21196,0.31478,0.35413,0.59021,0.14842,0.10122,0.17342,0.04359,0.05905,88.5,68.4,97.6,37.4,33.2,23.6,50.8,14.9,23.2,69.8,95.2,57.1,159.3
0,153.8,60.6,43,25.65,1.609,0.23453,0.18193,0.16329,0.22066,0.31831,0.3581,0.59683,0.15464,0.10649,0.18054,0.04607,0.05976,86.5,67.5,95.3,35.5,31.6,23.9,48.2,14.1,23.0,66.2,90.3,54.2,153.8
0,159.1,57.7,32,22.81,1.597,0.23124,0.15285,0.15145,0.18561,0.31553,0.35498,0.59163,0.12992,0.09877,0.15187,0.0389,0.0588,78.4,67.6,86.6,37.8,33.5,22.9,51.5,15.1,21.0,70.9,96.6,58.0,159.1
0,163.9,65.3,24,24.29,1.724,0.22719,0.17576,0.16413,0.21345,0.30816,0.34668,0.5778,0.1494,0.10704,0.17464,0.04601,0.05791,90.3,73.4,99.7,37.2,33.1,25.0,50.4,14.8,24.9,69.3,94.5,56.7,163.9
0,162.9,51.8,24,19.52,1.531,0.23357,0.16446,0.16419,0.19992,0.32117,0.36132,0.6022,0.13979,0.10708,0.16357,0.04355,0.0592,84.0,72.9,92.8,38.0,33.6,23.6,52.2,15.2,23.4,71.8,97.9,58.7,162.9
0,159.8,58.2,67,22.77,1.607,0.2367,0.17159,0.17152,0.20838,0.32293,0.36329,0.60548,0.14585,0.11186,0.17049,0.04713,0.06019,86.3,75.0,95.2,37.9,33.6,25.4,51.7,15.1,24.9,71.1,96.9,58.1,159.8
0,149.5,68.1,46,30.46,1.682,0.23825,0.17391,0.16885,0.21053,0.32005,0.36005,0.60009,0.14783,0.11012,0.17225,0.04638,0.06096,81.5,68.8,89.7,35.6,31.8,25.7,47.8,14.1,22.9,65.7,89.5,53.7,149.5
0,165.7,69.7,40,25.39,1.791,0.2339,0.15712,0.1622,0.19081,0.31605,0.35555,0.59259,0.13355,0.10578,0.15612,0.04315,0.05971,84.6,76.0,93.4,40.1,35.7,26.1,54.2,16.0,24.5,74.5,101.6,61.0,165.7
0,175.9,74.1,51,23.96,1.903,0.22757,0.17189,0.16292,0.209,0.30745,0.34588,0.57647,0.14611,0.10626,0.171,0.04583,0.0581,96.2,79.3,106.3,40.5,36.1,26.3,54.7,16.1,27.0,75.3,102.7,61.6,175.9
0,165.7,91.1,37,33.19,2.047,0.24412,0.18178,0.17503,0.22046,0.32282,0.36317,0.60528,0.15451,0.11415,0.18038,0.04988,0.06286,92.5,77.4,101.9,39.5,35.5,28.7,52.3,15.6,26.7,71.9,98.0,58.8,165.7
0,166.6,53.0,32,19.08,1.566,0.22703,0.15319,0.16712,0.18627,0.31218,0.3512,0.58534,0.13021,0.10899,0.1524,0.04271,0.05754,81.7,77.5,90.3,38.5,34.1,24.7,53.0,15.4,24.0,72.8,99.3,59.6,166.6
0,166.4,55.1,50,19.91,1.596,0.24249,0.16138,0.16912,0.1962,0.33268,0.37426,0.62377,0.13718,0.1103,0.16053,0.04359,0.06152,82.3,75.0,91.0,39.4,34.9,24.1,54.0,15.7,23.4,74.3,101.3,60.8,166.4
0,165.2,87.8,34,32.17,2.007,0.2372,0.18067,0.17391,0.21914,0.31462,0.35394,0.58991,0.15357,0.11342,0.1793,0.05081,0.061,95.8,80.2,105.6,40.0,35.9,29.5,53.1,15.8,28.4,73.0,99.6,59.7,165.2
0,168.8,69.1,37,24.24,1.8,0.24085,0.16724,0.17025,0.20321,0.32607,0.36683,0.61139,0.14216,0.11103,0.16626,0.04706,0.06144,90.8,80.4,100.3,41.6,37.1,27.1,56.3,16.6,26.9,77.5,105.6,63.4,168.8
0,165.2,63.0,30,23.08,1.7,0.22815,0.16979,0.16689,0.20628,0.31035,0.34914,0.5819,0.14432,0.10884,0.16877,0.04616,0.05808,89.4,76.4,98.7,38.2,34.0,25.6,52.0,15.2,25.6,71.5,97.5,58.5,165.2
0,160.4,50.4,61,19.61,1.499,0.22992,0.16884,0.15835,0.20521,0.31634,0.35588,0.59314,0.14351,0.10327,0.1679,0.0423,0.05826,83.7,68.2,92.4,36.3,32.1,22.2,49.9,14.5,22.1,68.6,93.5,56.1,160.4
0,157.1,64.0,41,25.95,1.672,0.24275,0.16772,0.16582,0.20348,0.32873,0.36983,0.61638,0.14256,0.10814,0.16648,0.04502,0.06191,83.5,71.7,92.0,38.4,34.2,25.3,52.1,15.3,23.6,71.6,97.6,58.6,157.1
0,160.8,68.2,64,26.38,1.746,0.23138,0.17293,0.17722,0.20986,0.31245,0.35151,0.58585,0.14699,0.11558,0.1717,0.04891,0.05908,86.9,77.5,95.9,37.0,33.0,27.2,50.0,14.7,25.9,68.7,93.7,56.2,160.8
0,164.6,54.1,54,19.96,1.573,0.23659,0.16145,0.15058,0.19626,0.32473,0.36532,0.60887,0.13723,0.0982,0.16058,0.03947,0.06001,83.4,67.6,92.2,38.9,34.5,21.9,53.4,15.6,21.5,73.4,100.1,60.1,164.6
0,160.4,60.4,24,23.48,1.64,0.23027,0.16703,0.17215,0.20283,0.31348,0.35267,0.58778,0.14198,0.11227,0.16595,0.0464,0.05861,84.2,75.5,93.0,37.0,32.8,25.7,50.3,14.7,24.6,69.2,94.3,56.6,160.4
0,164.6,61.6,25,22.71,1.678,0.22954,0.16596,0.16241,0.20162,0.31262,0.3517,0.58616,0.14106,0.10592,0.16496,0.04306,0.05841,84.2,71.7,93.0,37.1,32.9,24.0,50.5,14.8,23.0,69.4,94.7,56.8,164.6
0,165.5,68.8,40,25.12,1.778,0.23757,0.17527,0.17693,0.21285,0.32128,0.36144,0.60239,0.14898,0.11539,0.17415,0.04925,0.06063,90.1,79.1,99.5,38.9,34.6,27.1,52.6,15.5,26.6,72.3,98.5,59.1,165.5
0,168.2,56.2,31,19.88,1.621,0.2335,0.16649,0.15393,0.20243,0.32017,0.36019,0.60032,0.14152,0.10039,0.16562,0.04198,0.05925,89.5,71.9,98.9,40.0,35.4,23.1,54.8,16.0,23.8,75.3,102.7,61.6,168.2
0,171.2,87.2,21,29.75,2.037,0.23353,0.17365,0.17488,0.21088,0.31089,0.34975,0.58292,0.1476,0.11405,0.17254,0.04939,0.05997,93.8,82.1,103.5,40.2,36.0,29.3,53.5,15.9,28.1,73.5,100.2,60.1,171.2
0,163.0,74.7,38,28.1,1.839,0.24737,0.18665,0.17356,0.22649,0.33215,0.37367,0.62278,0.15865,0.11319,0.18531,0.05001,0.06331,93.2,75.3,102.8,39.3,35.1,26.8,52.8,15.6,26.3,72.6,98.9,59.4,163.0
0,153.6,53.3,63,22.61,1.509,0.2386,0.16748,0.15652,0.2033,0.32644,0.36724,0.61207,0.14236,0.10208,0.16633,0.04183,0.0606,80.4,65.4,88.8,36.5,32.3,22.5,49.9,14.6,21.1,68.6,93.6,56.1,153.6
0,160.2,59.4,27,23.18,1.626,0.2237,0.16517,0.15562,0.20057,0.30481,0.34291,0.57151,0.1404,0.10149,0.16411,0.04227,0.05691,85.0,69.7,93.9,36.7,32.6,23.7,49.9,14.6,22.9,68.7,93.6,56.2,160.2
0,162.8,62.3,39,23.5,1.678,0.22918,0.15654,0.16709,0.19012,0.31168,0.35064,0.58439,0.13306,0.10897,0.15555,0.0437,0.05835,81.8,75.9,90.3,38.1,33.9,25.7,51.9,15.2,24.0,71.3,97.2,58.3,162.8
0,150.0,47.4,47,21.07,1.406,0.24318,0.1567,0.14363,0.19026,0.3345,0.37631,0.62719,0.1332,0.09367,0.15566,0.03612,0.06163,72.9,58.1,80.4,36.0,31.8,19.9,49.5,14.4,17.7,68.1,92.8,55.7,150.0
0,171.9,65.9,47,22.3,1.775,0.24091,0.17057,0.15474,0.20737,0.32758,0.36853,0.61421,0.14499,0.10092,0.16966,0.04234,0.06134,91.2,71.9,100.8,41.0,36.4,23.6,55.7,16.3,23.8,76.6,104.5,62.7,171.9
0,163.5,61.4,33,22.97,1.669,0.23056,0.16952,0.15423,0.20592,0.31393,0.35317,0.58861,0.14409,0.10059,0.16848,0.04253,0.05867,88.3,69.8,97.5,38.2,33.9,23.5,52.0,15.2,23.3,71.5,97.6,58.5,163.5
0,165.1,86.2,28,31.63,1.988,0.24561,0.17885,0.16975,0.21696,0.32628,0.36706,0.61177,0.15203,0.1107,0.17751,0.04815,0.06313,91.7,75.7,101.2,40.1,36.0,27.7,53.3,15.9,26.0,73.2,99.9,59.9,165.1
0,171.8,83.4,39,28.25,1.994,0.24179,0.18995,0.18554,0.23074,0.32319,0.36358,0.60597,0.16146,0.121,0.18879,0.05467,0.06199,100.1,85.0,110.6,40.6,36.3,29.8,54.2,16.1,30.3,74.5,101.7,61.0,171.8
0,158.2,70.6,46,28.19,1.761,0.24845,0.18234,0.18119,0.22112,0.33428,0.37607,0.62678,0.15499,0.11817,0.18092,0.05125,0.06353,88.7,76.6,97.8,38.5,34.3,27.5,51.8,15.3,26.2,71.2,97.0,58.2,158.2
0,166.4,70.9,42,25.61,1.81,0.24815,0.17142,0.17379,0.20819,0.335,0.37687,0.62812,0.14571,0.11334,0.17034,0.04725,0.06337,87.5,77.1,96.6,40.3,35.9,26.6,54.4,16.0,25.4,74.8,102.1,61.2,166.4
0,161.8,52.0,31,19.89,1.529,0.23538,0.16483,0.15312,0.20034,0.32345,0.36388,0.60646,0.14011,0.09986,0.16392,0.04047,0.05967,83.1,67.1,91.8,37.8,33.4,21.9,51.9,15.1,21.5,71.3,97.3,58.4,161.8
0,161.2,62.1,31,23.88,1.668,0.23586,0.18098,0.17046,0.21976,0.32062,0.3607,0.60116,0.15384,0.11117,0.17981,0.04889,0.06006,91.9,75.3,101.5,38.1,33.9,25.7,51.8,15.2,26.1,71.3,97.2,58.3,161.2
0,157.2,70.1,19,28.36,1.75,0.23168,0.16716,0.15728,0.20268,0.31171,0.35068,0.58446,0.14209,0.10257,0.16583,0.04261,0.05924,83.1,68.0,91.6,36.7,32.7,24.5,49.3,14.6,22.3,67.8,92.5,55.5,157.2
0,173.8,58.7,30,19.42,1.683,0.22713,0.16668,0.16998,0.20274,0.31127,0.35017,0.58362,0.14168,0.11085,0.16587,0.04593,0.05765,91.0,80.7,100.7,39.5,35.0,25.4,54.1,15.8,26.4,74.4,101.5,60.9,173.8
0,159.9,68.5,20,26.79,1.745,0.23226,0.16894,0.16011,0.20499,0.31342,0.35259,0.58766,0.1436,0.10442,0.16772,0.04401,0.05932,86.0,70.9,94.9,37.6,33.6,25.0,50.8,15.0,23.6,69.8,95.2,57.1,159.9
0,167.3,99.8,47,35.69,2.154,0.24214,0.18959,0.17951,0.22992,0.31772,0.35743,0.59572,0.16115,0.11707,0.18812,0.05379,0.06253,100.2,82.5,110.4,40.7,36.7,31.2,53.4,16.0,29.9,73.5,100.2,60.1,167.3
0,149.7,64.6,35,28.8,1.639,0.24693,0.1843,0.16889,0.22322,0.33305,0.37468,0.62447,0.15666,0.11015,0.18264,0.0478,0.06308,85.1,67.8,93.7,36.3,32.4,24.9,48.9,14.4,23.2,67.3,91.8,55.1,149.7
0,170.5,88.9,53,30.58,2.052,0.23938,0.17347,0.163,0.21061,0.31804,0.35779,0.59632,0.14745,0.10631,0.17232,0.04664,0.06152,95.2,77.8,105.1,41.8,37.5,28.0,55.6,16.5,27.0,76.4,104.2,62.5,170.5
0,169.7,71.8,38,24.96,1.84,0.23232,0.17326,0.17377,0.21051,0.31376,0.35298,0.5883,0.14727,0.11333,0.17224,0.04937,0.05932,94.5,82.4,104.4,40.3,36.0,28.0,54.5,16.0,28.4,74.9,102.2,61.3,169.7
0,163.2,75.5,36,28.35,1.849,0.24722,0.18956,0.17733,0.23002,0.3317,0.37316,0.62194,0.16113,0.11565,0.1882,0.05218,0.06329,96.0,78.1,105.9,39.8,35.6,27.8,53.5,15.8,27.8,73.5,100.2,60.1,163.2
0,161.0,55.1,33,21.28,1.57,0.22809,0.16466,0.16481,0.20006,0.31231,0.35135,0.58559,0.13996,0.10748,0.16368,0.04402,0.05791,83.7,72.8,92.4,36.9,32.7,24.2,50.5,14.8,23.6,69.5,94.8,56.9,161.0
0,165.2,75.2,45,27.53,1.857,0.2363,0.17362,0.15586,0.21075,0.31745,0.35713,0.59522,0.14757,0.10165,0.17243,0.04444,0.06046,92.8,72.4,102.4,40.2,35.9,25.5,54.0,16.0,25.0,74.3,101.3,60.8,165.2
0,178.1,85.2,21,26.88,2.053,0.23515,0.17231,0.17059,0.20949,0.31465,0.35398,0.58997,0.14646,0.11126,0.1714,0.04797,0.06026,96.5,83.1,106.6,41.9,37.5,28.5,56.1,16.6,28.3,77.1,105.1,63.1,178.1
0,150.5,57.2,68,25.26,1.547,0.2403,0.16898,0.16591,0.2049,0.32693,0.3678,0.61299,0.14363,0.1082,0.16765,0.04482,0.06117,80.1,68.4,88.3,36.3,32.2,24.4,49.4,14.5,22.4,67.9,92.5,55.5,150.5
0,167.8,84.7,32,30.08,1.987,0.23857,0.1766,0.17404,0.21436,0.31785,0.35758,0.59596,0.15011,0.1135,0.17538,0.04964,0.06125,93.7,80.3,103.4,40.3,36.1,28.9,53.7,15.9,27.7,73.8,100.7,60.4,167.8
0,156.3,53.6,18,21.94,1.526,0.22669,0.17123,0.15264,0.20794,0.31037,0.34917,0.58195,0.14555,0.09955,0.17013,0.04139,0.05756,83.2,64.5,91.9,35.1,31.1,21.9,48.0,14.0,21.2,66.0,90.0,54.0,156.3
0,162.4,61.4,65,23.29,1.664,0.23379,0.17083,0.16503,0.20748,0.31818,0.35795,0.59659,0.14521,0.10763,0.16976,0.04596,0.05951,88.9,74.7,98.2,38.7,34.4,25.3,52.7,15.4,25.2,72.5,98.8,59.3,162.4
0,160.8,63.2,64,24.44,1.68,0.23958,0.16913,0.16393,0.20534,0.32524,0.3659,0.60983,0.14376,0.10691,0.168,0.04461,0.06105,85.4,72.0,94.3,38.5,34.3,24.8,52.3,15.3,23.7,71.9,98.1,58.8,160.8
0,159.6,51.4,33,20.19,1.51,0.23003,0.17046,0.1496,0.20713,0.31607,0.35558,0.59264,0.14489,0.09756,0.16947,0.04088,0.05832,85.7,65.4,94.7,36.8,32.6,21.5,50.6,14.7,21.6,69.6,94.9,56.9,159.6
0,162.4,65.9,37,24.99,1.725,0.23462,0.17859,0.15212,0.21683,0.3178,0.35753,0.59588,0.1518,0.09921,0.17741,0.04316,0.05983,91.1,67.5,100.5,38.1,33.9,23.3,51.6,15.2,23.2,70.9,96.7,58.0,162.4
0,154.8,43.0,50,17.95,1.36,0.22439,0.15955,0.15144,0.19395,0.31069,0.34953,0.58255,0.13562,0.09877,0.15869,0.03984,0.05671,79.7,65.7,88.0,35.7,31.5,21.4,49.4,14.3,20.9,67.9,92.6,55.5,154.8
0,169.5,82.5,34,28.73,1.971,0.22845,0.17291,0.18666,0.20996,0.30527,0.34343,0.57238,0.14697,0.12173,0.17179,0.05255,0.05858,92.8,87.1,102.4,39.0,34.9,30.8,52.2,15.5,29.7,71.7,97.8,58.7,169.5
0,150.3,54.8,22,24.24,1.512,0.22354,0.16492,0.15484,0.20003,0.30496,0.34308,0.57179,0.14018,0.10098,0.16366,0.04096,0.05684,77.8,63.6,85.8,33.6,29.8,22.4,45.8,13.4,20.4,63.0,85.9,51.5,150.3
0,166.2,60.8,22,22.01,1.675,0.24269,0.16416,0.16226,0.19949,0.331,0.37237,0.62062,0.13953,0.10582,0.16322,0.04303,0.06172,85.0,73.1,93.9,40.0,35.5,24.2,54.6,16.0,23.5,75.0,102.3,61.4,166.2
0,160.3,53.6,56,20.87,1.545,0.23589,0.1739,0.16876,0.21129,0.32344,0.36387,0.60645,0.14781,0.11006,0.17287,0.0458,0.05986,85.2,71.9,94.1,36.8,32.6,23.8,50.4,14.7,23.6,69.4,94.6,56.7,160.3
0,154.5,55.2,30,23.11,1.539,0.24591,0.16281,0.1538,0.19762,0.33589,0.37787,0.62979,0.13839,0.1003,0.16169,0.04007,0.0625,78.1,64.2,86.2,37.5,33.3,22.1,51.3,15.0,20.2,70.5,96.2,57.7,154.5
0,163.9,72.6,61,27.03,1.818,0.24592,0.17852,0.16567,0.21669,0.33104,0.37243,0.62071,0.15174,0.10804,0.17729,0.04688,0.06287,91.3,73.7,100.7,40.0,35.7,25.9,53.9,15.9,25.2,74.1,101.0,60.6,163.9
0,151.9,60.9,53,26.39,1.603,0.24808,0.16878,0.1624,0.20462,0.33632,0.37836,0.63061,0.14346,0.10591,0.16742,0.04321,0.06324,79.0,66.1,87.1,37.0,32.9,23.7,50.1,14.7,21.3,68.9,94.0,56.4,151.9
0,162.8,56.5,47,21.33,1.598,0.22979,0.16881,0.16379,0.20512,0.3144,0.3537,0.5895,0.14349,0.10682,0.16783,0.04462,0.05836,86.7,73.2,95.8,37.6,33.3,24.2,51.4,15.0,24.1,70.7,96.4,57.8,162.8
0,152.8,48.6,21,20.83,1.437,0.23049,0.16742,0.16829,0.20332,0.31693,0.35654,0.59423,0.14231,0.10976,0.16636,0.04427,0.05842,78.6,68.7,86.7,34.4,30.5,23.2,47.3,13.8,21.9,65.1,88.7,53.2,152.8
0,165.6,73.8,40,26.89,1.842,0.23655,0.1838,0.17167,0.22315,0.3183,0.35809,0.59681,0.15623,0.11196,0.18258,0.04934,0.06049,94.1,76.4,103.8,38.5,34.4,26.7,51.9,15.3,26.6,71.3,97.2,58.3,165.6
0,156.2,51.9,38,21.27,1.501,0.22966,0.16907,0.15103,0.20535,0.31502,0.3544,0.59067,0.14371,0.0985,0.16801,0.04106,0.05827,83.5,64.9,92.2,36.1,32.0,21.8,49.5,14.4,21.4,68.1,92.9,55.7,156.2
0,159.4,61.8,38,24.29,1.654,0.23079,0.18164,0.16441,0.2205,0.31361,0.35281,0.58801,0.15439,0.10722,0.18041,0.04613,0.05878,88.4,69.6,97.6,35.8,31.8,24.0,48.6,14.3,23.6,66.8,91.1,54.7,159.4
0,164.5,66.5,23,24.56,1.743,0.23548,0.17898,0.16074,0.21737,0.31908,0.35897,0.59828,0.15213,0.10483,0.17784,0.04554,0.06004,91.9,71.8,101.4,38.5,34.2,24.5,52.1,15.3,24.6,71.7,97.8,58.7,164.5
0,157.2,62.7,41,25.36,1.655,0.24273,0.17683,0.16287,0.21456,0.32919,0.37034,0.61724,0.1503,0.10622,0.17555,0.04461,0.06187,84.6,67.7,93.3,37.0,32.9,23.7,50.1,14.7,22.5,68.9,94.0,56.4,157.2
0,162.1,73.1,64,27.82,1.815,0.23293,0.16933,0.16886,0.20546,0.31313,0.35227,0.58712,0.14393,0.11013,0.16811,0.04604,0.05959,85.8,74.4,94.7,37.6,33.6,26.4,50.5,14.9,24.6,69.5,94.7,56.8,162.1
0,152.2,44.9,48,19.4,1.378,0.22507,0.15504,0.15601,0.18837,0.3107,0.34954,0.58256,0.13179,0.10175,0.15412,0.03957,0.05696,74.8,65.4,82.6,34.5,30.5,21.8,47.7,13.9,20.1,65.6,89.4,53.7,152.2
0,166.8,48.3,36,17.38,1.497,0.22792,0.14858,0.15357,0.18072,0.31492,0.35429,0.59048,0.12629,0.10016,0.14786,0.03801,0.05765,78.8,70.8,87.1,38.5,34.0,22.0,53.1,15.4,21.2,73.1,99.6,59.8,166.8
0,174.5,66.5,55,21.84,1.795,0.23565,0.1614,0.15978,0.19627,0.32056,0.36063,0.60105,0.13719,0.1042,0.16059,0.04252,0.05999,89.0,76.6,98.3,41.3,36.7,24.8,56.2,16.5,24.7,77.3,105.4,63.3,174.5
0,181.5,107.6,29,32.66,2.329,0.23732,0.18342,0.17854,0.223,0.31161,0.35056,0.58426,0.15591,0.11644,0.18245,0.0532,0.06127,105.5,89.3,116.6,43.4,39.2,32.4,57.0,17.1,32.2,78.4,107.0,64.2,181.5
0,163.1,90.2,31,33.91,2.022,0.24819,0.1838,0.18166,0.2228,0.32801,0.36901,0.61502,0.15623,0.11848,0.18229,0.05215,0.06392,92.4,79.4,101.9,39.7,35.7,29.7,52.5,15.7,27.6,72.2,98.4,59.1,163.1
0,167.9,92.5,67,32.83,2.077,0.2426,0.18159,0.16851,0.22033,0.32074,0.36083,0.60138,0.15435,0.1099,0.18027,0.04887,0.06247,95.8,77.3,105.7,40.7,36.6,28.5,53.9,16.1,27.1,74.1,101.0,60.6,167.9
0,150.4,52.6,29,23.27,1.483,0.22855,0.16499,0.15693,0.20018,0.31255,0.35161,0.58602,0.14024,0.10234,0.16378,0.04229,0.05806,79.9,66.1,88.1,35.2,31.2,23.1,48.2,14.1,21.6,66.2,90.3,54.2,150.4
0,172.7,53.0,32,17.76,1.594,0.22997,0.16062,0.15063,0.19541,0.31684,0.35644,0.59407,0.13653,0.09824,0.15988,0.03931,0.05824,86.9,70.8,96.1,39.6,35.0,21.8,54.5,15.9,22.4,75.0,102.3,61.4,172.7
0,167.8,45.5,36,16.15,1.455,0.2251,0.15364,0.14264,0.18693,0.31205,0.35106,0.5851,0.13059,0.09303,0.15294,0.03577,0.05686,80.8,65.3,89.4,37.7,33.2,19.9,52.3,15.1,19.8,71.9,98.0,58.8,167.8
0,159.2,54.9,45,21.66,1.558,0.24003,0.16409,0.1596,0.19932,0.32853,0.3696,0.616,0.13948,0.10409,0.16308,0.04254,0.06095,82.7,69.9,91.3,38.5,34.1,23.4,52.7,15.4,22.6,72.4,98.8,59.3,159.2
0,170.9,67.9,57,23.25,1.796,0.23983,0.16541,0.1592,0.20104,0.32533,0.366,0.61,0.14059,0.10382,0.16449,0.04282,0.06113,88.5,74.0,97.7,40.8,36.3,24.6,55.4,16.3,24.1,76.1,103.8,62.3,170.9
0,160.8,77.5,58,30.0,1.861,0.24394,0.17596,0.17358,0.21338,0.32622,0.367,0.61166,0.14957,0.1132,0.17458,0.0488,0.06253,88.9,76.3,98.0,39.2,35.1,27.7,52.5,15.6,26.0,72.2,98.4,59.0,160.8
0,159.4,70.8,22,27.87,1.77,0.23963,0.18305,0.17584,0.22203,0.3225,0.36281,0.60469,0.15559,0.11468,0.18166,0.05037,0.06127,90.8,75.8,100.1,37.8,33.8,27.1,50.9,15.0,26.3,70.0,95.5,57.3,159.4
0,165.7,68.7,22,24.99,1.778,0.23783,0.17119,0.15979,0.20791,0.3217,0.36191,0.60319,0.14551,0.10421,0.17011,0.04382,0.06069,88.4,71.7,97.6,39.1,34.8,24.6,52.9,15.6,23.8,72.7,99.1,59.5,165.7
0,155.3,49.8,23,20.67,1.466,0.23641,0.17325,0.15769,0.21045,0.32491,0.36552,0.6092,0.14727,0.10284,0.17218,0.04324,0.05993,84.1,66.5,92.8,36.5,32.3,22.3,50.2,14.6,22.1,69.0,94.1,56.4,155.3
0,169.4,58.6,40,20.42,1.661,0.22087,0.16878,0.14343,0.2052,0.30225,0.34003,0.56672,0.14346,0.09354,0.16789,0.03966,0.05609,91.6,67.7,101.3,38.2,33.8,21.8,52.2,15.3,22.7,71.8,97.9,58.8,169.4
0,155.3,60.6,20,25.11,1.617,0.23767,0.1722,0.17896,0.20892,0.32281,0.36316,0.60527,0.14637,0.11672,0.17093,0.04802,0.06054,81.4,73.6,89.8,35.8,31.8,25.8,48.6,14.3,23.9,66.8,91.1,54.7,155.3
0,155.4,65.3,54,27.07,1.679,0.22761,0.16296,0.15388,0.19761,0.30754,0.34599,0.57665,0.13851,0.10036,0.16168,0.04133,0.0581,81.4,66.9,89.8,36.2,32.3,23.9,48.9,14.4,21.7,67.3,91.7,55.0,155.4
0,156.3,62.8,50,25.7,1.651,0.23347,0.17022,0.16083,0.2065,0.31648,0.35604,0.5934,0.14469,0.10489,0.16896,0.0439,0.05952,83.8,68.8,92.4,36.6,32.5,24.2,49.6,14.6,22.7,68.2,92.9,55.8,156.3
0,167.7,56.7,60,20.17,1.625,0.22565,0.16735,0.16274,0.20346,0.30921,0.34786,0.57977,0.14225,0.10614,0.16647,0.04453,0.05728,89.6,75.8,99.1,38.5,34.1,24.4,52.7,15.4,25.1,72.5,98.8,59.3,167.7
0,158.3,67.3,38,26.86,1.72,0.24,0.1712,0.1661,0.20768,0.32405,0.36455,0.60758,0.14552,0.10833,0.16992,0.04539,0.06129,84.6,71.4,93.3,37.8,33.7,25.3,51.0,15.0,23.6,70.1,95.6,57.4,158.3
0,153.3,60.8,37,25.85,1.609,0.23673,0.17563,0.15681,0.21299,0.32119,0.36134,0.60223,0.14928,0.10227,0.17426,0.04354,0.06033,84.4,65.6,93.1,36.2,32.2,23.3,49.1,14.4,22.0,67.6,92.2,55.3,153.3
0,158.4,50.3,18,20.05,1.487,0.23858,0.16861,0.15968,0.20489,0.32808,0.36909,0.61515,0.14332,0.10414,0.16763,0.04321,0.06047,84.1,69.3,92.9,37.9,33.5,22.8,52.1,15.2,22.7,71.6,97.7,58.6,158.4
0,162.3,55.4,56,21.05,1.581,0.2508,0.16487,0.16583,0.20034,0.34348,0.38641,0.64402,0.14014,0.10815,0.16391,0.04345,0.06368,82.2,71.9,90.8,39.8,35.3,23.7,54.5,15.9,22.8,74.9,102.2,61.3,162.3
0,154.5,64.5,64,27.03,1.664,0.23456,0.17174,0.16491,0.20823,0.3171,0.35674,0.59457,0.14598,0.10755,0.17037,0.04465,0.05987,82.0,68.4,90.4,35.6,31.8,24.5,48.2,14.2,22.4,66.2,90.3,54.2,154.5
0,154.7,55.3,34,23.11,1.541,0.23383,0.16969,0.15598,0.20597,0.31937,0.35929,0.59881,0.14423,0.10173,0.16852,0.04246,0.05943,82.9,66.2,91.4,36.3,32.2,22.8,49.6,14.5,21.8,68.3,93.1,55.8,154.7
0,176.9,98.5,46,31.51,2.2,0.24592,0.18521,0.17603,0.22505,0.3248,0.3654,0.609,0.15743,0.1148,0.18413,0.05177,0.06335,101.7,84.0,112.3,43.0,38.6,30.3,56.8,17.0,29.9,78.0,106.4,63.9,176.9
0,156.6,64.3,25,26.19,1.672,0.24189,0.17196,0.16784,0.20859,0.32742,0.36834,0.61391,0.14616,0.10946,0.17067,0.04534,0.0617,82.7,70.2,91.2,37.0,33.0,24.8,50.1,14.7,23.0,68.9,94.0,56.4,156.6
0,160.3,56.9,43,22.14,1.592,0.2329,0.16729,0.14967,0.2032,0.31823,0.35801,0.59668,0.1422,0.09761,0.16625,0.03982,0.05918,82.9,64.5,91.5,36.7,32.6,21.7,50.2,14.7,20.8,69.0,94.1,56.5,160.3
0,160.0,61.5,45,24.01,1.653,0.23057,0.16823,0.16078,0.20424,0.31349,0.35267,0.58779,0.14299,0.10486,0.16711,0.04361,0.05871,84.7,70.4,93.5,37.0,32.9,24.2,50.3,14.7,23.1,69.1,94.2,56.5,160.0
0,159.6,61.9,51,24.31,1.657,0.23101,0.15751,0.17018,0.19121,0.31387,0.3531,0.5885,0.13388,0.11099,0.15645,0.04471,0.05884,80.9,76.0,89.3,37.8,33.6,26.2,51.3,15.1,24.2,70.6,96.2,57.7,159.6
0,166.7,59.1,43,21.25,1.654,0.23086,0.17052,0.15375,0.20726,0.31548,0.35491,0.59152,0.14494,0.10027,0.16957,0.04202,0.05866,88.9,69.7,98.2,38.3,34.0,22.8,52.3,15.3,23.1,72.0,98.1,58.9,166.7
0,168.9,58.8,30,20.59,1.661,0.23701,0.16448,0.15577,0.19997,0.32424,0.36477,0.60795,0.13981,0.10159,0.16361,0.0413,0.0602,86.4,71.2,95.5,39.6,35.2,23.0,54.2,15.8,22.8,74.6,101.7,61.0,168.9
0,160.4,69.7,61,27.09,1.763,0.23349,0.15704,0.15759,0.19054,0.31475,0.35409,0.59016,0.13349,0.10278,0.1559,0.04112,0.05966,80.1,69.9,88.3,37.9,33.8,24.7,51.1,15.1,22.1,70.2,95.8,57.5,160.4
0,154.1,65.9,54,27.76,1.68,0.23786,0.17333,0.17171,0.21011,0.32102,0.36114,0.6019,0.14733,0.11199,0.17191,0.04734,0.06075,83.9,72.3,92.4,36.6,32.7,26.1,49.4,14.6,24.1,68.0,92.7,55.6,154.1
0,171.2,78.1,30,26.65,1.927,0.23341,0.17016,0.17603,0.20673,0.31351,0.3527,0.58783,0.14464,0.1148,0.16914,0.04875,0.05973,91.6,82.4,101.2,40.0,35.7,28.5,53.7,15.9,27.6,73.9,100.7,60.4,171.2
0,161.9,81.5,55,31.11,1.914,0.24591,0.19227,0.18611,0.23314,0.32769,0.36865,0.61442,0.16343,0.12138,0.19075,0.05493,0.06313,95.8,80.6,105.6,39.0,34.9,29.5,52.0,15.4,28.8,71.4,97.4,58.5,161.9
0,174.3,66.6,42,21.93,1.796,0.23757,0.16947,0.15703,0.20607,0.3231,0.36349,0.60582,0.14405,0.10241,0.1686,0.04228,0.06049,90.3,72.7,99.8,40.3,35.8,23.6,54.8,16.1,23.7,75.3,102.7,61.6,174.3
0,147.2,69.3,64,31.96,1.683,0.24382,0.1754,0.17993,0.21216,0.32669,0.36752,0.61254,0.14909,0.11735,0.17359,0.04904,0.06245,79.7,71.1,87.7,35.3,31.5,27.0,47.3,14.0,23.5,65.0,88.6,53.2,147.2
0,163.8,55.4,40,20.63,1.587,0.23947,0.16693,0.16612,0.20288,0.32815,0.36917,0.61528,0.14189,0.10834,0.166,0.04476,0.06078,86.0,74.4,95.1,39.3,34.8,24.3,53.8,15.7,24.3,74.0,100.9,60.6,163.8
0,175.5,62.4,39,20.24,1.744,0.23949,0.16505,0.16419,0.20075,0.32721,0.36811,0.61352,0.14029,0.10708,0.16425,0.04359,0.06086,89.5,77.4,98.9,41.3,36.7,24.5,56.5,16.5,24.9,77.6,105.9,63.5,175.5
0,160.1,45.7,38,17.83,1.426,0.23517,0.15798,0.1567,0.19209,0.32519,0.36584,0.60974,0.13429,0.10219,0.15717,0.03988,0.05947,78.7,67.9,87.0,37.3,32.9,21.6,51.6,15.0,20.9,70.9,96.7,58.0,160.1
0,161.0,57.8,47,22.29,1.607,0.23792,0.16899,0.15645,0.20527,0.32486,0.36547,0.60912,0.14364,0.10203,0.16794,0.04252,0.06048,85.6,68.9,94.5,38.3,34.0,23.1,52.4,15.3,22.7,72.0,98.2,58.9,161.0
0,164.5,59.7,28,22.07,1.652,0.2351,0.16665,0.16622,0.20248,0.32078,0.36088,0.60146,0.14165,0.1084,0.16567,0.04377,0.05978,83.5,72.4,92.2,37.5,33.3,24.1,51.2,15.0,23.1,70.4,95.9,57.6,164.5
0,158.7,66.2,21,26.3,1.709,0.24212,0.16265,0.1721,0.19734,0.32734,0.36825,0.61376,0.13825,0.11224,0.16146,0.04589,0.06179,82.0,75.4,90.4,38.9,34.6,26.6,52.5,15.5,24.4,72.2,98.5,59.1,158.7
0,160.4,64.5,50,25.06,1.695,0.23319,0.18093,0.16772,0.21962,0.31608,0.35559,0.59265,0.15379,0.10938,0.17969,0.04766,0.05945,90.3,72.8,99.7,37.1,33.0,25.2,50.2,14.8,25.0,69.1,94.2,56.5,160.4
0,160.2,50.4,64,19.63,1.497,0.23965,0.16769,0.14932,0.2038,0.32973,0.37095,0.61824,0.14253,0.09738,0.16675,0.03981,0.06073,83.3,64.5,92.1,37.9,33.5,21.0,52.2,15.2,20.8,71.7,97.8,58.7,160.2
0,158.2,56.3,29,22.49,1.573,0.23671,0.16453,0.15601,0.1998,0.32338,0.3638,0.60634,0.13985,0.10175,0.16347,0.04158,0.06016,82.1,67.7,90.7,37.6,33.4,23.0,51.4,15.0,21.9,70.7,96.4,57.8,158.2
0,170.9,65.9,26,22.58,1.769,0.23312,0.16972,0.17065,0.2063,0.31686,0.35647,0.59412,0.14426,0.11129,0.16879,0.04658,0.05937,90.3,79.0,99.8,39.5,35.1,26.0,53.7,15.7,26.1,73.8,100.7,60.4,170.9
0,165.6,48.8,49,17.78,1.498,0.23981,0.16554,0.15707,0.20133,0.33109,0.37247,0.62079,0.14071,0.10244,0.16473,0.04144,0.06068,84.9,70.1,93.9,39.2,34.6,22.0,54.1,15.7,22.4,74.4,101.4,60.8,165.6
0,164.2,54.9,28,20.35,1.582,0.23656,0.16971,0.15823,0.20627,0.32437,0.36492,0.6082,0.14425,0.10319,0.16877,0.04301,0.06003,87.2,70.7,96.4,38.7,34.3,23.0,53.1,15.5,23.3,73.0,99.5,59.7,164.2
0,168.0,59.5,54,21.09,1.667,0.24475,0.16321,0.15619,0.1984,0.33445,0.37626,0.62709,0.13873,0.10187,0.16233,0.04127,0.06219,85.5,71.2,94.5,40.8,36.2,23.2,55.8,16.3,22.8,76.7,104.6,62.8,168.0
0,160.7,79.2,41,30.68,1.881,0.24103,0.18072,0.18175,0.21912,0.32175,0.36196,0.60327,0.15362,0.11854,0.17928,0.05199,0.06183,91.1,79.7,100.4,38.7,34.6,29.1,51.6,15.3,27.6,71.0,96.8,58.1,160.7
0,157.2,61.4,24,24.84,1.638,0.23793,0.16915,0.17621,0.20528,0.32313,0.36352,0.60586,0.14378,0.11492,0.16795,0.04741,0.06061,82.6,74.8,91.1,37.0,32.9,26.1,50.2,14.7,24.4,69.0,94.1,56.5,157.2
0,158.4,67.5,25,26.91,1.724,0.23381,0.17124,0.17461,0.20773,0.31562,0.35507,0.59178,0.14556,0.11387,0.16996,0.04805,0.05971,85.5,75.8,94.3,37.2,33.1,26.9,50.2,14.8,25.3,69.0,94.1,56.4,158.4
0,162.5,49.2,50,18.64,1.491,0.22298,0.16166,0.16201,0.19655,0.3074,0.34582,0.57637,0.13741,0.10566,0.16081,0.04256,0.05646,82.9,72.3,91.7,36.4,32.2,23.1,50.2,14.6,23.0,69.0,94.1,56.5,162.5
0,155.3,71.0,42,29.46,1.751,0.23686,0.17596,0.16807,0.21325,0.31806,0.35782,0.59637,0.14957,0.10961,0.17448,0.04692,0.06061,85.8,71.3,94.6,36.8,32.8,26.1,49.4,14.6,24.1,67.9,92.6,55.6,155.3
0,159.1,75.9,18,30.0,1.832,0.24199,0.1844,0.17144,0.22356,0.32388,0.36437,0.60728,0.15674,0.11181,0.18291,0.04908,0.06201,90.6,73.2,99.8,37.8,33.8,26.7,50.6,15.0,25.4,69.6,94.9,57.0,159.1
0,159.0,43.3,20,17.12,1.382,0.22601,0.15717,0.14611,0.19113,0.31325,0.3524,0.58734,0.13359,0.09529,0.15638,0.03804,0.0571,80.6,65.2,89.1,36.9,32.5,20.7,51.1,14.8,20.5,70.3,95.9,57.5,159.0
0,176.9,66.8,57,21.33,1.812,0.22529,0.15755,0.15823,0.19163,0.30665,0.34498,0.57497,0.13392,0.10319,0.15678,0.04166,0.05734,88.8,77.5,98.2,40.4,35.9,24.9,55.0,16.1,24.7,75.6,103.1,61.9,176.9
0,143.6,54.0,45,26.16,1.468,0.24189,0.16835,0.17879,0.20392,0.32934,0.37051,0.61752,0.1431,0.1166,0.16684,0.04656,0.06156,73.5,67.8,80.9,33.6,29.8,24.8,45.7,13.4,21.4,62.9,85.8,51.5,143.6
0,161.3,69.8,60,26.83,1.768,0.24103,0.17189,0.17557,0.20859,0.32502,0.36565,0.60942,0.14611,0.1145,0.17067,0.04832,0.06158,86.7,77.0,95.7,38.7,34.5,27.1,52.2,15.4,25.7,71.8,97.9,58.7,161.3
0,174.2,65.0,50,21.43,1.774,0.23665,0.17519,0.16242,0.21303,0.32234,0.36264,0.60439,0.14891,0.10593,0.1743,0.04592,0.06022,96.5,77.8,106.7,41.5,36.8,25.1,56.5,16.6,26.6,77.7,106.0,63.6,174.2
0,163.3,60.9,63,22.83,1.662,0.22887,0.16537,0.15343,0.20088,0.31177,0.35074,0.58457,0.14056,0.10006,0.16436,0.04074,0.05823,83.9,67.6,92.6,36.9,32.8,22.7,50.3,14.7,21.7,69.2,94.4,56.6,163.3
0,167.6,61.0,18,21.72,1.686,0.23508,0.16369,0.14707,0.19895,0.3207,0.36079,0.60131,0.13914,0.09591,0.16278,0.03952,0.05978,87.2,68.1,96.4,39.9,35.4,22.4,54.4,15.9,22.2,74.8,102.0,61.2,167.6
0,163.2,65.2,55,24.5,1.72,0.22742,0.16205,0.1599,0.19678,0.30838,0.34693,0.57821,0.13774,0.10428,0.161,0.04328,0.05797,85.8,73.6,94.7,38.3,34.1,25.2,52.0,15.3,24.1,71.4,97.4,58.5,163.2
0,158.0,73.5,44,29.47,1.796,0.23901,0.17435,0.17783,0.21137,0.32051,0.36058,0.60096,0.1482,0.11598,0.17294,0.0493,0.0612,86.1,76.3,94.9,37.6,33.6,27.8,50.4,14.9,25.6,69.2,94.4,56.7,158.0
0,147.3,45.7,55,21.09,1.368,0.21901,0.16226,0.15367,0.19697,0.30153,0.33922,0.56536,0.13792,0.10022,0.16115,0.04035,0.05548,75.9,62.5,83.8,32.6,28.8,21.6,44.9,13.1,19.9,61.7,84.2,50.5,147.3
0,163.9,76.6,52,28.51,1.867,0.24619,0.18353,0.18347,0.22272,0.33006,0.37132,0.61886,0.156,0.11965,0.18223,0.0532,0.06304,94.4,82.0,104.1,40.3,36.0,29.2,54.0,16.0,28.8,74.3,101.3,60.8,163.9
0,157.2,52.0,27,21.05,1.508,0.23522,0.16748,0.15107,0.20344,0.32272,0.36306,0.6051,0.14236,0.09852,0.16645,0.04044,0.05968,82.3,64.6,90.9,36.8,32.6,21.6,50.5,14.7,20.9,69.4,94.7,56.8,157.2
0,157.1,51.4,29,20.82,1.497,0.22642,0.16044,0.14947,0.1949,0.31086,0.34972,0.58286,0.13637,0.09748,0.15946,0.0388,0.05743,79.0,64.0,87.2,35.5,31.4,21.4,48.7,14.2,20.1,67.0,91.3,54.8,157.1
0,159.1,70.0,27,27.64,1.758,0.23324,0.18348,0.1594,0.22256,0.31414,0.3534,0.58901,0.15595,0.10395,0.18209,0.04691,0.05962,94.1,71.1,103.8,38.1,34.0,25.4,51.3,15.1,25.3,70.5,96.2,57.7,159.1
0,174.4,85.5,51,28.13,2.035,0.24136,0.17735,0.16632,0.2155,0.32233,0.36262,0.60437,0.15075,0.10847,0.17632,0.04758,0.0619,97.1,79.2,107.3,42.1,37.7,27.6,56.2,16.7,27.4,77.2,105.3,63.2,174.4
0,178.9,88.9,41,27.79,2.102,0.24739,0.17513,0.17592,0.21292,0.33001,0.37126,0.61877,0.14886,0.11473,0.17421,0.04987,0.06348,97.7,85.4,108.0,44.0,39.4,29.5,58.6,17.4,29.3,80.6,109.9,66.0,178.9
0,164.0,51.7,45,19.23,1.535,0.22632,0.16599,0.14922,0.20179,0.31134,0.35026,0.58376,0.14109,0.09732,0.1651,0.04059,0.05735,87.3,68.3,96.5,37.9,33.5,21.9,52.1,15.2,22.5,71.7,97.8,58.7,164.0
0,159.3,56.4,39,22.22,1.58,0.22888,0.16024,0.14603,0.19461,0.31278,0.35188,0.58647,0.1362,0.09523,0.15923,0.03872,0.05816,82.1,65.0,90.6,37.3,33.1,21.9,51.0,14.9,20.9,70.1,95.6,57.4,159.3
0,154.5,66.0,62,27.66,1.683,0.23029,0.17903,0.17063,0.21704,0.31082,0.34967,0.58279,0.15218,0.11128,0.17758,0.04876,0.05881,88.3,73.2,97.3,36.2,32.2,26.4,48.8,14.4,25.3,67.1,91.5,54.9,154.5
0,165.7,66.5,33,24.22,1.749,0.24155,0.16741,0.15361,0.20335,0.32745,0.36839,0.61398,0.1423,0.10018,0.16638,0.04134,0.06158,86.2,68.8,95.2,39.6,35.2,23.3,53.7,15.8,22.4,73.8,100.6,60.4,165.7
0,174.6,61.1,30,20.03,1.721,0.22342,0.16704,0.14644,0.20317,0.30554,0.34374,0.5729,0.14198,0.09551,0.16623,0.04061,0.05676,94.5,72.0,104.5,40.2,35.7,22.8,55.0,16.1,24.2,75.6,103.1,61.9,174.6
0,160.8,67.2,53,26.0,1.733,0.23539,0.17505,0.15681,0.21245,0.3182,0.35797,0.59662,0.14879,0.10227,0.17382,0.04342,0.06008,87.4,68.0,96.4,37.4,33.3,23.8,50.5,14.9,22.8,69.5,94.8,56.9,160.8
0,146.3,45.6,53,21.3,1.361,0.23351,0.17067,0.15829,0.20715,0.32145,0.36163,0.60271,0.14507,0.10323,0.16948,0.04263,0.05916,78.0,62.9,86.1,34.0,30.0,21.8,46.8,13.6,20.5,64.3,87.7,52.6,146.3
0,167.1,91.0,60,32.62,2.055,0.23496,0.19189,0.17798,0.2328,0.31095,0.34982,0.58303,0.1631,0.11607,0.19047,0.05367,0.06048,101.1,81.5,111.5,39.4,35.4,30.0,52.1,15.6,29.8,71.7,97.8,58.7,167.1
0,169.2,89.5,40,31.27,2.051,0.24336,0.17061,0.18471,0.20709,0.32292,0.36328,0.60547,0.14502,0.12046,0.16944,0.05215,0.06258,92.8,87.3,102.3,42.1,37.8,31.7,55.9,16.6,29.8,76.8,104.8,62.9,169.2
0,151.7,61.3,31,26.65,1.608,0.24234,0.17594,0.16942,0.21327,0.32836,0.36941,0.61568,0.14955,0.11049,0.1745,0.04752,0.0618,84.9,71.1,93.5,37.2,33.1,25.5,50.4,14.8,24.1,69.3,94.5,56.7,151.7
0,163.7,81.2,49,30.31,1.922,0.24046,0.17286,0.18519,0.2097,0.32082,0.36092,0.60153,0.14693,0.12077,0.17157,0.05117,0.06169,87.9,81.9,96.9,38.9,34.8,29.7,51.9,15.4,27.4,71.4,97.3,58.4,163.7
0,165.6,66.6,20,24.31,1.751,0.23388,0.16788,0.16856,0.20392,0.31699,0.35661,0.59436,0.1427,0.10993,0.16684,0.0452,0.05963,85.7,74.8,94.6,38.0,33.8,25.4,51.5,15.1,24.3,70.8,96.6,58.0,165.6
0,162.0,71.9,44,27.39,1.799,0.23565,0.16718,0.159,0.20287,0.31717,0.35682,0.59469,0.1421,0.10369,0.16598,0.04356,0.06025,86.4,71.5,95.3,38.8,34.6,25.3,52.2,15.4,23.7,71.8,97.9,58.7,162.0
0,157.1,76.3,36,30.91,1.825,0.24118,0.18405,0.17695,0.22303,0.32234,0.36264,0.60439,0.15645,0.1154,0.18248,0.05051,0.06184,89.3,74.7,98.4,37.3,33.3,27.5,49.8,14.8,25.8,68.5,93.4,56.0,157.1
0,169.4,72.0,39,25.07,1.84,0.24505,0.17367,0.17098,0.211,0.33089,0.37225,0.62041,0.14762,0.11151,0.17264,0.04748,0.06257,91.5,78.3,101.0,41.1,36.6,26.7,55.5,16.3,26.3,76.3,104.0,62.4,169.4
0,159.8,58.8,18,23.03,1.615,0.231,0.16665,0.16517,0.20238,0.31493,0.3543,0.59049,0.14166,0.10772,0.16558,0.04438,0.05875,83.7,72.1,92.3,36.9,32.8,24.5,50.3,14.7,23.4,69.2,94.3,56.6,159.8
0,152.4,41.8,22,18.0,1.33,0.2309,0.15845,0.14705,0.19259,0.3199,0.35989,0.59982,0.13468,0.0959,0.15758,0.03797,0.05834,76.7,61.9,84.8,35.6,31.4,20.3,49.3,14.3,19.3,67.8,92.4,55.5,152.4
0,148.6,52.3,66,23.71,1.47,0.23258,0.16846,0.16196,0.20433,0.31793,0.35767,0.59612,0.14319,0.10563,0.16718,0.04375,0.05909,79.3,66.3,87.5,34.9,30.9,23.4,47.6,13.9,21.7,65.5,89.3,53.6,148.6
0,171.1,80.9,50,27.66,1.961,0.24214,0.18412,0.16794,0.22366,0.3243,0.36484,0.60807,0.15651,0.10953,0.18299,0.04824,0.06203,96.3,76.4,106.4,40.3,36.1,26.7,54.0,16.0,26.6,74.3,101.3,60.8,171.1
0,166.7,78.5,68,28.24,1.906,0.24062,0.18216,0.16346,0.22113,0.3224,0.3627,0.60449,0.15483,0.10661,0.18093,0.04723,0.06163,95.1,74.2,105.0,40.0,35.8,26.3,53.6,15.9,26.0,73.7,100.5,60.3,166.7
0,163.1,69.7,36,26.2,1.777,0.24607,0.18551,0.16203,0.2252,0.33212,0.37363,0.62272,0.15769,0.10567,0.18425,0.04666,0.06284,93.2,70.8,102.8,39.3,35.1,24.7,53.1,15.6,24.7,73.0,99.6,59.7,163.1
0,159.5,55.8,53,21.93,1.572,0.23525,0.16643,0.15959,0.20215,0.32172,0.36193,0.60322,0.14146,0.10408,0.1654,0.04267,0.05976,83.1,69.3,91.8,37.4,33.2,23.3,51.1,14.9,22.4,70.3,95.9,57.5,159.5
0,158.9,43.4,68,17.18,1.384,0.2298,0.1556,0.14298,0.18922,0.31845,0.35825,0.59709,0.13226,0.09325,0.15482,0.03636,0.05806,78.2,62.5,86.5,36.8,32.4,19.8,50.9,14.8,19.2,70.1,95.5,57.3,158.9
0,155.2,53.2,23,22.11,1.515,0.23165,0.17014,0.15723,0.20659,0.31717,0.35681,0.59469,0.14462,0.10254,0.16903,0.04244,0.05882,82.2,66.1,90.8,35.6,31.6,22.5,48.8,14.2,21.6,67.1,91.5,54.9,155.2
0,159.6,58.1,32,22.83,1.605,0.24771,0.1667,0.17149,0.20244,0.33792,0.38016,0.6336,0.1417,0.11184,0.16563,0.045,0.06299,80.9,72.4,89.4,38.3,34.0,24.6,52.2,15.3,23.0,71.8,97.9,58.8,159.6
0,148.1,50.0,53,22.8,1.434,0.23608,0.16072,0.15072,0.19499,0.32353,0.36397,0.60662,0.13661,0.0983,0.15954,0.0393,0.05992,75.5,61.6,83.3,35.3,31.3,21.6,48.4,14.1,19.4,66.5,90.7,54.4,148.1
0,157.5,66.3,50,26.71,1.703,0.2381,0.18001,0.16521,0.21835,0.32172,0.36194,0.60323,0.15301,0.10775,0.17865,0.04651,0.06078,87.9,70.1,96.9,37.0,33.0,24.9,50.0,14.7,23.9,68.7,93.7,56.2,157.5
0,160.4,86.7,41,33.7,1.965,0.24171,0.18254,0.17911,0.22119,0.32012,0.36013,0.60022,0.15516,0.11681,0.18097,0.05156,0.0622,91.7,78.3,101.0,38.7,34.7,29.4,51.2,15.3,27.3,70.4,96.0,57.6,160.4
0,166.6,68.2,44,24.56,1.777,0.23777,0.16085,0.16211,0.19539,0.3219,0.36213,0.60356,0.13673,0.10573,0.15987,0.04347,0.06065,86.1,75.4,95.1,40.5,36.1,25.7,54.8,16.1,24.5,75.4,102.8,61.7,166.6
0,162.2,61.0,66,23.18,1.658,0.22464,0.157,0.15453,0.19068,0.30584,0.34407,0.57345,0.13345,0.10078,0.15601,0.04049,0.05717,81.8,70.0,90.3,37.3,33.1,23.7,50.7,14.9,22.2,69.8,95.1,57.1,162.2
0,167.9,64.9,28,23.01,1.739,0.23668,0.16767,0.1657,0.20374,0.32167,0.36188,0.60313,0.14252,0.10806,0.1667,0.04524,0.06028,89.0,76.5,98.4,40.0,35.6,25.5,54.4,16.0,25.3,74.8,102.0,61.2,167.9
0,171.7,72.4,66,24.56,1.858,0.23544,0.1781,0.16957,0.21644,0.31807,0.35783,0.59639,0.15138,0.11059,0.17709,0.0482,0.06011,95.6,79.1,105.6,40.2,35.8,26.7,54.3,16.0,27.2,74.7,101.9,61.1,171.7
0,169.7,60.2,40,20.89,1.684,0.2457,0.17361,0.16791,0.21107,0.33575,0.37771,0.62952,0.14757,0.1095,0.17269,0.0463,0.06244,91.4,76.8,101.0,41.2,36.5,24.9,56.2,16.4,25.6,77.3,105.4,63.3,169.7
0,165.7,67.4,50,24.54,1.761,0.23099,0.167,0.15956,0.20284,0.31286,0.35196,0.58661,0.14195,0.10406,0.16596,0.04398,0.05891,89.0,74.0,98.3,39.2,34.9,25.2,53.1,15.6,24.7,73.0,99.5,59.7,165.7
0,162.6,68.6,58,25.96,1.76,0.24523,0.18421,0.16401,0.22362,0.33128,0.37269,0.62115,0.15658,0.10696,0.18296,0.0473,0.06261,93.2,72.1,102.8,39.5,35.2,25.1,53.3,15.7,25.2,73.3,100.0,60.0,162.6
0,155.8,60.5,63,24.92,1.618,0.23153,0.16882,0.15846,0.20483,0.31457,0.35389,0.58981,0.1435,0.10334,0.16759,0.04295,0.05897,82.8,67.6,91.3,36.1,32.1,23.6,49.1,14.4,22.2,67.5,92.1,55.2,155.8
0,167.5,73.0,64,25.99,1.843,0.2315,0.17208,0.16862,0.209,0.31202,0.35103,0.58505,0.14627,0.10997,0.171,0.04683,0.05916,90.6,77.2,100.0,38.8,34.6,26.6,52.3,15.4,25.9,71.9,98.0,58.8,167.5
0,173.9,78.3,46,25.89,1.945,0.23899,0.16159,0.16622,0.19639,0.32131,0.36148,0.60246,0.13735,0.10841,0.16068,0.04415,0.06113,87.5,78.3,96.7,41.2,36.8,26.7,55.4,16.4,25.2,76.2,103.9,62.3,173.9
0,164.8,48.3,48,17.79,1.488,0.23905,0.16271,0.15324,0.19788,0.33011,0.37137,0.61895,0.1383,0.09994,0.1619,0.03951,0.06048,82.1,67.2,90.8,38.4,33.9,21.1,53.0,15.4,21.0,72.9,99.4,59.6,164.8
0,175.5,82.6,18,26.8,2.007,0.23745,0.18039,0.16675,0.21925,0.31817,0.35795,0.59658,0.15333,0.10875,0.17939,0.04812,0.06082,99.0,79.6,109.4,41.5,37.1,27.3,55.6,16.5,27.8,76.4,104.2,62.5,175.5
0,152.1,49.7,51,21.45,1.448,0.23177,0.16852,0.1497,0.20461,0.31824,0.35802,0.5967,0.14324,0.09763,0.16741,0.04091,0.05878,82.2,63.5,90.7,36.0,31.9,21.7,49.4,14.4,21.0,68.0,92.7,55.6,152.1
0,154.7,47.7,35,19.96,1.432,0.23072,0.15805,0.15582,0.19201,0.31776,0.35748,0.5958,0.13434,0.10162,0.1571,0.04003,0.05844,77.0,66.0,85.0,35.8,31.6,22.0,49.3,14.3,20.5,67.8,92.4,55.4,154.7
0,168.3,56.5,35,19.93,1.625,0.22656,0.1686,0.14978,0.20499,0.3106,0.34942,0.58237,0.14331,0.09768,0.16772,0.04032,0.0575,88.0,68.0,97.3,37.7,33.4,21.8,51.6,15.1,22.2,71.0,96.8,58.1,168.3
0,164.3,69.9,23,25.89,1.786,0.24281,0.17995,0.17018,0.21849,0.32783,0.36881,0.61469,0.15296,0.11099,0.17876,0.0482,0.062,91.7,75.4,101.2,39.4,35.1,26.1,53.2,15.7,25.8,73.1,99.7,59.8,164.3
0,171.4,68.0,69,23.15,1.8,0.23403,0.17098,0.16851,0.20783,0.31749,0.35718,0.5953,0.14534,0.1099,0.17005,0.04625,0.05965,91.2,78.1,100.8,39.7,35.3,25.9,53.9,15.8,26.0,74.1,101.0,60.6,171.4
0,162.4,47.6,57,18.07,1.466,0.2283,0.14865,0.14825,0.18076,0.31526,0.35466,0.5911,0.12636,0.09669,0.14789,0.03655,0.05776,76.4,66.3,84.5,37.4,33.0,21.1,51.6,15.0,19.8,70.9,96.7,58.0,162.4
0,156.6,64.0,18,26.08,1.668,0.23868,0.16912,0.17424,0.20516,0.32317,0.36357,0.60594,0.14375,0.11363,0.16786,0.04801,0.06088,84.9,76.1,93.7,38.2,34.0,26.9,51.7,15.2,25.4,71.0,96.9,58.1,156.6
0,161.0,48.8,64,18.83,1.478,0.24248,0.16689,0.15548,0.20288,0.33428,0.37606,0.62677,0.14186,0.1014,0.16599,0.0414,0.0614,83.7,67.8,92.5,38.7,34.2,21.8,53.4,15.5,21.9,73.4,100.1,60.0,161.0
0,152.1,57.0,59,24.63,1.551,0.22804,0.16095,0.14931,0.19523,0.31056,0.34938,0.58229,0.13681,0.09737,0.15973,0.0394,0.05803,78.3,63.2,86.4,35.3,31.4,22.3,48.1,14.1,20.2,66.1,90.2,54.1,152.1
0,154.8,60.0,47,25.04,1.607,0.24071,0.17014,0.1631,0.20641,0.32706,0.36795,0.61324,0.14462,0.10637,0.16888,0.04403,0.06131,81.9,68.3,90.3,36.9,32.8,24.0,50.1,14.7,22.3,68.9,94.0,56.4,154.8
0,169.1,79.9,21,27.95,1.938,0.23873,0.17151,0.1722,0.20828,0.31976,0.35973,0.59954,0.14578,0.11231,0.17041,0.04754,0.06116,90.2,78.7,99.6,40.0,35.7,27.7,53.5,15.8,26.3,73.6,100.3,60.2,169.1
0,168.4,92.4,49,32.55,2.079,0.23886,0.16711,0.17936,0.20279,0.31593,0.35542,0.59237,0.14204,0.11698,0.16592,0.04944,0.06149,89.1,83.1,98.2,40.5,36.4,30.5,53.6,16.0,27.7,73.7,100.5,60.3,168.4
0,165.0,51.9,27,19.07,1.542,0.22938,0.16727,0.15305,0.20338,0.31559,0.35504,0.59173,0.14218,0.09982,0.1664,0.04127,0.05812,86.8,69.1,96.0,37.9,33.5,22.1,52.2,15.2,22.6,71.7,97.8,58.7,165.0
0,150.8,54.2,60,23.83,1.507,0.22697,0.16793,0.15471,0.20372,0.30988,0.34862,0.58103,0.14274,0.1009,0.16668,0.04141,0.0577,79.3,63.5,87.5,34.1,30.3,22.3,46.6,13.6,20.6,64.1,87.4,52.4,150.8
0,160.1,58.8,22,22.94,1.617,0.23297,0.17384,0.15212,0.21111,0.31765,0.35736,0.5956,0.14777,0.09921,0.17273,0.04248,0.05925,88.2,67.1,97.4,37.6,33.4,22.8,51.3,15.0,22.7,70.6,96.2,57.7,160.1
0,154.2,61.5,26,25.89,1.623,0.23241,0.17154,0.15691,0.20805,0.31517,0.35457,0.59095,0.14581,0.10233,0.17022,0.04359,0.05924,84.8,67.5,93.5,36.6,32.6,23.9,49.6,14.6,22.7,68.2,93.0,55.8,154.2
0,170.5,72.5,22,24.94,1.853,0.23369,0.16977,0.16148,0.20629,0.31552,0.35496,0.5916,0.14431,0.10531,0.16878,0.0445,0.05968,91.0,75.3,100.5,39.9,35.5,25.5,53.8,15.9,25.1,74.0,100.9,60.6,170.5
0,158.5,56.9,28,22.65,1.583,0.23969,0.16656,0.15278,0.20226,0.32728,0.36819,0.61365,0.14158,0.09964,0.16549,0.04095,0.06093,82.9,66.1,91.5,38.0,33.7,22.4,51.8,15.2,21.4,71.3,97.2,58.3,158.5
0,155.1,53.7,52,22.31,1.521,0.23654,0.17216,0.15737,0.20902,0.32369,0.36415,0.60691,0.14634,0.10263,0.17102,0.04249,0.06007,82.2,65.4,90.7,36.0,31.9,22.3,49.2,14.4,21.4,67.7,92.3,55.4,155.1
0,162.7,52.7,44,19.89,1.543,0.22728,0.16621,0.15819,0.20202,0.31222,0.35124,0.58541,0.14128,0.10317,0.16529,0.04276,0.05763,86.0,71.1,95.0,37.4,33.1,23.1,51.4,15.0,23.3,70.7,96.4,57.8,162.7
0,158.1,71.1,21,28.44,1.768,0.24435,0.17946,0.18328,0.21762,0.32855,0.36962,0.61604,0.15254,0.11953,0.17805,0.05146,0.0625,87.8,77.9,96.7,38.0,34.0,28.1,51.1,15.1,26.5,70.3,95.9,57.5,158.1
0,172.6,77.4,27,26.0,1.927,0.22664,0.17619,0.16938,0.2141,0.30479,0.34289,0.57148,0.14976,0.11047,0.17517,0.04866,0.05797,97.2,81.3,107.4,39.8,35.5,27.8,53.5,15.8,28.3,73.6,100.4,60.2,172.6
0,157.5,69.7,56,28.11,1.747,0.23714,0.16933,0.17382,0.20533,0.31923,0.35914,0.59856,0.14393,0.11336,0.168,0.04801,0.06063,85.5,76.3,94.3,38.1,34.0,27.4,51.3,15.1,25.5,70.6,96.2,57.7,157.5
0,153.0,53.4,50,22.81,1.506,0.23103,0.16062,0.16487,0.19494,0.31599,0.35549,0.59249,0.13652,0.10752,0.1595,0.04298,0.05869,77.5,69.2,85.6,35.5,31.5,23.9,48.6,14.2,21.8,66.8,91.1,54.6,153.0
0,147.9,47.0,55,21.51,1.39,0.23397,0.16121,0.15955,0.19567,0.32173,0.36194,0.60324,0.13703,0.10406,0.16009,0.04181,0.0593,76.0,65.4,83.8,35.1,31.0,22.6,48.3,14.1,20.7,66.3,90.5,54.3,147.9
0,162.3,52.7,25,20.02,1.542,0.23413,0.16123,0.15087,0.19596,0.32155,0.36175,0.60292,0.13704,0.09839,0.16033,0.0401,0.05937,83.9,68.3,92.7,38.8,34.3,22.2,53.3,15.5,22.0,73.2,99.9,59.9,162.3
0,158.7,64.4,66,25.56,1.684,0.24623,0.16959,0.17038,0.2058,0.33355,0.37524,0.6254,0.14415,0.11112,0.16838,0.04546,0.06279,82.1,71.8,90.6,38.0,33.8,25.1,51.4,15.1,23.2,70.7,96.4,57.9,158.7
0,152.8,47.0,41,20.15,1.413,0.22699,0.155,0.15144,0.18828,0.31267,0.35175,0.58626,0.13175,0.09877,0.15404,0.0384,0.05749,74.9,63.6,82.7,34.9,30.9,21.3,48.1,14.0,19.5,66.1,90.2,54.1,152.8
0,170.6,95.8,56,32.93,2.131,0.2446,0.19213,0.18296,0.23321,0.32281,0.36316,0.60527,0.16331,0.11932,0.19081,0.05402,0.06303,99.5,82.4,109.8,40.3,36.3,30.3,53.2,15.9,29.5,73.2,99.8,59.9,170.6
0,167.0,53.7,50,19.25,1.579,0.22281,0.15867,0.15357,0.19293,0.30618,0.34446,0.5741,0.13487,0.10016,0.15786,0.04024,0.05649,84.5,71.1,93.4,37.8,33.4,22.7,51.9,15.1,22.6,71.4,97.3,58.4,167.0
0,162.3,66.4,58,25.19,1.73,0.23538,0.16572,0.16489,0.20119,0.31868,0.35851,0.59752,0.14086,0.10754,0.16461,0.04516,0.06004,86.7,75.0,95.7,39.2,34.9,25.9,53.1,15.6,24.9,73.0,99.5,59.7,162.3
0,171.8,92.6,60,31.39,2.102,0.24558,0.18271,0.18249,0.22186,0.32532,0.36598,0.60997,0.15531,0.11901,0.18152,0.05262,0.06319,96.7,84.0,106.8,41.4,37.2,30.4,54.8,16.3,29.3,75.4,102.8,61.7,171.8
0,167.0,74.3,36,26.62,1.856,0.23238,0.17957,0.16463,0.21806,0.31272,0.35181,0.58635,0.15263,0.10737,0.17841,0.04752,0.05942,95.3,75.9,105.2,39.2,35.0,26.4,52.8,15.6,26.5,72.6,99.0,59.4,167.0
0,156.9,61.0,19,24.78,1.63,0.23542,0.17638,0.16382,0.21404,0.31982,0.3598,0.59966,0.14993,0.10684,0.17513,0.04577,0.05997,86.8,70.1,95.7,36.9,32.8,24.4,50.1,14.7,23.7,68.9,93.9,56.3,156.9
0,155.4,49.3,28,20.4,1.459,0.23288,0.154,0.15531,0.18707,0.32027,0.3603,0.6005,0.1309,0.10129,0.15306,0.03969,0.05902,76.8,67.3,84.8,36.9,32.7,22.5,50.8,14.8,20.8,69.9,95.3,57.2,155.4
0,168.1,53.7,52,19.01,1.583,0.23627,0.16015,0.15926,0.19475,0.3248,0.3654,0.609,0.13613,0.10387,0.15934,0.04157,0.05989,84.6,73.2,93.5,39.7,35.2,23.2,54.6,15.9,23.1,75.1,102.4,61.4,168.1
0,165.2,74.8,34,27.41,1.853,0.23526,0.17526,0.15505,0.21275,0.31616,0.35569,0.59281,0.14897,0.10112,0.17407,0.04423,0.06019,92.9,71.4,102.5,39.7,35.4,25.1,53.3,15.8,24.7,73.3,100.0,60.0,165.2
0,163.7,83.2,59,31.06,1.945,0.24313,0.18251,0.16659,0.22137,0.32372,0.36419,0.60698,0.15513,0.10865,0.18112,0.04823,0.06243,93.9,74.6,103.6,39.8,35.7,27.2,53.0,15.8,26.1,72.9,99.4,59.7,163.7
0,156.7,54.8,20,22.32,1.545,0.23317,0.16473,0.16498,0.20003,0.31887,0.35873,0.59788,0.14002,0.10759,0.16366,0.04404,0.05923,81.7,71.1,90.2,36.8,32.6,24.2,50.3,14.7,23.0,69.2,94.4,56.6,156.7
0,166.6,55.0,39,19.81,1.596,0.23543,0.15877,0.1565,0.19303,0.32305,0.36343,0.60571,0.13496,0.10206,0.15793,0.04048,0.05972,82.8,71.0,91.5,39.1,34.6,22.8,53.6,15.6,22.2,73.8,100.6,60.4,166.6
0,157.4,39.6,52,16.0,1.316,0.23326,0.15553,0.14781,0.18919,0.32443,0.36499,0.60831,0.1322,0.0964,0.15479,0.037,0.05884,76.2,63.0,84.2,36.4,32.0,19.8,50.6,14.6,19.1,69.5,94.8,56.9,157.4
0,161.8,53.3,38,20.35,1.548,0.23402,0.16203,0.1555,0.19691,0.32116,0.3613,0.60217,0.13773,0.10142,0.16111,0.04074,0.05936,82.1,68.5,90.7,37.7,33.4,22.4,51.8,15.1,21.7,71.2,97.1,58.3,161.8
0,172.3,70.1,42,23.59,1.831,0.24144,0.17256,0.16265,0.20975,0.32702,0.3679,0.61316,0.14667,0.10608,0.17161,0.0451,0.06158,92.8,76.1,102.5,41.3,36.8,25.3,56.0,16.5,25.5,77.0,105.0,63.0,172.3
0,158.0,78.8,56,31.56,1.86,0.24128,0.18816,0.17785,0.22801,0.32179,0.36201,0.60335,0.15994,0.11599,0.18655,0.0523,0.06192,93.6,76.9,103.1,38.2,34.2,28.5,50.9,15.1,27.4,70.0,95.5,57.3,158.0
0,151.8,62.1,19,26.96,1.619,0.23069,0.16731,0.15755,0.2028,0.31231,0.35135,0.58558,0.14221,0.10275,0.16593,0.04244,0.05884,80.3,65.8,88.5,35.3,31.4,23.7,47.7,14.0,21.4,65.6,89.5,53.7,151.8
0,155.3,61.1,18,25.33,1.624,0.23991,0.16608,0.16511,0.20148,0.32567,0.36637,0.61062,0.14117,0.10768,0.16485,0.04393,0.06113,80.5,69.6,88.8,37.0,32.9,24.5,50.2,14.7,22.4,69.1,94.2,56.5,155.3
0,169.3,64.4,24,22.47,1.74,0.23598,0.16713,0.16234,0.20314,0.32104,0.36118,0.60196,0.14206,0.10587,0.1662,0.04407,0.06007,89.0,75.2,98.4,40.0,35.6,24.8,54.4,16.0,24.7,74.8,102.1,61.2,169.3
0,164.2,58.7,37,21.78,1.637,0.23691,0.17128,0.16158,0.20813,0.32356,0.364,0.60667,0.14559,0.10538,0.17028,0.04445,0.06022,88.5,72.6,97.7,39.0,34.6,24.0,53.2,15.6,24.2,73.1,99.7,59.8,164.2
0,161.6,79.8,60,30.54,1.892,0.24067,0.17169,0.17572,0.2082,0.32124,0.36139,0.60232,0.14593,0.1146,0.17034,0.04841,0.06174,86.7,77.1,95.5,38.7,34.6,28.1,51.6,15.3,25.7,71.0,96.8,58.1,161.6
0,159.0,62.9,23,24.88,1.667,0.23594,0.1747,0.16437,0.21204,0.32016,0.36017,0.60029,0.1485,0.10719,0.17349,0.04629,0.06013,88.7,72.5,97.8,38.1,33.9,25.2,51.7,15.2,24.7,71.1,97.0,58.2,159.0
0,165.8,46.2,53,16.82,1.459,0.23582,0.16201,0.15105,0.19708,0.32646,0.36727,0.61211,0.13771,0.09851,0.16125,0.03891,0.05961,82.6,67.0,91.4,38.3,33.8,20.7,53.0,15.4,20.9,72.9,99.4,59.6,165.8
0,156.7,52.7,68,21.45,1.514,0.23594,0.16065,0.15119,0.19512,0.32342,0.36385,0.60641,0.13656,0.0986,0.15964,0.03947,0.05988,79.4,65.0,87.7,37.1,32.9,21.9,50.9,14.8,20.5,70.0,95.4,57.2,156.7
0,164.6,56.3,38,20.78,1.604,0.23198,0.15732,0.17347,0.19121,0.31767,0.35738,0.59563,0.13372,0.11313,0.15644,0.04463,0.0589,81.2,77.8,89.7,38.1,33.8,25.5,52.2,15.2,24.2,71.8,97.8,58.7,164.6
0,157.5,54.4,68,21.91,1.543,0.23184,0.16905,0.15655,0.20531,0.31731,0.35697,0.59496,0.14369,0.1021,0.16798,0.04242,0.05888,83.7,67.4,92.4,36.5,32.4,22.7,50.0,14.6,22.1,68.8,93.8,56.3,157.5
0,156.4,64.7,63,26.46,1.677,0.24175,0.17269,0.16616,0.20946,0.32702,0.3679,0.61317,0.14678,0.10836,0.17138,0.04546,0.06168,84.0,70.3,92.7,37.4,33.3,24.9,50.6,14.9,23.3,69.6,95.0,57.0,156.4
0,158.2,59.1,52,23.61,1.611,0.23457,0.16985,0.16662,0.2062,0.31949,0.35943,0.59905,0.14437,0.10866,0.16871,0.04519,0.05969,84.0,71.6,92.7,36.9,32.8,24.6,50.3,14.7,23.5,69.1,94.3,56.6,158.2
0,159.9,60.7,53,23.73,1.642,0.24538,0.16386,0.17204,0.19896,0.33387,0.3756,0.626,0.13928,0.1122,0.16278,0.04572,0.06246,82.4,75.2,91.0,39.3,34.9,25.7,53.4,15.7,24.2,73.5,100.2,60.1,159.9
0,162.2,79.1,25,30.06,1.887,0.24748,0.17995,0.17235,0.21825,0.33066,0.37199,0.61998,0.15295,0.1124,0.17857,0.04854,0.06346,89.7,74.7,98.9,39.3,35.2,27.1,52.5,15.6,25.5,72.2,98.4,59.0,162.2
0,164.1,57.5,67,21.36,1.619,0.22289,0.15545,0.14489,0.1889,0.30478,0.34287,0.57145,0.13213,0.09449,0.15455,0.0384,0.05662,84.2,68.2,93.0,38.4,34.1,22.5,52.5,15.4,21.9,72.2,98.5,59.1,164.1
0,142.0,66.6,21,33.01,1.62,0.24719,0.18168,0.16873,0.21948,0.33131,0.37272,0.62121,0.15443,0.11004,0.17958,0.04675,0.06331,79.6,64.3,87.4,34.5,30.8,24.9,46.2,13.7,21.6,63.5,86.6,52.0,142.0
0,157.0,52.9,60,21.45,1.519,0.23442,0.16386,0.17012,0.19901,0.3213,0.36146,0.60243,0.13928,0.11095,0.16283,0.0445,0.0595,79.7,72.0,88.0,36.3,32.2,24.2,49.8,14.5,22.8,68.4,93.3,56.0,157.0
0,159.8,62.4,33,24.41,1.664,0.23335,0.15723,0.15186,0.19088,0.31693,0.35655,0.59425,0.13365,0.09904,0.15617,0.03997,0.05945,81.2,68.2,89.6,38.4,34.1,23.5,52.1,15.3,21.7,71.6,97.7,58.6,159.8
0,172.7,68.4,20,22.92,1.812,0.24341,0.18547,0.16433,0.22547,0.33027,0.37155,0.61926,0.15765,0.10717,0.18447,0.04779,0.06203,99.3,76.5,109.7,41.5,36.9,25.2,56.3,16.5,26.9,77.4,105.5,63.3,172.7
0,155.2,59.1,24,24.56,1.596,0.24497,0.16471,0.15864,0.19986,0.33323,0.37488,0.62481,0.14,0.10346,0.16352,0.04165,0.06236,79.0,66.2,87.2,37.4,33.2,23.1,50.9,14.9,21.0,70.0,95.4,57.3,155.2
0,163.6,69.4,19,25.93,1.776,0.23686,0.17456,0.15763,0.21192,0.31985,0.35983,0.59972,0.14837,0.1028,0.17339,0.0438,0.06048,89.0,69.9,98.2,38.4,34.3,24.3,51.9,15.3,23.5,71.4,97.3,58.4,163.6
0,172.7,77.2,18,25.89,1.924,0.22664,0.16031,0.1613,0.19481,0.30487,0.34298,0.57164,0.13626,0.1052,0.15939,0.04353,0.05796,89.0,77.9,98.4,40.1,35.8,26.6,53.9,15.9,25.5,74.1,101.1,60.6,172.7
0,153.6,49.9,18,21.16,1.459,0.23251,0.15583,0.15248,0.18924,0.31933,0.35925,0.59875,0.13246,0.09944,0.15483,0.03839,0.05896,74.4,63.3,82.2,35.3,31.3,21.4,48.5,14.1,19.3,66.7,91.0,54.6,153.6
0,165.2,54.2,55,19.87,1.577,0.23532,0.16668,0.15421,0.20262,0.323,0.36338,0.60563,0.14168,0.10057,0.16578,0.04099,0.05969,85.2,68.6,94.2,38.3,33.9,22.1,52.6,15.3,22.1,72.3,98.5,59.1,165.2
0,157.0,90.8,68,36.8,1.99,0.24907,0.1859,0.19556,0.22498,0.32783,0.36881,0.61468,0.15801,0.12754,0.18407,0.0572,0.06424,92.5,84.6,101.8,39.5,35.5,32.7,51.9,15.5,30.0,71.4,97.4,58.4,157.0
0,159.1,56.0,24,22.15,1.574,0.24599,0.17361,0.16292,0.21086,0.33626,0.37829,0.63048,0.14757,0.10625,0.17252,0.04486,0.0625,86.2,70.3,95.2,38.9,34.5,23.7,53.1,15.5,23.4,73.1,99.6,59.8,159.1
0,157.0,66.8,41,27.08,1.707,0.23738,0.174,0.17216,0.21104,0.3205,0.36056,0.60094,0.1479,0.11228,0.17267,0.04793,0.06062,86.3,74.3,95.2,37.5,33.4,26.5,50.6,14.9,25.0,69.6,94.9,56.9,157.0
0,157.5,45.4,22,18.3,1.409,0.23465,0.16196,0.15983,0.19688,0.32431,0.36485,0.60808,0.13767,0.10424,0.16109,0.04132,0.05935,79.1,67.9,87.4,36.5,32.2,21.9,50.4,14.6,21.2,69.3,94.5,56.7,157.5
0,181.0,75.1,38,22.93,1.944,0.23384,0.16455,0.16194,0.20017,0.31627,0.3558,0.593,0.13987,0.10562,0.16378,0.04401,0.05967,94.0,80.5,104.0,42.5,37.9,26.2,57.5,16.9,26.5,79.1,107.8,64.7,181.0
0,168.2,66.6,45,23.53,1.764,0.23764,0.17543,0.15839,0.21317,0.32245,0.36275,0.60459,0.14912,0.1033,0.17441,0.04482,0.06056,93.5,73.4,103.3,40.3,35.9,24.6,54.7,16.1,25.2,75.2,102.6,61.6,168.2
0,170.0,75.3,35,26.06,1.886,0.24798,0.17796,0.16859,0.21619,0.33381,0.37554,0.62589,0.15126,0.10995,0.17688,0.04809,0.0634,95.1,78.3,105.0,42.2,37.6,26.9,56.8,16.8,27.1,78.1,106.5,63.9,170.0
0,165.8,44.0,41,16.0,1.424,0.23404,0.14928,0.14798,0.18163,0.32476,0.36535,0.60892,0.12689,0.09651,0.1486,0.03687,0.0591,79.4,68.4,87.8,39.6,34.9,20.9,55.0,15.9,20.6,75.6,103.1,61.8,165.8
0,151.6,56.8,49,24.74,1.547,0.23985,0.16866,0.1583,0.20456,0.3266,0.36743,0.61238,0.14336,0.10324,0.16737,0.04271,0.06104,80.5,65.7,88.7,36.4,32.4,23.2,49.6,14.5,21.5,68.2,93.0,55.8,151.6
0,165.2,54.0,62,19.78,1.574,0.2396,0.16519,0.15776,0.20081,0.32897,0.37009,0.61681,0.14041,0.10288,0.1643,0.04195,0.06077,85.3,70.8,94.2,39.4,34.8,22.8,54.0,15.8,22.8,74.3,101.3,60.8,165.2
0,169.8,73.3,50,25.41,1.859,0.24436,0.17271,0.16335,0.20983,0.32957,0.37077,0.61795,0.1468,0.10653,0.17168,0.04513,0.06242,90.9,74.8,100.4,41.0,36.5,25.5,55.2,16.3,25.0,76.0,103.6,62.1,169.8
0,156.7,49.5,27,20.16,1.468,0.23329,0.16748,0.15513,0.20348,0.32089,0.361,0.60167,0.14236,0.10117,0.16649,0.04152,0.05912,82.1,66.2,90.7,36.4,32.2,21.9,50.1,14.6,21.4,68.9,93.9,56.4,156.7
0,169.1,59.4,26,20.79,1.671,0.22566,0.16601,0.15278,0.20182,0.30851,0.34707,0.57846,0.14111,0.09964,0.16513,0.04179,0.05733,90.1,72.1,99.6,39.0,34.6,23.3,53.3,15.6,23.9,73.3,99.9,60.0,169.1
0,167.3,64.2,66,22.95,1.728,0.24003,0.17084,0.15647,0.20759,0.32635,0.36715,0.61192,0.14521,0.10205,0.16984,0.04245,0.06112,88.0,70.1,97.2,39.4,35.0,23.4,53.5,15.7,23.0,73.6,100.3,60.2,167.3
0,175.1,61.6,50,20.11,1.732,0.24115,0.16742,0.14614,0.20363,0.32965,0.37086,0.6181,0.14231,0.09531,0.16661,0.03906,0.06127,90.2,68.4,99.7,41.3,36.7,21.7,56.5,16.5,22.1,77.7,105.9,63.6,175.1
0,159.7,56.5,50,22.18,1.583,0.22774,0.17407,0.15355,0.21143,0.31122,0.35012,0.58354,0.14796,0.10014,0.17299,0.04254,0.05787,87.2,66.9,96.2,36.3,32.2,22.5,49.6,14.5,22.4,68.2,93.0,55.8,159.7
0,155.0,47.2,24,19.63,1.426,0.22885,0.16479,0.16382,0.20022,0.31542,0.35485,0.59142,0.14007,0.10684,0.16382,0.04375,0.05795,81.2,70.2,89.7,35.9,31.7,23.2,49.5,14.4,22.7,68.0,92.7,55.6,155.0
0,160.0,45.1,21,17.61,1.416,0.22564,0.15896,0.14883,0.19329,0.3122,0.35123,0.58538,0.13511,0.09706,0.15814,0.03857,0.05704,80.6,65.6,89.1,36.4,32.1,20.9,50.4,14.6,20.6,69.3,94.4,56.7,160.0
0,172.3,84.8,45,28.59,2.015,0.24381,0.16805,0.17629,0.20413,0.32549,0.36618,0.6103,0.14284,0.11497,0.16702,0.04863,0.06254,91.2,83.2,100.7,42.1,37.7,29.3,56.2,16.7,27.8,77.3,105.5,63.3,172.3
0,150.1,43.4,40,19.29,1.346,0.22999,0.16339,0.1409,0.19849,0.3178,0.35753,0.59588,0.13888,0.09189,0.1624,0.0368,0.05818,76.7,57.5,84.7,34.4,30.3,19.3,47.5,13.8,18.2,65.3,89.1,53.4,150.1
0,148.4,51.4,49,23.33,1.456,0.23431,0.16915,0.15249,0.20518,0.32063,0.36071,0.60118,0.14377,0.09945,0.16788,0.04118,0.05951,79.2,62.1,87.4,34.9,31.0,21.8,47.8,14.0,20.3,65.7,89.6,53.8,148.4
0,163.1,72.7,61,27.33,1.815,0.23148,0.15764,0.15697,0.19131,0.31146,0.35039,0.58398,0.13399,0.10237,0.15653,0.04124,0.05919,81.8,70.9,90.3,38.2,34.1,25.0,51.5,15.2,22.5,70.8,96.5,57.9,163.1
0,159.5,55.1,33,21.66,1.562,0.24499,0.16936,0.15954,0.20572,0.33529,0.3772,0.62867,0.14395,0.10405,0.16832,0.04283,0.06222,83.6,68.5,92.3,38.5,34.1,22.9,52.7,15.4,22.2,72.4,98.8,59.3,159.5
0,162.6,55.2,63,20.9,1.579,0.22651,0.16343,0.17351,0.19859,0.31031,0.3491,0.58183,0.13891,0.11316,0.16249,0.0458,0.0575,83.1,76.8,91.8,36.7,32.5,25.3,50.2,14.7,24.5,69.1,94.2,56.5,162.6
0,168.9,71.3,27,24.99,1.829,0.23537,0.16772,0.1655,0.20376,0.31795,0.35769,0.59615,0.14256,0.10794,0.16672,0.04565,0.06009,90.4,77.6,99.9,40.4,36.0,26.4,54.6,16.1,25.9,75.0,102.3,61.4,168.9
0,158.7,73.3,31,29.08,1.798,0.23339,0.17188,0.18269,0.20841,0.31319,0.35234,0.58723,0.1461,0.11915,0.17052,0.05021,0.05974,85.3,78.9,94.1,36.9,33.0,28.5,49.5,14.6,26.2,68.1,92.8,55.7,158.7
0,149.8,44.2,56,19.71,1.356,0.23,0.16126,0.15278,0.19588,0.31751,0.3572,0.59533,0.13707,0.09964,0.16026,0.03956,0.0582,75.7,62.4,83.6,34.4,30.4,21.0,47.4,13.8,19.5,65.2,88.9,53.4,149.8
0,176.4,72.9,53,23.44,1.891,0.23496,0.17551,0.17067,0.21342,0.31786,0.35759,0.59599,0.14919,0.1113,0.17462,0.04868,0.05995,98.3,83.1,108.7,41.9,37.3,27.4,56.7,16.7,28.7,77.9,106.3,63.8,176.4
0,155.7,43.4,51,17.91,1.371,0.2365,0.16049,0.16739,0.1951,0.3274,0.36832,0.61387,0.13642,0.10917,0.15963,0.04275,0.05978,77.1,70.0,85.2,36.2,31.9,22.6,50.1,14.5,21.6,68.9,93.9,56.3,155.7
0,155.3,54.2,41,22.49,1.53,0.23552,0.17133,0.15882,0.20801,0.32212,0.36238,0.60397,0.14563,0.10358,0.17019,0.04333,0.05983,83.4,67.2,92.1,36.5,32.4,23.0,49.9,14.6,22.2,68.6,93.6,56.2,155.3
0,170.0,69.9,35,24.19,1.817,0.23639,0.16587,0.15989,0.20156,0.31993,0.35992,0.59987,0.14099,0.10428,0.16492,0.04335,0.06031,88.9,74.5,98.2,40.3,35.9,25.1,54.6,16.0,24.5,75.0,102.3,61.4,170.0
0,159.9,53.2,33,20.8,1.537,0.23002,0.16791,0.14859,0.20401,0.3155,0.35493,0.59156,0.14272,0.09691,0.16691,0.04011,0.05836,84.4,65.0,93.3,36.8,32.6,21.5,50.5,14.7,21.2,69.4,94.7,56.8,159.9
0,162.1,58.4,58,22.25,1.622,0.23521,0.16783,0.15879,0.20388,0.32107,0.36121,0.60201,0.14266,0.10356,0.16681,0.04272,0.0598,84.9,69.8,93.7,37.9,33.6,23.4,51.7,15.1,22.7,71.1,96.9,58.2,162.1
0,165.8,52.0,54,18.93,1.548,0.23245,0.16398,0.15512,0.19939,0.31986,0.35984,0.59973,0.13939,0.10117,0.16314,0.04118,0.0589,85.5,70.3,94.5,38.6,34.1,22.4,53.1,15.5,22.6,73.0,99.5,59.7,165.8
0,169.9,70.3,58,24.36,1.821,0.23719,0.1706,0.17735,0.20731,0.32086,0.36097,0.60162,0.14501,0.11566,0.16961,0.04901,0.06052,91.2,82.4,100.7,40.3,35.9,27.8,54.6,16.1,27.6,75.0,102.3,61.4,169.9
0,160.2,73.9,42,28.77,1.813,0.24194,0.18195,0.16383,0.22068,0.32469,0.36528,0.60879,0.15466,0.10685,0.18056,0.04656,0.06193,90.2,70.6,99.4,38.2,34.1,25.4,51.2,15.1,24.3,70.4,96.0,57.6,160.2
0,172.8,59.6,25,19.96,1.692,0.23216,0.14885,0.15439,0.18103,0.31776,0.35748,0.5958,0.12653,0.10069,0.14812,0.03896,0.05896,82.6,74.5,91.3,41.0,36.3,23.6,56.1,16.4,22.8,77.2,105.2,63.1,172.8
0,148.0,47.4,41,21.63,1.395,0.22886,0.15409,0.14272,0.18702,0.31458,0.3539,0.58984,0.13098,0.09308,0.15302,0.03627,0.05802,73.0,58.8,80.6,34.5,30.5,20.3,47.4,13.8,18.1,65.2,89.0,53.4,148.0
0,167.7,73.6,37,26.19,1.852,0.2413,0.17731,0.16597,0.21534,0.32503,0.36566,0.60944,0.15071,0.10824,0.17619,0.04672,0.06168,92.3,75.1,101.9,40.0,35.7,26.0,53.9,15.9,25.6,74.1,101.0,60.6,167.7
0,156.8,72.6,65,29.55,1.779,0.24528,0.17148,0.17922,0.20785,0.32906,0.37019,0.61698,0.14576,0.11688,0.17006,0.04802,0.0628,81.5,74.1,89.8,37.1,33.2,27.0,49.8,14.7,24.0,68.5,93.4,56.0,156.8
0,171.8,55.1,47,18.66,1.621,0.23092,0.16229,0.16036,0.1974,0.31738,0.35706,0.59509,0.13795,0.10458,0.16151,0.04192,0.05854,86.5,74.3,95.6,39.2,34.7,23.2,53.8,15.7,23.5,74.0,100.9,60.6,171.8
0,163.5,62.4,37,23.37,1.684,0.2426,0.17291,0.17016,0.21003,0.32996,0.37121,0.61868,0.14698,0.11097,0.17184,0.04619,0.06177,86.4,73.9,95.4,38.6,34.3,25.0,52.5,15.4,24.3,72.1,98.4,59.0,163.5
0,157.9,62.9,35,25.23,1.662,0.24006,0.16506,0.16551,0.20031,0.32559,0.36629,0.61049,0.1403,0.10794,0.16389,0.04438,0.06119,82.4,71.9,90.9,38.2,34.0,25.1,51.8,15.2,23.3,71.2,97.0,58.2,157.9
0,167.0,65.9,21,23.63,1.749,0.23561,0.16424,0.16482,0.19955,0.31976,0.35973,0.59954,0.1396,0.10749,0.16326,0.04442,0.06004,87.0,75.9,96.1,39.7,35.3,25.5,53.9,15.8,24.8,74.1,101.1,60.7,167.0
0,168.6,45.5,65,16.0,1.459,0.22857,0.16096,0.15164,0.19584,0.31692,0.35654,0.59423,0.13681,0.0989,0.16024,0.03929,0.05773,84.7,69.4,93.6,38.3,33.7,21.0,53.1,15.4,21.8,73.0,99.5,59.7,168.6
0,166.9,72.9,53,26.18,1.838,0.2448,0.18076,0.16208,0.21952,0.32987,0.3711,0.6185,0.15365,0.10571,0.17961,0.04614,0.06256,93.4,72.8,103.1,40.3,35.9,25.2,54.3,16.0,25.1,74.6,101.8,61.1,166.9
0,155.5,75.3,23,31.13,1.803,0.23308,0.16979,0.15722,0.20569,0.3116,0.35055,0.58425,0.14432,0.10253,0.16829,0.04344,0.05976,84.6,68.1,93.2,37.0,33.1,25.2,49.4,14.6,22.8,68.0,92.7,55.6,155.5
0,159.2,62.2,20,24.53,1.658,0.23822,0.1661,0.15895,0.20163,0.32354,0.36398,0.60663,0.14119,0.10366,0.16497,0.04274,0.06069,83.3,69.4,92.0,38.0,33.8,24.0,51.7,15.2,22.6,71.1,96.9,58.1,159.2
0,162.5,53.3,35,20.18,1.551,0.2313,0.16017,0.15549,0.19466,0.31751,0.3572,0.59533,0.13614,0.10141,0.15927,0.04051,0.05867,81.8,69.0,90.4,37.6,33.3,22.5,51.6,15.0,21.8,71.0,96.8,58.1,162.5
0,162.2,58.0,64,22.04,1.617,0.23355,0.15277,0.16568,0.1856,0.31898,0.35885,0.59809,0.12986,0.10805,0.15185,0.0421,0.05936,78.7,74.2,86.9,38.3,34.0,24.8,52.3,15.3,22.8,71.9,98.0,58.8,162.2
0,167.6,91.3,57,32.49,2.061,0.23725,0.18136,0.17501,0.22005,0.31401,0.35326,0.58877,0.15415,0.11414,0.18004,0.05096,0.06107,96.3,80.8,106.2,40.1,36.0,29.7,53.1,15.8,28.5,73.0,99.5,59.7,167.6
0,148.8,62.1,35,28.07,1.603,0.23734,0.18017,0.16809,0.21823,0.32085,0.36096,0.6016,0.15314,0.10962,0.17856,0.04697,0.06057,83.2,67.5,91.6,34.9,31.1,24.7,47.1,13.9,22.8,64.8,88.4,53.0,148.8
0,164.8,72.8,40,26.81,1.825,0.23185,0.18013,0.1713,0.21868,0.31216,0.35118,0.5853,0.15311,0.11172,0.17892,0.04882,0.05927,92.6,76.6,102.2,37.9,33.9,26.8,51.1,15.1,26.4,70.2,95.8,57.5,164.8
0,160.5,65.8,52,25.55,1.713,0.24169,0.16871,0.16504,0.20477,0.32715,0.36804,0.6134,0.1434,0.10763,0.16754,0.04449,0.06165,84.1,71.5,92.8,38.3,34.1,24.9,51.9,15.3,23.3,71.4,97.3,58.4,160.5
0,156.8,52.8,23,21.49,1.517,0.2364,0.15957,0.16372,0.1938,0.324,0.3645,0.6075,0.13564,0.10677,0.15857,0.04225,0.06,78.2,69.8,86.4,36.9,32.7,23.5,50.5,14.7,21.8,69.5,94.8,56.9,156.8
0,157.5,57.6,43,23.24,1.587,0.23354,0.16542,0.17115,0.20083,0.3185,0.35831,0.59719,0.14061,0.11162,0.16432,0.0461,0.05939,82.9,74.6,91.5,37.3,33.1,25.5,50.8,14.9,24.3,69.9,95.3,57.2,157.5
0,161.0,61.5,38,23.73,1.659,0.23808,0.17397,0.17729,0.21125,0.3238,0.36428,0.60713,0.14788,0.11563,0.17284,0.04903,0.06062,87.5,77.5,96.5,38.1,33.9,26.5,51.8,15.2,25.9,71.2,97.2,58.3,161.0
0,142.0,53.2,41,26.4,1.449,0.22811,0.16816,0.16198,0.20363,0.31062,0.34945,0.58241,0.14294,0.10564,0.16661,0.04359,0.05805,76.1,63.7,83.8,32.9,29.2,23.5,44.7,13.1,20.8,61.5,83.9,50.3,142.0
0,157.7,77.3,32,31.08,1.841,0.24309,0.17929,0.17495,0.21728,0.32466,0.36524,0.60873,0.1524,0.1141,0.17777,0.04982,0.06235,89.3,75.7,98.3,38.5,34.5,27.9,51.4,15.3,26.1,70.7,96.5,57.9,157.7
0,156.5,71.3,44,29.08,1.76,0.23916,0.17879,0.17796,0.21673,0.32128,0.36144,0.6024,0.15197,0.11606,0.17732,0.05089,0.0612,89.3,77.3,98.4,38.0,34.0,28.1,51.1,15.1,26.8,70.2,95.8,57.5,156.5
0,166.1,52.1,49,18.89,1.551,0.22679,0.15738,0.15243,0.19136,0.31207,0.35108,0.58513,0.13377,0.09941,0.15657,0.03946,0.05747,82.9,69.8,91.6,38.0,33.6,22.2,52.3,15.2,21.9,71.9,98.1,58.9,166.1
0,157.0,61.6,29,24.98,1.639,0.23852,0.16901,0.16813,0.20509,0.32384,0.36433,0.60721,0.14366,0.10965,0.1678,0.04555,0.06077,83.3,72.0,91.8,37.4,33.3,25.1,50.8,14.9,23.6,69.8,95.2,57.1,157.0
0,161.0,70.7,22,27.26,1.778,0.24005,0.18094,0.159,0.21955,0.32337,0.36379,0.60631,0.1538,0.10369,0.17963,0.04577,0.06136,92.2,70.4,101.7,38.9,34.7,24.9,52.4,15.5,24.5,72.1,98.3,59.0,161.0
0,173.0,79.9,24,26.71,1.96,0.23311,0.17128,0.16423,0.20813,0.31279,0.35189,0.58649,0.14559,0.1071,0.17028,0.04616,0.05968,94.3,78.7,104.2,40.9,36.5,27.1,54.8,16.2,26.8,75.4,102.8,61.7,173.0
0,169.3,61.9,39,21.61,1.706,0.23722,0.16312,0.16985,0.19829,0.32353,0.36398,0.60663,0.13865,0.11077,0.16224,0.04462,0.06033,85.3,77.2,94.2,39.5,35.0,25.2,53.8,15.8,24.6,74.0,101.0,60.6,169.3
0,168.6,112.2,44,39.46,2.293,0.24881,0.18812,0.18305,0.22808,0.32284,0.36319,0.60532,0.1599,0.11938,0.18661,0.05459,0.06453,99.8,84.5,110.0,42.0,38.1,32.8,54.5,16.5,30.5,75.0,102.3,61.4,168.6
0,159.1,49.0,32,19.35,1.471,0.22352,0.15643,0.15261,0.19012,0.30788,0.34636,0.57727,0.13296,0.09953,0.15555,0.03914,0.05661,78.8,66.9,87.1,35.8,31.7,21.8,49.4,14.4,20.8,67.9,92.6,55.5,159.1
0,166.2,55.2,56,20.0,1.597,0.22451,0.1631,0.14435,0.19828,0.30795,0.34644,0.57741,0.13863,0.09414,0.16223,0.03868,0.05696,86.6,66.6,95.7,37.9,33.6,21.5,52.0,15.2,21.6,71.5,97.5,58.5,166.2
0,160.9,64.8,62,25.02,1.702,0.22493,0.16125,0.17225,0.19575,0.30486,0.34296,0.57161,0.13706,0.11234,0.16016,0.04626,0.05735,83.9,77.9,92.6,37.2,33.1,27.0,50.5,14.8,25.3,69.4,94.6,56.8,160.9
0,161.2,89.5,52,34.46,2.002,0.23274,0.18478,0.18788,0.2239,0.30748,0.34591,0.57652,0.15707,0.12253,0.18319,0.05483,0.05995,93.9,83.0,103.4,37.6,33.8,31.3,49.7,14.8,29.3,68.4,93.2,55.9,161.2
0,165.3,57.0,43,20.86,1.618,0.23393,0.15816,0.15577,0.19223,0.32018,0.36021,0.60035,0.13444,0.10159,0.15728,0.04095,0.0594,83.9,71.8,92.7,39.5,35.0,23.5,54.0,15.8,22.9,74.3,101.3,60.8,165.3
0,158.4,57.7,40,22.98,1.594,0.22765,0.1583,0.16542,0.19221,0.31056,0.34938,0.5823,0.13455,0.10789,0.15726,0.04241,0.05789,78.0,70.8,86.1,35.7,31.7,24.1,48.7,14.2,22.0,66.9,91.3,54.8,158.4
0,172.7,86.1,30,28.88,2.032,0.2417,0.17942,0.17485,0.21795,0.32234,0.36263,0.60438,0.1525,0.11403,0.17832,0.05038,0.06202,97.3,82.4,107.4,41.7,37.4,29.1,55.6,16.5,28.8,76.5,104.3,62.6,172.7
0,161.4,62.5,43,23.97,1.673,0.2449,0.1738,0.17543,0.21104,0.3328,0.3744,0.62399,0.14773,0.11441,0.17267,0.0479,0.06237,86.1,75.6,95.1,38.6,34.3,25.8,52.5,15.4,25.0,72.2,98.4,59.1,161.4
0,166.7,63.1,20,22.72,1.71,0.23455,0.17117,0.15828,0.20799,0.31919,0.35908,0.59847,0.14549,0.10323,0.17017,0.0435,0.0597,89.3,71.8,98.7,39.0,34.6,23.9,53.0,15.5,23.9,72.9,99.4,59.7,166.7
0,172.4,78.7,46,26.47,1.941,0.23251,0.1688,0.17108,0.20511,0.31228,0.35132,0.58553,0.14348,0.11158,0.16781,0.04748,0.0595,92.4,81.5,102.1,40.5,36.2,28.0,54.4,16.1,27.4,74.8,102.1,61.2,172.4
0,169.5,72.4,19,25.19,1.846,0.23147,0.16316,0.16779,0.19823,0.31242,0.35148,0.5858,0.13868,0.10943,0.16219,0.04583,0.05911,89.4,80.0,98.8,40.4,36.0,27.2,54.5,16.1,26.4,74.9,102.2,61.3,169.5
0,152.9,67.0,45,28.65,1.687,0.24041,0.1787,0.17917,0.21654,0.32388,0.36437,0.60728,0.1519,0.11685,0.17717,0.05001,0.06144,84.8,74.0,93.4,36.3,32.4,27.0,48.9,14.4,25.0,67.3,91.8,55.1,152.9
0,165.5,82.1,40,29.95,1.942,0.23988,0.18266,0.15408,0.22165,0.32006,0.36007,0.60012,0.15526,0.10048,0.18135,0.04529,0.06154,96.9,71.1,106.9,40.5,36.3,25.6,54.0,16.0,25.3,74.3,101.3,60.8,165.5
0,168.3,71.7,53,25.34,1.831,0.22322,0.17096,0.16064,0.20768,0.30132,0.33899,0.56498,0.14532,0.10476,0.16992,0.0446,0.057,90.9,74.3,100.4,37.8,33.7,25.4,51.0,15.0,25.0,70.2,95.7,57.4,168.3
0,168.6,71.8,66,25.27,1.834,0.23853,0.17846,0.16277,0.2168,0.32201,0.36226,0.60377,0.15169,0.10615,0.17738,0.04559,0.06091,92.2,73.1,101.8,39.2,35.0,25.0,52.9,15.6,24.8,72.8,99.3,59.6,168.6
0,154.9,59.9,23,24.94,1.605,0.24028,0.16946,0.16558,0.20559,0.32656,0.36738,0.6123,0.14404,0.10799,0.16821,0.04461,0.06119,81.7,69.4,90.1,36.9,32.8,24.4,50.1,14.7,22.6,68.9,94.0,56.4,154.9
0,158.0,65.3,28,26.13,1.693,0.23814,0.16467,0.15301,0.19979,0.3222,0.36247,0.60412,0.13997,0.09979,0.16346,0.04063,0.06076,81.3,65.7,89.6,37.4,33.3,23.1,50.6,14.9,21.1,69.6,94.9,56.9,158.0
0,169.3,69.5,55,24.27,1.808,0.24339,0.178,0.15271,0.21628,0.32941,0.37059,0.61765,0.1513,0.09959,0.17696,0.04301,0.06209,93.3,69.6,103.1,40.6,36.2,23.5,55.0,16.2,23.7,75.6,103.1,61.9,169.3
0,157.3,59.5,51,24.04,1.613,0.23958,0.17558,0.17844,0.21311,0.32605,0.36681,0.61135,0.14924,0.11637,0.17436,0.04927,0.06098,85.6,75.7,94.5,37.2,33.0,26.1,50.6,14.8,25.3,69.6,94.9,56.9,157.3
0,160.5,75.9,34,29.47,1.839,0.24392,0.18478,0.17962,0.22408,0.32671,0.36754,0.61257,0.15706,0.11714,0.18334,0.05136,0.06249,91.0,76.9,100.3,38.2,34.2,27.8,51.2,15.2,26.6,70.4,96.0,57.6,160.5
0,173.2,93.4,20,31.12,2.119,0.23793,0.17842,0.17507,0.2167,0.31519,0.35459,0.59099,0.15166,0.11418,0.1773,0.05071,0.06122,98.0,83.6,108.2,41.6,37.4,30.1,55.1,16.4,29.3,75.8,103.3,62.0,173.2
0,162.2,48.9,61,18.61,1.485,0.24149,0.16353,0.15516,0.19881,0.33299,0.37461,0.62435,0.139,0.10119,0.16266,0.04114,0.06114,83.8,69.1,92.6,39.4,34.8,22.1,54.3,15.8,22.2,74.7,101.8,61.1,162.2
0,157.6,59.8,63,24.09,1.618,0.23905,0.17084,0.16078,0.20737,0.32526,0.36592,0.60986,0.14522,0.10486,0.16967,0.04441,0.06085,85.8,70.2,94.6,38.2,33.9,24.2,52.0,15.2,23.5,71.5,97.4,58.5,157.6
0,156.5,52.4,51,21.39,1.51,0.23559,0.17271,0.16379,0.20977,0.32301,0.36339,0.60565,0.14681,0.10682,0.17163,0.04506,0.05978,85.0,70.1,93.8,36.9,32.7,23.6,50.6,14.8,23.3,69.6,94.9,56.9,156.5
0,164.8,61.9,39,22.81,1.683,0.23493,0.1725,0.1566,0.20957,0.31987,0.35985,0.59975,0.14662,0.10213,0.17147,0.0434,0.05979,89.5,70.6,98.8,38.8,34.5,23.7,52.8,15.5,23.7,72.6,99.0,59.4,164.8
0,153.4,60.6,46,25.75,1.607,0.23207,0.16632,0.16108,0.2017,0.31493,0.3543,0.59049,0.14137,0.10505,0.16503,0.04389,0.05914,82.3,69.3,90.8,36.6,32.5,24.6,49.6,14.6,22.9,68.2,93.1,55.8,153.4
0,160.8,69.7,46,26.95,1.764,0.23889,0.16477,0.16704,0.19994,0.3221,0.36236,0.60394,0.14006,0.10894,0.16359,0.04504,0.06104,84.1,74.1,92.7,38.8,34.6,26.2,52.3,15.4,24.2,71.9,98.1,58.9,160.8
0,164.8,64.0,22,23.59,1.712,0.24265,0.17344,0.15883,0.21068,0.32965,0.37085,0.61809,0.14742,0.10358,0.17237,0.04347,0.06181,87.9,70.0,97.0,39.1,34.8,23.6,53.2,15.6,23.2,73.1,99.7,59.8,164.8
0,171.3,51.0,27,17.37,1.558,0.22926,0.16269,0.16132,0.19792,0.31635,0.35589,0.59315,0.13829,0.10521,0.16194,0.04243,0.05802,87.3,75.2,96.5,39.1,34.6,23.1,54.0,15.7,24.0,74.3,101.3,60.8,171.3
0,167.0,56.9,27,20.41,1.625,0.24457,0.17003,0.15622,0.2067,0.33498,0.37685,0.62808,0.14452,0.10188,0.16912,0.04238,0.06209,88.3,70.5,97.6,40.4,35.8,22.8,55.4,16.2,23.2,76.1,103.8,62.3,167.0
0,157.6,69.6,26,28.01,1.746,0.2384,0.18099,0.17498,0.21949,0.32099,0.36112,0.60186,0.15385,0.11412,0.17958,0.05004,0.06094,89.8,75.5,99.0,37.7,33.6,27.1,50.7,15.0,26.1,69.7,95.1,57.0,157.6
0,170.5,46.5,38,16.0,1.484,0.23341,0.15385,0.14698,0.18721,0.32347,0.3639,0.6065,0.13077,0.09586,0.15317,0.03783,0.05897,84.8,70.5,93.8,41.0,36.1,21.2,56.8,16.4,22.0,78.0,106.4,63.9,170.5
0,160.5,75.8,30,29.43,1.838,0.23932,0.18744,0.18199,0.22731,0.32058,0.36065,0.60108,0.15932,0.11869,0.18598,0.05352,0.0613,94.7,79.9,104.4,38.5,34.4,28.9,51.5,15.3,28.5,70.9,96.6,58.0,160.5
0,154.1,62.4,27,26.27,1.634,0.23871,0.16481,0.16074,0.19986,0.3234,0.36383,0.60638,0.14009,0.10483,0.16352,0.04224,0.06087,78.6,66.6,86.6,36.2,32.2,23.7,49.1,14.4,21.2,67.5,92.0,55.2,154.1
0,161.3,78.3,55,30.08,1.873,0.24166,0.17675,0.16193,0.21435,0.32301,0.36339,0.60564,0.15024,0.10561,0.17538,0.04625,0.06196,91.2,72.7,100.6,39.7,35.5,26.4,53.1,15.7,25.1,73.0,99.5,59.7,161.3
0,172.3,69.0,28,23.25,1.817,0.2401,0.16728,0.15858,0.20334,0.32553,0.36623,0.61038,0.14219,0.10342,0.16637,0.04283,0.06121,89.5,73.8,98.9,40.9,36.4,24.5,55.5,16.3,24.1,76.3,104.0,62.4,172.3
0,163.6,45.3,21,16.94,1.436,0.22579,0.1464,0.14819,0.17807,0.31266,0.35175,0.58624,0.12444,0.09665,0.14569,0.03656,0.05706,77.2,68.0,85.4,37.9,33.4,21.2,52.5,15.2,20.3,72.2,98.4,59.1,163.6
0,162.6,68.4,63,25.87,1.757,0.23121,0.17094,0.17595,0.20751,0.31241,0.35146,0.58577,0.1453,0.11475,0.16978,0.04839,0.05902,87.3,78.1,96.3,37.6,33.5,27.2,50.8,14.9,26.0,69.8,95.2,57.1,162.6
0,173.6,90.0,48,29.87,2.084,0.24591,0.17284,0.1864,0.20996,0.32687,0.36773,0.61289,0.14692,0.12157,0.17179,0.05218,0.06319,93.5,87.7,103.3,42.4,38.0,31.2,56.3,16.7,29.7,77.4,105.6,63.3,173.6
0,152.8,65.7,66,28.14,1.669,0.23376,0.17208,0.15174,0.20854,0.31536,0.35478,0.5913,0.14627,0.09896,0.17062,0.04171,0.05971,83.0,63.6,91.4,35.9,32.0,23.1,48.4,14.3,21.2,66.6,90.8,54.5,152.8
0,153.8,50.8,69,21.48,1.473,0.2397,0.17085,0.16483,0.20745,0.3289,0.37001,0.61668,0.14522,0.1075,0.16974,0.04364,0.06081,79.6,66.8,87.8,35.5,31.5,22.7,48.8,14.2,21.4,67.0,91.4,54.9,153.8
0,151.5,56.0,51,24.4,1.536,0.23077,0.17271,0.13994,0.20949,0.31452,0.35383,0.58972,0.1468,0.09127,0.1714,0.03858,0.0587,82.8,58.4,91.3,35.2,31.3,20.5,48.0,14.1,19.5,66.0,90.0,54.0,151.5
0,165.0,59.8,59,21.96,1.656,0.23451,0.15777,0.16329,0.19171,0.32001,0.36001,0.60002,0.13411,0.10649,0.15686,0.04253,0.05962,82.5,74.3,91.2,39.0,34.6,24.6,53.3,15.6,23.4,73.3,99.9,59.9,165.0
0,163.6,56.0,52,20.92,1.596,0.22721,0.17004,0.16532,0.20665,0.31113,0.35002,0.58336,0.14454,0.10782,0.16908,0.04503,0.05769,87.1,73.7,96.3,37.1,32.9,24.2,50.8,14.8,24.3,69.8,95.2,57.1,163.6
0,173.0,84.7,56,28.29,2.017,0.23586,0.1754,0.16891,0.2131,0.31504,0.35442,0.5907,0.14909,0.11016,0.17435,0.04829,0.06049,96.4,80.7,106.5,41.3,36.9,28.3,55.1,16.3,27.9,75.8,103.4,62.0,173.0
0,164.2,52.9,56,19.62,1.553,0.23231,0.16463,0.15285,0.20014,0.31922,0.35912,0.59854,0.13994,0.09968,0.16375,0.04135,0.0589,86.8,70.1,95.9,39.0,34.5,22.6,53.6,15.6,22.9,73.6,100.4,60.3,164.2
0,159.8,52.7,50,20.66,1.53,0.22365,0.15937,0.15469,0.19364,0.30689,0.34525,0.57542,0.13546,0.10089,0.15843,0.04059,0.05673,81.3,68.6,89.8,36.3,32.2,22.7,49.8,14.5,21.8,68.5,93.5,56.1,159.8
0,162.5,52.6,25,19.93,1.542,0.23642,0.15873,0.15282,0.19293,0.32476,0.36535,0.60892,0.13492,0.09967,0.15785,0.03918,0.05995,80.1,67.1,88.5,38.0,33.6,21.8,52.2,15.2,20.8,71.8,97.8,58.7,162.5
0,163.3,49.8,49,18.67,1.503,0.22821,0.15515,0.15598,0.18864,0.31451,0.35383,0.58971,0.13188,0.10173,0.15434,0.03972,0.05779,80.0,69.9,88.4,37.4,33.1,22.3,51.6,15.0,21.5,70.9,96.7,58.0,163.3
0,151.1,56.3,50,24.65,1.538,0.23896,0.16624,0.16472,0.20163,0.32552,0.36621,0.61035,0.14131,0.10743,0.16497,0.04308,0.0608,77.0,66.3,84.9,35.2,31.3,23.4,48.0,14.1,21.0,66.0,89.9,54.0,151.1
0,180.9,95.9,25,29.3,2.195,0.24754,0.18093,0.17925,0.22,0.3284,0.36946,0.61576,0.15379,0.1169,0.18,0.05264,0.06365,103.5,89.2,114.4,45.1,40.5,31.3,59.8,17.8,31.7,82.2,112.2,67.3,180.9
0,166.0,64.2,63,23.3,1.721,0.23013,0.17809,0.16294,0.21637,0.31273,0.35183,0.58638,0.15138,0.10627,0.17703,0.04587,0.05861,91.9,73.1,101.5,37.8,33.6,24.6,51.4,15.1,24.9,70.6,96.3,57.8,166.0
0,163.9,50.0,31,18.62,1.509,0.23757,0.16026,0.14987,0.19485,0.32739,0.36831,0.61386,0.13622,0.09774,0.15943,0.03877,0.06016,81.9,66.6,90.5,38.6,34.2,21.2,53.3,15.5,20.9,73.2,99.9,59.9,163.9
0,166.7,77.1,51,27.74,1.889,0.2346,0.17726,0.15781,0.21521,0.31477,0.35412,0.5902,0.15067,0.10292,0.17608,0.04501,0.06006,93.5,72.4,103.2,39.4,35.2,25.5,52.8,15.6,25.0,72.6,99.1,59.4,166.7
0,167.3,89.7,25,32.03,2.041,0.23574,0.17085,0.16111,0.2073,0.31245,0.35151,0.58584,0.14522,0.10507,0.16961,0.04517,0.06064,91.0,74.6,100.4,40.0,35.9,27.3,53.0,15.8,25.3,72.8,99.3,59.6,167.3
0,161.5,56.2,68,21.54,1.588,0.22278,0.16222,0.16248,0.19708,0.30476,0.34285,0.57142,0.13788,0.10597,0.16125,0.04363,0.05659,84.5,73.6,93.4,36.9,32.8,24.5,50.5,14.8,23.9,69.5,94.8,56.9,161.5
0,158.2,55.5,59,22.17,1.562,0.23953,0.17084,0.15745,0.20747,0.32752,0.36846,0.6141,0.14521,0.10268,0.16975,0.04275,0.06085,84.2,67.5,93.0,37.6,33.3,22.8,51.4,15.0,22.2,70.7,96.4,57.8,158.2
0,166.6,72.8,24,26.25,1.836,0.24083,0.16849,0.17215,0.2046,0.3245,0.36507,0.60845,0.14321,0.11227,0.1674,0.04648,0.06155,86.6,77.0,95.6,39.4,35.2,26.7,53.1,15.7,25.2,73.0,99.6,59.7,166.6
0,165.1,86.4,30,31.68,1.99,0.23369,0.17519,0.18355,0.21252,0.31038,0.34918,0.58197,0.14892,0.11971,0.17388,0.05259,0.06006,93.1,84.8,102.7,39.5,35.5,31.1,52.5,15.6,29.4,72.2,98.4,59.1,165.1
0,157.0,54.3,38,22.01,1.538,0.23303,0.16834,0.15422,0.20443,0.31892,0.35879,0.59798,0.14309,0.10058,0.16726,0.0418,0.05918,83.5,66.5,92.2,36.8,32.6,22.5,50.3,14.7,21.8,69.2,94.4,56.6,157.0
0,172.1,56.8,64,19.17,1.648,0.23008,0.14768,0.15055,0.17961,0.31572,0.35518,0.59197,0.12552,0.09819,0.14696,0.03736,0.05837,80.7,71.5,89.2,40.0,35.4,22.5,54.9,16.0,21.5,75.5,102.9,61.8,172.1
0,164.5,72.4,49,26.77,1.819,0.22999,0.18192,0.1679,0.22085,0.30974,0.34845,0.58076,0.15463,0.1095,0.18069,0.04814,0.05879,93.2,74.8,102.9,37.5,33.5,26.2,50.5,14.9,26.0,69.5,94.7,56.8,164.5
0,167.5,77.2,28,27.55,1.896,0.23495,0.176,0.16846,0.2137,0.3153,0.35471,0.59118,0.1496,0.10987,0.17485,0.04777,0.06014,93.1,77.5,102.7,39.5,35.3,27.2,53.1,15.7,26.6,73.0,99.5,59.7,167.5
0,172.0,71.2,31,24.07,1.844,0.24557,0.17776,0.17992,0.21606,0.33219,0.37372,0.62287,0.1511,0.11734,0.17677,0.05052,0.06266,94.2,82.9,104.0,41.4,36.9,27.8,56.0,16.5,28.2,77.0,105.0,63.0,172.0
0,162.6,57.9,28,21.87,1.617,0.22586,0.16325,0.16817,0.19833,0.30857,0.34714,0.57857,0.13876,0.10967,0.16227,0.04473,0.0574,83.9,75.2,92.7,36.9,32.8,25.0,50.5,14.8,24.2,69.4,94.6,56.8,162.6
0,164.7,77.2,19,28.48,1.879,0.22922,0.16375,0.17121,0.19873,0.30722,0.34562,0.57604,0.13918,0.11166,0.16259,0.04651,0.0587,86.3,78.5,95.2,38.5,34.4,27.9,51.5,15.3,25.8,70.9,96.6,58.0,164.7
0,168.0,74.3,51,26.31,1.862,0.23399,0.17485,0.17559,0.21236,0.31504,0.35442,0.5907,0.14862,0.11452,0.17375,0.04961,0.05982,92.9,81.2,102.6,39.6,35.3,28.1,53.3,15.7,27.8,73.3,99.9,60.0,168.0
0,157.6,52.4,61,21.1,1.514,0.22868,0.16322,0.15529,0.19827,0.31366,0.35287,0.58811,0.13874,0.10128,0.16222,0.0411,0.05802,81.2,67.2,89.7,36.2,32.1,22.5,49.7,14.5,21.5,68.3,93.2,55.9,157.6
0,162.9,64.3,64,24.25,1.706,0.23753,0.17116,0.16633,0.20785,0.32235,0.36264,0.6044,0.14549,0.10847,0.17006,0.04548,0.06053,86.9,73.4,95.9,38.4,34.1,25.1,52.1,15.3,24.3,71.6,97.7,58.6,162.9
0,163.4,51.0,34,19.11,1.521,0.22613,0.16677,0.15205,0.20275,0.31125,0.35016,0.58359,0.14176,0.09916,0.16589,0.04099,0.05729,86.1,68.2,95.1,37.1,32.9,21.9,51.1,14.9,22.3,70.3,95.9,57.5,163.4
0,156.0,65.8,31,27.02,1.688,0.23657,0.17774,0.15906,0.21554,0.31961,0.35957,0.59928,0.15108,0.10374,0.17635,0.04453,0.0604,86.5,67.3,95.4,36.7,32.7,24.0,49.5,14.6,22.8,68.1,92.9,55.7,156.0
0,178.3,73.1,42,23.0,1.902,0.23337,0.17757,0.16894,0.21597,0.3159,0.35539,0.59232,0.15094,0.11018,0.1767,0.04868,0.05953,100.6,83.3,111.3,42.1,37.5,27.2,57.0,16.8,29.0,78.4,106.9,64.1,178.3
0,152.9,52.2,65,22.33,1.489,0.23565,0.16567,0.16128,0.2011,0.32272,0.36306,0.6051,0.14082,0.10518,0.16454,0.04302,0.05983,79.9,67.7,88.2,36.2,32.1,23.2,49.6,14.5,21.9,68.2,92.9,55.8,152.9
0,153.7,56.5,44,23.91,1.553,0.23771,0.16253,0.15949,0.19722,0.3241,0.36462,0.6077,0.13815,0.10402,0.16136,0.04224,0.06046,79.4,67.8,87.6,37.0,32.8,23.6,50.4,14.8,21.7,69.3,94.5,56.7,153.7
0,171.4,71.2,25,24.21,1.841,0.23238,0.16765,0.16209,0.20375,0.31428,0.35357,0.58928,0.1425,0.10571,0.1667,0.04465,0.0593,91.5,76.9,101.0,40.4,35.9,25.8,54.6,16.1,25.6,75.0,102.3,61.4,171.4
0,167.4,78.4,34,28.0,1.909,0.25249,0.18124,0.16264,0.22004,0.33843,0.38074,0.63456,0.15405,0.10607,0.18004,0.04631,0.06466,93.5,73.0,103.2,41.5,37.1,25.7,55.6,16.4,25.1,76.4,104.2,62.5,167.4
0,155.5,64.3,22,26.59,1.667,0.23314,0.17529,0.15766,0.21259,0.3154,0.35483,0.59138,0.149,0.10282,0.17394,0.04423,0.05949,86.6,67.7,95.5,36.7,32.6,24.1,49.6,14.6,23.0,68.2,93.0,55.8,155.5
0,166.6,65.0,29,23.42,1.735,0.23826,0.1607,0.16355,0.19524,0.32361,0.36406,0.60677,0.13659,0.10666,0.15974,0.04322,0.0607,84.6,74.8,93.4,39.9,35.5,25.1,54.2,15.9,23.9,74.5,101.6,61.0,166.6
0,172.5,81.5,55,27.38,1.976,0.25201,0.1783,0.16856,0.21662,0.33757,0.37977,0.63294,0.15155,0.10993,0.17724,0.04777,0.06456,95.1,78.2,105.1,42.8,38.3,27.2,57.3,17.0,26.8,78.8,107.5,64.5,172.5
0,162.3,67.8,35,25.74,1.748,0.24004,0.18202,0.16583,0.22096,0.3245,0.36506,0.60844,0.15472,0.10815,0.18078,0.04734,0.06127,91.8,72.7,101.3,38.5,34.3,25.3,52.1,15.3,25.1,71.6,97.6,58.6,162.3
0,180.2,72.6,43,22.36,1.906,0.23528,0.17215,0.16561,0.20941,0.31887,0.35873,0.59788,0.14632,0.10801,0.17134,0.04545,0.05999,95.1,79.6,105.2,41.4,36.8,25.7,56.1,16.5,26.4,77.1,105.1,63.1,180.2
0,150.8,53.5,48,23.54,1.497,0.23632,0.17296,0.15704,0.20983,0.3229,0.36327,0.60544,0.14701,0.10242,0.17168,0.04283,0.06006,81.3,64.2,89.7,35.4,31.4,22.5,48.3,14.1,21.2,66.5,90.6,54.4,150.8
0,167.2,65.6,54,23.45,1.745,0.2307,0.17006,0.15467,0.20662,0.31324,0.35239,0.58732,0.14455,0.10087,0.16906,0.04274,0.05878,90.1,71.3,99.6,38.9,34.6,23.9,52.9,15.5,23.9,72.7,99.1,59.5,167.2
0,170.4,76.1,23,26.2,1.898,0.24386,0.18399,0.16136,0.22352,0.32806,0.36907,0.61512,0.15639,0.10524,0.18288,0.04613,0.06236,95.6,72.9,105.5,40.3,36.0,25.1,54.2,16.0,25.2,74.6,101.7,61.0,170.4
0,168.6,64.2,58,22.59,1.734,0.24671,0.1654,0.16159,0.20101,0.33561,0.37756,0.62927,0.14059,0.10539,0.16447,0.04319,0.06281,86.8,73.8,95.9,41.2,36.6,24.4,56.1,16.4,23.9,77.1,105.2,63.1,168.6
0,161.1,58.4,32,22.5,1.617,0.22824,0.16254,0.16357,0.19742,0.31145,0.35038,0.58397,0.13816,0.10668,0.16153,0.04324,0.05803,82.5,72.2,91.1,36.9,32.7,24.3,50.3,14.7,23.1,69.2,94.3,56.6,161.1
0,160.5,86.6,59,33.61,1.965,0.24324,0.18286,0.1664,0.22158,0.3222,0.36248,0.60413,0.15543,0.10852,0.18129,0.04803,0.06259,92.1,72.9,101.5,39.0,35.0,27.3,51.7,15.4,25.5,71.1,96.9,58.1,160.5
0,165.5,77.3,66,28.21,1.885,0.23512,0.16806,0.1702,0.20399,0.31523,0.35463,0.59105,0.14285,0.111,0.1669,0.04641,0.06021,87.2,76.8,96.2,38.8,34.7,27.2,52.0,15.4,25.3,71.6,97.6,58.5,165.5
0,168.0,59.7,43,21.13,1.669,0.23194,0.16396,0.15989,0.1993,0.3169,0.35651,0.59419,0.13936,0.10428,0.16306,0.04273,0.05894,86.9,73.7,96.0,39.1,34.7,24.0,53.4,15.6,23.8,73.5,100.2,60.1,168.0
0,166.6,73.5,68,26.5,1.845,0.23622,0.1711,0.15733,0.20776,0.31806,0.35782,0.59637,0.14543,0.1026,0.16999,0.04415,0.06039,91.4,73.1,100.9,40.2,35.9,25.4,54.1,16.0,24.8,74.4,101.4,60.9,166.6
0,169.6,70.6,29,24.54,1.823,0.24396,0.18453,0.17806,0.22422,0.32989,0.37113,0.61855,0.15685,0.11613,0.18345,0.05114,0.06226,96.0,80.5,106.0,40.4,36.0,27.2,54.6,16.1,28.0,75.1,102.4,61.4,169.6
0,155.6,62.2,58,25.7,1.64,0.23485,0.17272,0.16184,0.20952,0.31846,0.35826,0.5971,0.14681,0.10555,0.17143,0.04456,0.05987,84.4,68.8,93.1,36.5,32.5,24.3,49.6,14.6,22.9,68.1,92.9,55.8,155.6
0,161.0,63.8,64,24.61,1.688,0.23342,0.17358,0.16319,0.21074,0.31671,0.3563,0.59383,0.14755,0.10643,0.17242,0.0452,0.05949,87.5,71.6,96.6,37.5,33.3,24.7,50.8,14.9,24.0,69.9,95.3,57.2,161.0
0,156.1,71.7,31,29.44,1.764,0.24737,0.18786,0.17473,0.22769,0.33206,0.37357,0.62261,0.15968,0.11395,0.18629,0.05006,0.06331,89.3,72.3,98.4,37.4,33.5,26.4,50.3,14.9,25.1,69.1,94.3,56.6,156.1
0,159.9,65.2,18,25.5,1.701,0.24187,0.16438,0.15146,0.1995,0.32754,0.36848,0.61413,0.13972,0.09878,0.16323,0.04069,0.06169,83.4,66.8,92.0,39.1,34.8,23.3,52.9,15.6,21.7,72.7,99.2,59.5,159.9
0,169.4,68.3,34,23.79,1.793,0.23415,0.17071,0.17148,0.20745,0.31732,0.35699,0.59498,0.1451,0.11183,0.16973,0.04698,0.0597,90.0,78.6,99.4,39.3,35.0,26.4,53.2,15.6,26.1,73.2,99.8,59.9,169.4
0,163.2,76.5,50,28.71,1.862,0.24493,0.18662,0.16193,0.22644,0.32829,0.36932,0.61554,0.15863,0.1056,0.18527,0.04795,0.06273,96.9,73.1,106.8,40.5,36.2,26.1,54.2,16.0,26.2,74.6,101.7,61.0,163.2
0,180.2,81.3,46,25.02,2.017,0.24492,0.17357,0.16596,0.2111,0.32925,0.37041,0.61735,0.14754,0.10823,0.17272,0.04668,0.06265,97.8,81.3,108.1,43.9,39.2,27.2,59.1,17.4,27.7,81.2,110.7,66.4,180.2
0,163.8,65.9,62,24.55,1.731,0.24328,0.17645,0.16811,0.21428,0.32976,0.37098,0.6183,0.14998,0.10964,0.17532,0.04723,0.06203,90.5,75.0,99.9,39.7,35.4,25.7,53.9,15.8,25.5,74.1,101.0,60.6,163.8
0,162.9,67.3,48,25.37,1.745,0.24081,0.17829,0.1766,0.21647,0.32579,0.36652,0.61086,0.15155,0.11518,0.17711,0.04966,0.06144,90.2,77.7,99.5,38.8,34.5,26.9,52.5,15.4,26.4,72.1,98.3,59.0,162.9
0,163.2,63.1,25,23.67,1.691,0.24533,0.16432,0.15798,0.19957,0.33343,0.37511,0.62518,0.13967,0.10303,0.16329,0.04161,0.06248,82.8,69.2,91.4,39.3,35.0,23.5,53.5,15.7,22.1,73.5,100.2,60.1,163.2
0,158.2,60.2,47,24.08,1.627,0.22849,0.16888,0.15788,0.205,0.31082,0.34967,0.58278,0.14355,0.10297,0.16773,0.04309,0.05817,84.7,68.8,93.4,36.5,32.4,23.7,49.6,14.5,22.7,68.2,93.0,55.8,158.2
0,162.1,57.2,30,21.76,1.605,0.23589,0.17031,0.17128,0.20691,0.32243,0.36274,0.60456,0.14476,0.1117,0.16929,0.04607,0.05994,84.9,74.3,93.8,37.4,33.2,24.7,51.2,15.0,24.2,70.4,96.0,57.6,162.1
0,170.2,61.3,33,21.16,1.702,0.24331,0.17159,0.16557,0.20861,0.33215,0.37367,0.62278,0.14585,0.10798,0.17068,0.04498,0.06185,89.7,75.3,99.2,40.5,35.9,24.4,55.3,16.2,24.8,76.0,103.7,62.2,170.2
0,163.3,54.1,19,20.29,1.566,0.23375,0.15977,0.16029,0.19419,0.32069,0.36077,0.60129,0.13581,0.10454,0.15888,0.04182,0.0593,82.3,71.8,90.9,38.3,33.9,23.4,52.6,15.3,22.7,72.3,98.5,59.1,163.3
0,157.1,46.8,62,18.98,1.43,0.23122,0.15604,0.14728,0.18965,0.31902,0.3589,0.59816,0.13264,0.09605,0.15517,0.0374,0.05852,77.0,63.2,85.1,36.3,32.1,20.6,50.1,14.6,19.4,68.9,94.0,56.4,157.1
0,156.2,50.5,35,20.71,1.481,0.21964,0.16025,0.15292,0.19466,0.30173,0.33945,0.56574,0.13621,0.09973,0.15927,0.03992,0.05569,79.2,65.7,87.5,34.6,30.6,22.0,47.5,13.8,20.8,65.3,89.0,53.4,156.2
0,159.4,59.3,52,23.34,1.621,0.23178,0.16666,0.15932,0.20236,0.31576,0.35523,0.59205,0.14166,0.10391,0.16557,0.04295,0.05897,83.9,69.7,92.6,37.1,33.0,23.8,50.6,14.8,22.8,69.5,94.8,56.9,159.4
0,163.0,65.0,62,24.47,1.716,0.22626,0.17286,0.155,0.20991,0.30685,0.3452,0.57533,0.14693,0.10109,0.17174,0.04353,0.05767,90.1,70.3,99.5,37.6,33.4,24.1,50.9,15.0,23.9,70.0,95.5,57.3,163.0
0,170.6,66.8,36,22.96,1.78,0.24077,0.18014,0.15293,0.21895,0.32693,0.36779,0.61299,0.15311,0.09974,0.17914,0.04353,0.06134,95.4,70.5,105.5,40.6,36.1,23.3,55.1,16.2,24.3,75.8,103.4,62.0,170.6
0,153.4,37.9,30,16.11,1.271,0.22196,0.15856,0.14113,0.19284,0.30897,0.34759,0.57932,0.13477,0.09204,0.15778,0.03701,0.05597,78.8,61.0,87.2,35.1,30.9,19.5,48.9,14.1,19.4,67.2,91.7,55.0,153.4
0,160.3,80.8,68,31.43,1.897,0.23466,0.18218,0.18191,0.22084,0.31267,0.35176,0.58627,0.15485,0.11864,0.18069,0.05276,0.06024,92.7,80.5,102.2,38.0,34.1,29.7,50.7,15.0,28.3,69.7,95.0,57.0,160.3
0,163.5,77.3,21,28.92,1.874,0.25137,0.17097,0.17106,0.20744,0.33668,0.37877,0.63128,0.14532,0.11156,0.16972,0.04725,0.06439,87.9,76.4,96.9,41.1,36.8,27.4,55.1,16.3,25.6,75.7,103.3,62.0,163.5
0,150.0,58.4,36,25.94,1.56,0.24515,0.17147,0.17644,0.20786,0.33301,0.37464,0.6244,0.14575,0.11507,0.17007,0.04738,0.06245,79.3,70.9,87.4,36.1,32.1,25.4,49.0,14.4,23.1,67.4,91.9,55.1,150.0
0,156.8,81.8,67,33.26,1.888,0.24394,0.18116,0.17664,0.2194,0.32409,0.3646,0.60766,0.15399,0.1152,0.17951,0.05074,0.06269,90.0,76.3,99.1,38.6,34.6,28.7,51.2,15.2,26.5,70.5,96.1,57.7,156.8
0,157.9,50.8,42,20.37,1.492,0.24468,0.16144,0.1523,0.19615,0.33624,0.37827,0.63045,0.13723,0.09932,0.16049,0.03959,0.06203,79.6,65.3,87.9,38.4,34.0,21.6,52.7,15.4,20.5,72.5,98.9,59.3,157.9
0,157.1,81.8,55,33.15,1.889,0.24439,0.18431,0.18549,0.22323,0.32474,0.36533,0.60889,0.15666,0.12097,0.18265,0.05368,0.06281,91.1,79.7,100.3,38.4,34.5,29.9,51.1,15.2,27.9,70.2,95.8,57.5,157.1
0,163.8,54.8,68,20.41,1.578,0.23303,0.17025,0.16052,0.20692,0.31953,0.35947,0.59912,0.14471,0.10469,0.1693,0.04338,0.05913,86.4,70.8,95.5,37.6,33.3,23.1,51.6,15.1,23.2,71.0,96.8,58.1,163.8
0,161.4,65.2,48,25.04,1.71,0.23328,0.17431,0.17144,0.21161,0.31609,0.3556,0.59267,0.14816,0.11181,0.17314,0.04756,0.05948,87.9,75.2,97.0,37.4,33.3,26.0,50.7,14.9,25.2,69.8,95.1,57.1,161.4
0,158.7,48.8,53,19.36,1.467,0.23973,0.16928,0.14982,0.20574,0.33024,0.37152,0.61919,0.14389,0.09771,0.16833,0.04019,0.06072,83.4,64.2,92.1,37.6,33.2,20.9,51.8,15.1,20.8,71.2,97.1,58.2,158.7
0,165.4,66.0,21,24.11,1.741,0.22436,0.16383,0.16857,0.199,0.30429,0.34232,0.57054,0.13926,0.10994,0.16282,0.04527,0.05719,85.8,76.8,94.8,37.4,33.3,26.1,50.8,14.9,25.0,69.8,95.2,57.1,165.4
0,174.2,77.9,56,25.68,1.942,0.23391,0.17542,0.17148,0.21321,0.31464,0.35397,0.58995,0.1491,0.11184,0.17444,0.04909,0.05982,97.5,82.9,107.7,41.4,36.9,28.2,55.7,16.4,28.7,76.5,104.4,62.6,174.2
0,173.6,70.6,24,23.42,1.846,0.22725,0.16729,0.16599,0.20337,0.30779,0.34626,0.57711,0.1422,0.10825,0.1664,0.04508,0.05796,90.8,78.3,100.3,39.2,34.9,25.9,53.2,15.6,25.7,73.1,99.7,59.8,173.6
0,149.4,60.6,33,27.15,1.586,0.23496,0.1658,0.15938,0.20091,0.31829,0.35807,0.59679,0.14093,0.10394,0.16438,0.04257,0.05992,78.4,65.5,86.4,35.4,31.5,23.8,47.9,14.1,21.2,65.9,89.8,53.9,149.4
0,166.4,67.7,65,24.45,1.77,0.24042,0.17324,0.16367,0.21043,0.32561,0.36632,0.61053,0.14725,0.10674,0.17217,0.04555,0.06132,90.5,74.4,100.0,40.0,35.6,25.3,54.2,15.9,25.1,74.5,101.6,60.9,166.4
0,161.3,57.2,22,22.0,1.601,0.23663,0.17315,0.16388,0.21034,0.32332,0.36373,0.60622,0.14718,0.10688,0.1721,0.04516,0.06013,87.3,71.9,96.4,38.0,33.7,24.0,51.9,15.2,24.0,71.4,97.3,58.4,161.3
0,163.6,58.4,64,21.84,1.629,0.24313,0.1719,0.16373,0.20886,0.33208,0.37359,0.62264,0.14612,0.10678,0.17089,0.04449,0.06179,86.7,71.8,95.8,39.0,34.6,23.8,53.3,15.6,23.6,73.3,100.0,60.0,163.6
0,159.8,70.5,40,27.6,1.769,0.24989,0.17615,0.17417,0.21368,0.3365,0.37856,0.63094,0.14972,0.11359,0.17483,0.04847,0.06388,87.4,75.1,96.4,39.5,35.2,26.8,53.1,15.7,25.3,73.1,99.6,59.8,159.8
0,163.3,57.4,53,21.52,1.613,0.231,0.16567,0.16342,0.2013,0.31582,0.3553,0.59217,0.14082,0.10658,0.1647,0.04411,0.05869,85.9,73.7,94.9,38.1,33.8,24.4,52.1,15.2,24.1,71.6,97.7,58.6,163.3
0,163.5,75.1,49,28.1,1.847,0.24744,0.17292,0.1622,0.20985,0.33216,0.37368,0.62281,0.14698,0.10578,0.17169,0.04566,0.06333,90.4,73.7,99.7,41.2,36.8,26.2,55.3,16.3,25.1,76.0,103.6,62.2,163.5
0,158.6,74.4,41,29.6,1.811,0.24593,0.17503,0.16744,0.21221,0.32959,0.37079,0.61798,0.14878,0.1092,0.17363,0.04593,0.06299,85.0,70.7,93.7,38.0,34.0,25.7,51.0,15.1,23.5,70.1,95.5,57.3,158.6
0,156.4,44.3,42,18.11,1.387,0.23012,0.15053,0.14842,0.18299,0.31833,0.35813,0.59688,0.12795,0.09679,0.14972,0.03728,0.05818,75.8,65.0,83.7,36.9,32.5,21.0,51.0,14.8,19.7,70.1,95.6,57.4,156.4
0,159.4,74.1,62,29.15,1.812,0.23408,0.17452,0.16717,0.21163,0.31394,0.35319,0.58864,0.14834,0.10903,0.17315,0.04684,0.05993,88.0,73.3,97.0,37.6,33.6,26.5,50.4,14.9,24.9,69.3,94.5,56.7,159.4
0,164.1,91.9,45,34.13,2.047,0.25268,0.18614,0.18679,0.22566,0.33356,0.37526,0.62543,0.15822,0.12182,0.18463,0.05449,0.0651,95.0,82.9,104.7,41.1,36.9,31.1,54.2,16.2,29.3,74.5,101.6,61.0,164.1
0,166.6,69.6,36,25.1,1.795,0.2476,0.17565,0.16176,0.21335,0.3347,0.37653,0.62756,0.1493,0.1055,0.17456,0.04472,0.06319,89.7,71.8,99.1,40.3,35.9,24.6,54.4,16.0,24.0,74.8,102.0,61.2,166.6
0,168.3,75.4,24,26.62,1.878,0.24423,0.17683,0.17406,0.21477,0.32848,0.36954,0.6159,0.15031,0.11352,0.17572,0.04946,0.06246,93.8,80.3,103.5,41.2,36.8,27.8,55.4,16.4,27.6,76.2,104.0,62.4,168.3
0,159.1,72.6,61,28.68,1.792,0.23862,0.17435,0.17902,0.21144,0.32048,0.36054,0.6009,0.1482,0.11675,0.173,0.04985,0.06106,87.1,77.8,96.1,38.0,33.9,28.0,51.0,15.1,26.2,70.1,95.6,57.4,159.1
0,164.4,62.0,58,22.95,1.683,0.22618,0.16861,0.15905,0.20484,0.30787,0.34635,0.57726,0.14332,0.10373,0.16759,0.04369,0.05757,88.3,72.4,97.5,37.7,33.5,24.3,51.3,15.0,24.1,70.5,96.2,57.7,164.4
0,169.0,70.9,34,24.8,1.824,0.23941,0.17088,0.16554,0.20761,0.32356,0.364,0.60667,0.14524,0.10796,0.16986,0.04569,0.06111,90.6,76.3,100.0,40.4,36.0,25.9,54.6,16.1,25.5,75.1,102.4,61.4,169.0
0,170.4,55.9,19,19.23,1.626,0.22131,0.16941,0.14848,0.20603,0.30381,0.34178,0.56964,0.144,0.09683,0.16857,0.04106,0.05613,92.3,70.3,102.0,38.4,34.0,22.2,52.7,15.4,23.5,72.4,98.8,59.3,170.4
0,162.1,64.7,33,24.62,1.707,0.23174,0.16858,0.15822,0.20468,0.31427,0.35356,0.58926,0.14329,0.10319,0.16747,0.04338,0.05907,86.8,70.9,95.8,38.0,33.8,24.4,51.5,15.1,23.5,70.8,96.6,58.0,162.1
0,161.0,67.8,56,26.17,1.742,0.24048,0.18633,0.1651,0.22614,0.3249,0.36552,0.60919,0.15838,0.10768,0.18502,0.0479,0.06139,93.2,71.8,102.8,38.3,34.1,25.1,51.7,15.2,25.2,71.1,97.0,58.2,161.0
0,163.8,70.4,35,26.25,1.79,0.24686,0.17333,0.17493,0.21042,0.33303,0.37466,0.62444,0.14733,0.11408,0.17216,0.0489,0.06306,89.8,78.8,99.1,40.7,36.3,27.5,54.9,16.2,26.7,75.5,103.0,61.8,163.8
0,154.7,69.0,56,28.82,1.721,0.24264,0.17623,0.17118,0.21359,0.32647,0.36728,0.61213,0.1498,0.11164,0.17475,0.04735,0.06205,84.5,71.4,93.1,37.0,33.0,26.0,49.8,14.7,23.9,68.5,93.4,56.0,154.7
0,161.2,54.8,18,21.08,1.566,0.2337,0.16012,0.14901,0.19455,0.32015,0.36017,0.60029,0.1361,0.09718,0.15918,0.03888,0.05933,81.3,65.8,89.8,37.8,33.5,21.8,51.7,15.1,20.8,71.1,97.0,58.2,161.2
0,167.6,61.7,20,21.97,1.694,0.22961,0.15651,0.1583,0.19022,0.31303,0.35216,0.58694,0.13303,0.10324,0.15563,0.04144,0.0584,84.1,74.0,92.9,39.3,34.9,24.4,53.6,15.7,23.4,73.6,100.4,60.2,167.6
0,166.9,92.4,38,33.19,2.07,0.23978,0.18068,0.18736,0.21918,0.31687,0.35648,0.59413,0.15358,0.12219,0.17933,0.05345,0.06175,93.1,83.9,102.7,39.3,35.4,31.1,52.0,15.5,29.0,71.4,97.4,58.5,166.9
0,160.7,60.5,47,23.44,1.643,0.23082,0.16055,0.15811,0.19496,0.31422,0.3535,0.58917,0.13647,0.10312,0.15951,0.04199,0.05875,82.7,70.8,91.3,37.8,33.6,24.1,51.5,15.1,22.8,70.8,96.6,57.9,160.7
0,164.0,66.9,28,24.88,1.746,0.23467,0.17117,0.17234,0.20786,0.31776,0.35748,0.59581,0.1455,0.11239,0.17007,0.04779,0.05985,89.0,77.9,98.2,38.8,34.6,26.7,52.6,15.5,26.2,72.3,98.6,59.2,164.0
0,156.9,58.5,39,23.77,1.597,0.22968,0.16504,0.16601,0.20032,0.31286,0.35197,0.58661,0.14028,0.10827,0.1639,0.0443,0.05844,81.6,71.4,90.0,36.1,32.1,24.6,49.2,14.4,23.1,67.7,92.3,55.4,156.9
0,167.3,58.5,64,20.91,1.649,0.23189,0.16891,0.15387,0.20532,0.31712,0.35676,0.5946,0.14357,0.10035,0.16799,0.04143,0.05891,87.4,69.3,96.6,38.2,33.9,22.5,52.3,15.3,22.6,71.9,98.0,58.8,167.3
0,162.0,83.1,42,31.69,1.934,0.23633,0.18555,0.16984,0.22497,0.31442,0.35372,0.58953,0.15772,0.11077,0.18407,0.04989,0.0607,95.2,75.7,104.9,38.6,34.6,27.9,51.3,15.3,26.9,70.6,96.2,57.7,162.0
0,160.6,56.7,20,21.98,1.591,0.23117,0.16341,0.1583,0.1985,0.31596,0.35546,0.59243,0.1389,0.10324,0.16241,0.04234,0.05874,83.6,70.4,92.3,37.7,33.4,23.6,51.5,15.0,22.8,70.8,96.5,57.9,160.6
0,160.0,50.8,47,19.85,1.504,0.23114,0.17366,0.14554,0.21104,0.31785,0.35758,0.59596,0.14761,0.09492,0.17267,0.04018,0.05858,87.1,63.5,96.2,36.9,32.6,20.8,50.7,14.8,21.2,69.8,95.1,57.1,160.0
0,162.1,58.5,41,22.27,1.623,0.22878,0.16035,0.16138,0.19479,0.31227,0.3513,0.5855,0.1363,0.10525,0.15937,0.04228,0.05816,81.9,71.7,90.5,37.2,33.0,24.0,50.8,14.9,22.7,69.8,95.2,57.1,162.1
0,159.5,43.5,62,17.11,1.388,0.23062,0.15729,0.1394,0.19128,0.31959,0.35954,0.59924,0.13369,0.09091,0.1565,0.03577,0.05827,79.3,61.2,87.7,37.0,32.7,19.4,51.3,14.9,19.0,70.6,96.2,57.7,159.5
0,167.0,60.0,53,21.53,1.668,0.23767,0.16416,0.16624,0.19952,0.3245,0.36506,0.60844,0.13953,0.10842,0.16324,0.04423,0.06042,85.8,75.6,94.8,39.6,35.1,24.8,54.0,15.8,24.3,74.3,101.3,60.8,167.0
0,159.8,52.1,40,20.4,1.521,0.22939,0.16537,0.15916,0.20094,0.31499,0.35436,0.5906,0.14056,0.1038,0.1644,0.043,0.05817,84.6,70.8,93.4,37.3,33.0,23.3,51.3,14.9,23.1,70.5,96.1,57.7,159.8
0,173.3,80.2,25,26.71,1.966,0.22974,0.15871,0.16753,0.19286,0.30823,0.34675,0.57792,0.1349,0.10926,0.15779,0.04506,0.05882,88.7,81.4,98.0,40.9,36.5,28.0,54.8,16.2,26.5,75.4,102.8,61.7,173.3
0,172.5,63.8,21,21.45,1.748,0.24521,0.16479,0.16044,0.20037,0.3342,0.37597,0.62662,0.14007,0.10464,0.16394,0.0421,0.06238,86.5,73.2,95.6,41.0,36.4,23.7,55.8,16.4,23.3,76.8,104.7,62.8,172.5
0,156.4,68.4,67,27.96,1.724,0.23696,0.17372,0.16962,0.21064,0.31928,0.35919,0.59865,0.14766,0.11062,0.17234,0.04692,0.06056,85.2,72.4,94.0,37.0,33.0,26.0,49.9,14.7,24.2,68.6,93.5,56.1,156.4
0,163.0,81.0,56,30.5,1.915,0.23479,0.18736,0.17015,0.22726,0.31321,0.35236,0.58726,0.15926,0.11097,0.18594,0.05,0.06024,95.7,75.6,105.5,38.2,34.2,27.5,50.9,15.1,26.9,70.0,95.5,57.3,163.0
0,158.1,68.6,60,27.46,1.736,0.23944,0.17267,0.15883,0.20943,0.3228,0.36315,0.60525,0.14677,0.10358,0.17135,0.04423,0.06118,86.8,69.4,95.7,38.3,34.2,24.8,51.6,15.2,23.4,71.0,96.8,58.1,158.1
0,160.3,59.6,48,23.18,1.628,0.23971,0.16317,0.16095,0.19814,0.3266,0.36743,0.61238,0.13869,0.10496,0.16212,0.04218,0.06099,81.1,69.5,89.5,37.9,33.7,23.6,51.7,15.1,22.1,71.0,96.8,58.1,160.3
0,176.1,76.4,46,24.63,1.933,0.23489,0.16451,0.16879,0.20001,0.31668,0.35627,0.59378,0.13983,0.11008,0.16364,0.04593,0.06002,91.8,81.9,101.4,41.7,37.2,27.4,56.2,16.6,27.0,77.3,105.4,63.3,176.1
0,160.4,47.7,53,18.56,1.459,0.21523,0.16229,0.14733,0.19729,0.29699,0.33412,0.55686,0.13794,0.09609,0.16142,0.03993,0.05447,85.3,67.4,94.3,36.0,31.8,21.7,49.7,14.4,22.1,68.4,93.2,55.9,160.4
0,164.9,64.0,30,23.51,1.712,0.23003,0.16433,0.1701,0.19962,0.31255,0.35162,0.58603,0.13968,0.11093,0.16332,0.04574,0.05859,85.9,77.3,94.8,38.3,34.0,26.1,52.0,15.3,25.2,71.5,97.5,58.5,164.9
0,166.2,57.4,58,20.77,1.627,0.24222,0.15979,0.162,0.19422,0.33151,0.37295,0.62159,0.13582,0.10565,0.15891,0.04241,0.06151,83.8,73.9,92.6,40.4,35.8,24.1,55.3,16.2,23.4,76.1,103.7,62.2,166.2
0,155.7,65.6,26,27.06,1.684,0.22912,0.17983,0.17059,0.21807,0.30955,0.34825,0.58042,0.15285,0.11126,0.17842,0.04848,0.05849,88.2,72.7,97.2,35.8,31.9,26.0,48.3,14.2,25.0,66.4,90.6,54.4,155.7
0,156.7,91.4,38,37.24,1.995,0.24139,0.19219,0.17095,0.23255,0.31744,0.35712,0.5952,0.16336,0.11149,0.19027,0.05091,0.06229,94.9,73.4,104.4,37.9,34.2,28.5,49.9,14.9,26.5,68.6,93.5,56.1,156.7
0,154.3,62.3,68,26.18,1.634,0.2338,0.17603,0.16156,0.21348,0.3168,0.3564,0.594,0.14963,0.10537,0.17467,0.04537,0.05962,86.2,68.8,95.0,36.4,32.4,24.4,49.4,14.5,23.4,67.9,92.5,55.5,154.3
0,156.5,42.0,20,17.14,1.351,0.22962,0.15257,0.14268,0.18552,0.31847,0.35828,0.59713,0.12968,0.09305,0.15179,0.0358,0.05799,75.8,61.7,83.8,36.3,32.0,19.7,50.4,14.6,18.7,69.3,94.5,56.7,156.5
0,143.1,46.3,42,22.61,1.357,0.22496,0.15651,0.15591,0.18982,0.30903,0.34766,0.57943,0.13304,0.10168,0.15531,0.03951,0.05704,70.7,61.2,77.9,32.3,28.6,21.7,44.4,12.9,18.8,61.1,83.3,50.0,143.1
0,166.2,67.8,42,24.55,1.77,0.23129,0.167,0.15554,0.20285,0.31319,0.35234,0.58723,0.14195,0.10144,0.16597,0.04293,0.05899,89.4,72.4,98.7,39.4,35.1,24.7,53.4,15.7,24.2,73.4,100.1,60.0,166.2
0,176.5,76.0,29,24.41,1.93,0.2225,0.16837,0.15793,0.20471,0.30013,0.33765,0.56274,0.14311,0.103,0.16749,0.04437,0.05684,96.2,78.4,106.3,40.5,36.1,26.2,54.6,16.1,26.7,75.0,102.3,61.4,176.5
0,163.5,56.8,46,21.24,1.606,0.23469,0.16752,0.16522,0.20356,0.3211,0.36123,0.60205,0.14239,0.10775,0.16655,0.04456,0.05961,85.9,73.7,94.9,38.3,34.0,24.3,52.4,15.3,24.1,72.1,98.3,59.0,163.5
0,152.9,58.6,28,25.07,1.577,0.23266,0.17728,0.16642,0.21503,0.31637,0.35591,0.59319,0.15069,0.10854,0.17593,0.04652,0.05924,85.0,69.4,93.7,35.5,31.6,24.5,48.3,14.2,23.5,66.4,90.5,54.3,152.9
0,158.1,48.7,69,19.47,1.462,0.2313,0.15587,0.16303,0.18943,0.31861,0.35843,0.59739,0.13249,0.10633,0.15499,0.04101,0.05858,76.4,69.5,84.4,36.1,31.9,22.8,49.7,14.5,21.2,68.4,93.2,55.9,158.1
0,159.4,52.0,28,20.48,1.518,0.23604,0.16745,0.1459,0.20346,0.3241,0.36461,0.60768,0.14233,0.09515,0.16646,0.03935,0.05986,84.2,63.8,93.0,37.8,33.4,21.1,51.9,15.1,20.8,71.3,97.2,58.3,159.4
0,155.6,65.0,66,26.84,1.676,0.23137,0.16366,0.16367,0.19847,0.31279,0.35189,0.58648,0.13911,0.10674,0.16238,0.04393,0.05905,81.4,70.8,89.8,36.7,32.7,25.3,49.6,14.6,23.0,68.1,92.9,55.7,155.6
0,168.3,57.3,43,20.23,1.638,0.22898,0.16394,0.15858,0.19932,0.31363,0.35284,0.58806,0.13935,0.10342,0.16308,0.04317,0.05813,89.3,75.1,98.7,39.7,35.2,24.2,54.4,15.9,24.8,74.8,102.0,61.2,168.3
0,168.0,74.4,31,26.35,1.863,0.23691,0.16862,0.17493,0.2048,0.31893,0.35879,0.59799,0.14333,0.11408,0.16756,0.04838,0.06057,90.2,81.4,99.6,40.3,36.0,28.2,54.3,16.0,27.2,74.7,101.8,61.1,168.0
0,154.6,45.6,33,19.05,1.399,0.23918,0.15833,0.14496,0.1924,0.33021,0.37148,0.61914,0.13458,0.09454,0.15742,0.03699,0.06052,76.4,60.9,84.4,36.8,32.5,20.0,50.7,14.7,18.8,69.8,95.1,57.1,154.6
0,167.4,91.0,27,32.46,2.057,0.241,0.18259,0.17842,0.22154,0.31902,0.3589,0.59816,0.1552,0.11636,0.18126,0.05114,0.06203,94.0,79.9,103.7,39.5,35.5,29.4,52.3,15.6,27.7,71.9,98.0,58.8,167.4
0,172.9,63.0,48,21.08,1.739,0.23908,0.15933,0.16595,0.19375,0.32615,0.36691,0.61152,0.13543,0.10823,0.15852,0.04343,0.0608,86.5,78.3,95.6,41.3,36.7,25.2,56.3,16.5,24.8,77.5,105.6,63.4,172.9
0,175.4,71.3,48,23.15,1.863,0.23202,0.16687,0.15878,0.2029,0.31428,0.35356,0.58927,0.14184,0.10355,0.16601,0.04384,0.05917,93.7,77.5,103.5,41.5,36.9,25.5,56.2,16.5,25.9,77.2,105.3,63.2,175.4
0,182.0,84.2,53,25.44,2.064,0.23359,0.16773,0.15945,0.20403,0.31339,0.35256,0.5876,0.14257,0.10399,0.16693,0.04444,0.0598,97.2,80.3,107.5,43.1,38.5,26.9,57.8,17.1,27.1,79.5,108.4,65.0,182.0
0,156.4,53.4,27,21.84,1.523,0.22539,0.16715,0.14659,0.20298,0.30866,0.34725,0.57875,0.14208,0.0956,0.16608,0.03971,0.05722,83.2,63.4,91.8,35.7,31.6,21.5,48.9,14.3,20.8,67.2,91.7,55.0,156.4
0,181.7,81.4,43,24.64,2.026,0.23933,0.17504,0.15903,0.21292,0.32191,0.36215,0.60358,0.14878,0.10372,0.17421,0.04538,0.06121,100.5,79.4,111.2,43.8,39.1,26.4,58.9,17.4,27.4,80.9,110.3,66.2,181.7
0,160.1,68.0,37,26.52,1.738,0.23652,0.18428,0.15775,0.22361,0.31938,0.3593,0.59884,0.15664,0.10288,0.18295,0.04518,0.06039,91.1,67.8,100.5,37.2,33.2,23.9,50.3,14.8,23.5,69.1,94.3,56.6,160.1
0,158.5,71.1,61,28.31,1.769,0.24473,0.1799,0.1725,0.21816,0.32913,0.37027,0.61712,0.15291,0.1125,0.1785,0.04847,0.06259,88.0,73.4,97.0,38.1,34.0,26.4,51.2,15.1,25.0,70.4,96.1,57.6,158.5
0,164.7,74.6,26,27.51,1.848,0.24667,0.17683,0.17424,0.21465,0.33148,0.37291,0.62152,0.15031,0.11364,0.17562,0.04936,0.06311,91.7,78.6,101.2,40.7,36.4,27.7,54.7,16.2,27.0,75.3,102.6,61.6,164.7
0,158.5,58.7,32,23.35,1.608,0.24007,0.17534,0.15333,0.21289,0.32717,0.36806,0.61344,0.14904,0.1,0.17418,0.04267,0.06107,87.1,66.2,96.1,38.0,33.7,22.6,51.7,15.1,22.3,71.1,97.0,58.2,158.5
0,165.2,64.0,26,23.45,1.714,0.23916,0.16368,0.16181,0.19884,0.32497,0.36559,0.60932,0.13913,0.10553,0.16269,0.04351,0.06091,86.0,73.9,95.0,40.0,35.6,24.9,54.3,15.9,24.1,74.7,101.9,61.1,165.2
0,153.5,84.5,24,35.85,1.898,0.23242,0.17185,0.18185,0.20789,0.30731,0.34572,0.5762,0.14607,0.1186,0.17009,0.05079,0.05984,85.1,78.3,93.5,36.6,32.9,30.2,48.4,14.5,26.5,66.6,90.8,54.5,153.5
0,160.9,73.1,43,28.26,1.808,0.24831,0.18085,0.17384,0.21939,0.3336,0.3753,0.62549,0.15372,0.11338,0.1795,0.04885,0.06353,89.0,74.4,98.2,38.9,34.7,26.6,52.3,15.4,25.3,71.9,98.0,58.8,160.9
0,171.2,60.3,41,20.56,1.693,0.22076,0.15288,0.14281,0.18589,0.30178,0.33951,0.56585,0.12995,0.09314,0.1521,0.03715,0.05609,85.2,69.2,94.2,39.2,34.7,22.2,53.5,15.6,21.8,73.6,100.4,60.2,171.2
0,162.1,64.3,29,24.46,1.701,0.22829,0.17734,0.16127,0.21533,0.30973,0.34845,0.58075,0.15074,0.10518,0.17618,0.04646,0.05818,92.9,73.4,102.5,38.1,33.9,25.2,51.6,15.2,25.6,71.0,96.8,58.1,162.1
0,163.5,60.7,37,22.72,1.66,0.24958,0.17959,0.16463,0.21816,0.34007,0.38258,0.63763,0.15265,0.10736,0.1785,0.04597,0.0635,89.8,71.6,99.2,39.7,35.3,24.0,54.1,15.9,24.2,74.4,101.5,60.9,163.5
0,165.7,64.5,31,23.5,1.724,0.23277,0.17999,0.16127,0.21866,0.31619,0.35571,0.59285,0.15299,0.10517,0.17891,0.04611,0.05929,93.7,73.0,103.5,38.6,34.3,24.6,52.4,15.4,25.3,72.0,98.2,58.9,165.7
0,170.5,56.7,39,19.51,1.638,0.23446,0.16138,0.15033,0.19626,0.32159,0.36179,0.60298,0.13718,0.09804,0.16058,0.04007,0.05949,87.9,71.2,97.2,40.7,36.0,22.6,55.8,16.3,23.0,76.7,104.5,62.7,170.5
0,151.2,51.3,33,22.42,1.468,0.24075,0.17,0.16072,0.20633,0.32984,0.37107,0.61846,0.1445,0.10482,0.16882,0.04318,0.06111,80.0,65.7,88.2,36.0,31.9,22.7,49.4,14.4,21.4,67.9,92.6,55.6,151.2
0,166.5,90.7,46,32.72,2.048,0.24985,0.18185,0.18313,0.2206,0.33067,0.372,0.62,0.15457,0.11943,0.18049,0.05264,0.06431,94.0,82.3,103.7,41.1,36.9,30.4,54.4,16.2,28.6,74.8,102.0,61.2,166.5
0,160.7,68.5,49,26.53,1.749,0.22643,0.17363,0.17876,0.2107,0.30566,0.34386,0.57311,0.14759,0.11658,0.17239,0.05039,0.05782,89.4,80.1,98.7,37.1,33.1,28.2,50.1,14.8,27.3,68.9,94.0,56.4,160.7
0,163.6,42.8,36,16.0,1.395,0.23103,0.15104,0.14921,0.18375,0.32078,0.36087,0.60146,0.12838,0.09731,0.15034,0.03711,0.05832,78.3,67.2,86.6,38.1,33.6,20.7,52.9,15.3,20.2,72.8,99.2,59.5,163.6
0,169.7,85.2,52,29.57,2.004,0.24247,0.16682,0.1856,0.20256,0.32319,0.36359,0.60598,0.1418,0.12104,0.16573,0.05032,0.06223,87.8,84.9,96.9,40.6,36.4,30.3,54.1,16.1,27.9,74.4,101.5,60.9,169.7
0,154.4,69.0,60,28.94,1.72,0.24007,0.16884,0.16981,0.20461,0.32296,0.36333,0.60555,0.14351,0.11075,0.16741,0.0464,0.06139,82.9,72.5,91.3,37.5,33.5,26.4,50.5,14.9,24.0,69.4,94.6,56.8,154.4
0,155.6,54.8,49,22.62,1.539,0.22729,0.15981,0.15949,0.19401,0.31072,0.34956,0.5826,0.13584,0.10402,0.15874,0.04124,0.05775,77.8,67.5,85.9,35.2,31.2,23.1,48.1,14.1,21.1,66.2,90.3,54.2,155.6
0,149.3,60.6,37,27.17,1.585,0.24305,0.18334,0.17048,0.22216,0.32924,0.3704,0.61733,0.15584,0.11118,0.18176,0.04799,0.06198,84.2,68.1,92.8,35.5,31.6,24.7,48.1,14.1,23.2,66.2,90.3,54.2,149.3
0,158.8,52.4,68,20.78,1.52,0.22584,0.16694,0.14386,0.20282,0.30991,0.34865,0.58109,0.1419,0.09382,0.16594,0.03969,0.05729,86.4,64.7,95.4,37.2,32.9,21.5,51.0,14.9,21.6,70.2,95.7,57.4,158.8
0,171.5,65.3,57,22.2,1.764,0.22471,0.15998,0.16203,0.19449,0.30569,0.3439,0.57317,0.13598,0.10567,0.15913,0.04277,0.05721,86.7,76.3,95.8,38.7,34.4,25.0,52.7,15.5,24.4,72.5,98.8,59.3,171.5
0,161.7,81.1,37,31.02,1.908,0.23674,0.18678,0.1607,0.22649,0.31557,0.35501,0.59169,0.15876,0.1048,0.18531,0.04702,0.06076,94.5,70.7,104.2,38.1,34.2,25.9,50.8,15.1,25.0,69.9,95.3,57.2,161.7
0,153.4,54.0,25,22.96,1.517,0.21946,0.16673,0.15005,0.20236,0.3,0.3375,0.5625,0.14172,0.09786,0.16557,0.04094,0.05576,82.6,64.6,91.1,34.6,30.7,22.3,47.3,13.8,21.3,65.0,88.7,53.2,153.4
0,159.2,44.3,52,17.5,1.4,0.22598,0.15091,0.15108,0.1835,0.31285,0.35195,0.58659,0.12827,0.09853,0.15014,0.03758,0.05712,76.1,66.2,84.1,36.3,32.0,21.1,50.2,14.6,19.9,69.0,94.1,56.5,159.2
0,152.4,55.2,59,23.79,1.529,0.24079,0.16824,0.17123,0.20413,0.32858,0.36966,0.61609,0.143,0.11167,0.16701,0.04553,0.06122,79.3,70.2,87.5,36.1,32.1,24.5,49.3,14.4,22.6,67.8,92.4,55.5,152.4
0,154.8,56.9,30,23.73,1.564,0.23312,0.16318,0.16856,0.19804,0.31786,0.35759,0.59598,0.13871,0.10993,0.16203,0.04477,0.05929,80.2,72.1,88.5,36.5,32.4,25.0,49.7,14.6,23.2,68.4,93.3,56.0,154.8
0,165.1,80.4,58,29.48,1.92,0.23494,0.17738,0.16651,0.21525,0.31394,0.35318,0.58863,0.15077,0.10859,0.17611,0.04802,0.06024,94.1,76.8,103.8,39.7,35.5,27.6,53.0,15.7,26.8,72.9,99.4,59.7,165.1
0,154.5,57.6,23,24.11,1.572,0.23392,0.16488,0.16547,0.20007,0.31866,0.35849,0.59749,0.14015,0.10791,0.16369,0.0434,0.05952,78.7,68.7,86.8,35.5,31.6,23.9,48.4,14.2,21.8,66.6,90.8,54.5,154.5
0,170.1,64.7,64,22.38,1.749,0.2421,0.16856,0.16845,0.20489,0.32935,0.37052,0.61754,0.14328,0.10986,0.16764,0.04576,0.06163,89.5,77.7,98.9,40.9,36.3,25.6,55.6,16.3,25.6,76.5,104.3,62.6,170.1
0,162.0,75.4,33,28.72,1.842,0.23828,0.1721,0.16101,0.20878,0.31955,0.35949,0.59915,0.14628,0.10501,0.17082,0.04461,0.06101,87.7,71.3,96.7,38.6,34.5,25.6,51.8,15.3,23.9,71.3,97.2,58.3,162.0
0,163.1,65.3,22,24.55,1.72,0.23582,0.17227,0.16599,0.20919,0.31974,0.35971,0.59952,0.14643,0.10825,0.17116,0.04594,0.06012,88.4,74.1,97.6,38.5,34.3,25.4,52.2,15.3,24.8,71.8,97.9,58.7,163.1
0,160.6,54.6,62,21.17,1.561,0.24166,0.16645,0.15489,0.20223,0.33105,0.37243,0.62071,0.14148,0.10101,0.16546,0.04105,0.06135,82.7,66.9,91.4,38.2,33.9,22.2,52.4,15.3,21.5,72.0,98.2,58.9,160.6
0,167.8,82.4,68,29.26,1.959,0.23592,0.17544,0.17153,0.21298,0.31504,0.35442,0.5907,0.14913,0.11187,0.17425,0.0483,0.06051,92.1,78.3,101.6,39.4,35.3,27.9,52.6,15.6,26.7,72.3,98.7,59.2,167.8
0,167.8,70.0,51,24.85,1.806,0.24007,0.17175,0.16328,0.20864,0.32458,0.36515,0.60858,0.14599,0.10649,0.17071,0.04493,0.06127,89.7,74.1,99.0,39.9,35.5,25.2,53.9,15.9,24.7,74.2,101.2,60.7,167.8
0,164.8,65.3,23,24.06,1.729,0.23538,0.17814,0.16414,0.21637,0.31936,0.35928,0.5988,0.15142,0.10705,0.17703,0.04693,0.05999,93.2,74.7,102.9,39.2,34.9,25.4,53.2,15.6,25.8,73.1,99.7,59.8,164.8
0,166.3,68.6,50,24.79,1.78,0.22718,0.16391,0.16321,0.19909,0.30741,0.34583,0.57639,0.13932,0.10644,0.16289,0.04459,0.05796,88.2,76.4,97.4,38.9,34.7,26.1,52.6,15.5,25.3,72.4,98.7,59.2,166.3
0,161.1,52.0,32,20.05,1.525,0.23815,0.15983,0.16306,0.19425,0.3272,0.3681,0.6135,0.13586,0.10635,0.15893,0.04206,0.06038,80.1,71.1,88.5,38.0,33.6,23.2,52.2,15.2,22.2,71.8,97.9,58.7,161.1
0,166.2,60.7,32,21.98,1.674,0.24076,0.17259,0.16473,0.20974,0.32839,0.36944,0.61573,0.1467,0.10743,0.17161,0.04506,0.06123,88.6,73.6,97.9,39.4,34.9,24.3,53.7,15.7,24.4,73.8,100.7,60.4,166.2
0,160.2,61.8,31,24.06,1.658,0.23415,0.16774,0.16297,0.20366,0.31828,0.35806,0.59677,0.14258,0.10628,0.16663,0.04416,0.05963,84.7,71.6,93.5,37.6,33.5,24.6,51.2,15.0,23.5,70.3,95.9,57.6,160.2
0,162.5,61.4,56,23.26,1.665,0.23762,0.16322,0.1757,0.19824,0.3234,0.36383,0.60638,0.13873,0.11459,0.1622,0.04616,0.06048,82.2,77.0,90.8,38.1,33.9,26.0,51.9,15.2,24.5,71.3,97.3,58.4,162.5
0,160.6,77.0,22,29.85,1.854,0.24047,0.18821,0.16058,0.22824,0.32172,0.36194,0.60323,0.15998,0.10473,0.18674,0.04748,0.06163,95.5,70.8,105.2,38.8,34.7,25.7,51.9,15.4,25.4,71.4,97.4,58.4,160.6
0,159.4,63.4,69,24.95,1.675,0.2393,0.16816,0.17461,0.2041,0.3246,0.36518,0.60863,0.14293,0.11387,0.16699,0.04733,0.06099,84.3,76.1,93.0,38.2,34.0,26.4,51.8,15.2,25.0,71.2,97.1,58.3,159.4
0,157.8,69.3,43,27.81,1.742,0.24411,0.17654,0.17057,0.2141,0.32882,0.36993,0.61655,0.15006,0.11124,0.17517,0.04697,0.06239,85.3,71.7,94.0,37.5,33.5,25.7,50.6,14.9,23.9,69.5,94.8,56.9,157.8
0,165.7,66.1,65,24.09,1.744,0.24019,0.16988,0.16619,0.20635,0.32574,0.36646,0.61076,0.14439,0.10838,0.16883,0.04571,0.06123,88.8,75.5,98.1,40.0,35.6,25.6,54.2,15.9,25.2,74.5,101.6,61.0,165.7
0,171.4,84.6,34,28.78,2.006,0.24161,0.18559,0.16857,0.22542,0.32251,0.36282,0.60471,0.15775,0.10993,0.18443,0.04987,0.06198,100.5,79.4,110.9,41.6,37.3,28.0,55.6,16.5,28.4,76.4,104.2,62.5,171.4
0,170.5,74.8,60,25.73,1.881,0.22262,0.15951,0.15732,0.1938,0.2999,0.33739,0.56231,0.13559,0.1026,0.15856,0.04235,0.0569,87.9,75.4,97.1,39.0,34.8,25.8,52.6,15.5,24.6,72.3,98.6,59.2,170.5
0,154.0,57.1,64,24.1,1.563,0.23061,0.1714,0.16646,0.20798,0.31423,0.35351,0.58918,0.14569,0.10856,0.17016,0.04512,0.05867,82.1,69.3,90.5,35.1,31.2,24.2,47.9,14.0,22.7,65.8,89.8,53.9,154.0
0,171.3,70.4,69,23.99,1.83,0.23945,0.17917,0.16882,0.21776,0.32408,0.36459,0.60765,0.1523,0.1101,0.17816,0.04872,0.06109,97.4,79.8,107.7,41.5,36.9,26.7,56.1,16.5,27.9,77.1,105.2,63.1,171.3
0,160.3,52.6,33,20.45,1.53,0.23247,0.16493,0.15987,0.20042,0.31912,0.35901,0.59836,0.14019,0.10426,0.16398,0.04246,0.05896,82.9,69.9,91.6,37.2,32.9,23.0,51.1,14.9,22.5,70.2,95.7,57.4,160.3
0,166.6,72.7,52,26.21,1.835,0.23712,0.16578,0.1624,0.20131,0.31953,0.35948,0.59913,0.14091,0.10592,0.16471,0.04404,0.0606,87.2,74.3,96.2,39.7,35.4,25.7,53.5,15.8,24.4,73.5,100.3,60.2,166.6
0,156.3,58.4,55,23.88,1.592,0.23868,0.16404,0.1837,0.1991,0.3251,0.36574,0.60957,0.13943,0.1198,0.1629,0.04891,0.06073,81.1,79.0,89.5,37.6,33.4,27.3,51.2,15.0,25.5,70.4,95.9,57.6,156.3
0,163.5,59.0,40,22.08,1.637,0.23399,0.16739,0.16698,0.20338,0.31939,0.35932,0.59886,0.14228,0.1089,0.1664,0.04516,0.05949,86.1,74.7,95.1,38.3,34.0,24.9,52.3,15.3,24.5,71.9,98.1,58.8,163.5
0,164.6,78.7,30,29.02,1.897,0.23914,0.18365,0.17738,0.22286,0.32004,0.36005,0.60008,0.15611,0.11569,0.18234,0.05158,0.06128,95.0,79.8,104.9,39.4,35.2,28.6,52.7,15.6,28.1,72.5,98.9,59.3,164.6
0,152.4,45.2,50,19.44,1.383,0.23184,0.16272,0.1544,0.19769,0.31999,0.35999,0.59998,0.13831,0.10069,0.16175,0.03985,0.05867,76.6,63.2,84.6,34.7,30.7,21.0,47.9,13.9,19.7,65.9,89.9,53.9,152.4
0,166.6,62.1,46,22.38,1.696,0.24205,0.17556,0.16009,0.21334,0.32972,0.37093,0.61822,0.14923,0.10441,0.17455,0.04418,0.06159,89.9,71.3,99.3,39.4,35.0,23.6,53.7,15.7,23.8,73.9,100.7,60.4,166.6
0,171.7,84.4,63,28.64,2.006,0.24484,0.17123,0.17123,0.20798,0.32691,0.36778,0.61296,0.14554,0.11167,0.17016,0.0474,0.0628,91.4,79.5,101.0,41.6,37.3,28.0,55.6,16.5,26.6,76.4,104.2,62.5,171.7
0,161.3,66.0,51,25.37,1.72,0.2381,0.16676,0.17509,0.20242,0.32233,0.36263,0.60438,0.14174,0.11419,0.16562,0.04659,0.06073,82.9,75.7,91.5,37.7,33.6,26.3,51.0,15.0,24.4,70.2,95.7,57.4,161.3
0,171.7,70.4,51,23.85,1.832,0.235,0.16997,0.15917,0.20659,0.31812,0.35789,0.59648,0.14448,0.10381,0.16903,0.04346,0.05995,90.6,73.7,100.1,39.9,35.5,24.6,53.9,15.9,24.4,74.2,101.1,60.7,171.7
0,161.2,65.2,44,25.1,1.709,0.25043,0.17932,0.15837,0.21768,0.33931,0.38172,0.6362,0.15242,0.10329,0.1781,0.04479,0.06386,90.1,69.2,99.5,40.1,35.7,24.0,54.3,16.0,23.7,74.7,101.8,61.1,161.2
0,168.3,70.2,32,24.79,1.811,0.2414,0.17527,0.17193,0.21293,0.32638,0.36717,0.61196,0.14898,0.11213,0.17422,0.04761,0.06161,90.7,77.3,100.1,39.8,35.4,26.3,53.7,15.8,25.9,73.9,100.8,60.5,168.3
0,147.4,40.4,67,18.58,1.286,0.22333,0.15796,0.15077,0.19192,0.30943,0.34811,0.58018,0.13426,0.09833,0.15702,0.039,0.05643,74.6,61.9,82.4,33.6,29.6,20.8,46.5,13.5,19.4,64.0,87.2,52.3,147.4
0,178.9,72.6,26,22.66,1.899,0.2371,0.16916,0.15601,0.20576,0.32119,0.36134,0.60223,0.14379,0.10175,0.16835,0.04334,0.06046,96.1,77.1,106.2,42.9,38.2,25.0,58.1,17.1,25.9,79.8,108.9,65.3,178.9
0,172.7,94.4,43,31.65,2.128,0.23864,0.18546,0.16683,0.22522,0.31574,0.35521,0.59201,0.15764,0.1088,0.18427,0.04971,0.06143,101.9,79.7,112.4,41.7,37.5,28.9,55.2,16.5,28.7,75.9,103.5,62.1,172.7
0,160.6,55.4,20,21.5,1.572,0.2277,0.16169,0.16664,0.19643,0.31164,0.35059,0.58432,0.13744,0.10868,0.16072,0.04388,0.05782,81.9,73.4,90.5,36.7,32.6,24.5,50.3,14.7,23.4,69.1,94.2,56.5,160.6
0,149.1,50.6,53,22.78,1.448,0.23827,0.17093,0.16276,0.20739,0.32642,0.36722,0.61203,0.14529,0.10615,0.16969,0.04383,0.06048,79.2,65.6,87.4,35.2,31.2,22.9,48.2,14.1,21.4,66.2,90.3,54.2,149.1
0,164.5,59.3,64,21.93,1.646,0.22657,0.1597,0.14829,0.19405,0.30928,0.34794,0.5799,0.13575,0.09671,0.15877,0.03919,0.0576,83.9,67.8,92.7,37.9,33.6,22.5,51.7,15.1,21.7,71.1,97.0,58.2,164.5
0,152.7,55.2,22,23.69,1.531,0.24369,0.17882,0.15362,0.21697,0.33258,0.37415,0.62359,0.15199,0.10019,0.17752,0.04303,0.06196,85.1,63.6,93.9,36.9,32.8,22.2,50.4,14.7,21.6,69.3,94.5,56.7,152.7
0,165.5,59.7,37,21.78,1.656,0.23465,0.16106,0.15571,0.19572,0.32032,0.36036,0.6006,0.1369,0.10155,0.16014,0.04119,0.05965,84.5,71.0,93.3,39.2,34.8,23.5,53.5,15.6,22.7,73.6,100.3,60.2,165.5
0,165.3,71.4,37,26.12,1.81,0.23473,0.16722,0.17045,0.20304,0.31657,0.35614,0.59357,0.14214,0.11116,0.16612,0.04646,0.05997,87.3,77.4,96.4,39.0,34.8,26.8,52.6,15.5,25.5,72.3,98.6,59.2,165.3
0,156.1,60.6,22,24.87,1.621,0.23675,0.17293,0.16753,0.20983,0.32166,0.36187,0.60312,0.14699,0.10926,0.17168,0.04607,0.0603,84.6,71.2,93.3,36.8,32.8,24.9,50.1,14.7,23.7,68.8,93.9,56.3,156.1
0,170.1,79.4,27,27.43,1.937,0.2491,0.18008,0.18141,0.21872,0.334,0.37575,0.62624,0.15306,0.11831,0.17896,0.05132,0.06379,93.9,82.2,103.7,41.3,36.9,28.7,55.4,16.4,28.2,76.2,103.9,62.4,170.1
0,168.0,56.8,33,20.11,1.627,0.23188,0.16425,0.14606,0.19969,0.31776,0.35748,0.5958,0.13961,0.09526,0.16339,0.03924,0.05886,87.6,67.8,96.8,39.4,34.9,21.8,54.0,15.7,22.0,74.2,101.2,60.7,168.0
0,169.1,64.9,42,22.69,1.746,0.24505,0.16922,0.16263,0.20566,0.33318,0.37483,0.62471,0.14383,0.10607,0.16827,0.04455,0.0624,90.0,75.2,99.5,41.5,36.9,24.9,56.4,16.5,24.9,77.6,105.8,63.5,169.1
0,162.6,61.2,61,23.14,1.662,0.2365,0.15992,0.16767,0.19424,0.32198,0.36222,0.60371,0.13593,0.10935,0.15892,0.04434,0.06019,83.0,75.7,91.7,39.1,34.7,25.6,53.2,15.6,24.2,73.2,99.8,59.9,162.6
0,152.9,60.7,42,25.98,1.606,0.23561,0.17706,0.1714,0.21471,0.31962,0.35957,0.59929,0.1505,0.11178,0.17567,0.04832,0.06005,86.0,72.4,94.8,36.4,32.4,25.8,49.4,14.5,24.7,67.9,92.6,55.6,152.9
0,169.1,60.1,47,21.01,1.681,0.22608,0.16752,0.15828,0.20366,0.30888,0.34749,0.57915,0.14239,0.10323,0.16663,0.04343,0.05745,90.5,74.4,100.0,38.9,34.5,24.1,53.1,15.5,24.7,73.0,99.6,59.8,169.1
0,160.7,72.5,31,28.1,1.799,0.23823,0.18261,0.18558,0.22152,0.32023,0.36026,0.60043,0.15521,0.12103,0.18124,0.05336,0.06094,91.8,81.2,101.3,38.1,34.1,29.0,51.3,15.1,28.2,70.5,96.1,57.7,160.7
0,153.0,68.9,39,29.42,1.712,0.24182,0.17388,0.17534,0.21066,0.32513,0.36577,0.60961,0.1478,0.11435,0.17236,0.0482,0.06186,83.1,72.8,91.5,36.8,32.8,26.7,49.4,14.6,24.2,68.0,92.7,55.6,153.0
0,171.7,59.9,60,20.33,1.69,0.23248,0.16897,0.16611,0.20547,0.31798,0.35772,0.59621,0.14362,0.10833,0.16811,0.045,0.05905,90.2,77.1,99.7,39.5,35.0,24.7,54.0,15.8,25.3,74.3,101.3,60.8,171.7
0,176.8,69.1,45,22.12,1.842,0.23901,0.16751,0.15992,0.20373,0.32457,0.36514,0.60856,0.14239,0.10429,0.16669,0.04403,0.06089,94.1,78.1,104.0,42.7,38.0,25.3,58.0,17.0,26.0,79.8,108.8,65.3,176.8
0,162.2,57.8,47,21.97,1.614,0.23144,0.17327,0.15547,0.21051,0.31616,0.35568,0.59279,0.14728,0.1014,0.17223,0.04281,0.05882,87.6,68.4,96.8,37.3,33.1,22.8,50.9,14.9,22.8,70.0,95.4,57.3,162.2
0,177.2,118.1,36,37.62,2.411,0.24393,0.19817,0.18095,0.24068,0.31646,0.35601,0.59336,0.16844,0.11801,0.19692,0.05626,0.06327,110.1,87.4,121.6,43.1,39.1,33.3,56.0,16.9,32.9,77.0,105.0,63.0,177.2
0,163.1,59.5,55,22.35,1.642,0.23175,0.16782,0.16104,0.20388,0.31613,0.35564,0.59274,0.14265,0.10503,0.16681,0.04361,0.05893,86.1,71.8,95.1,37.8,33.6,24.0,51.6,15.1,23.5,71.0,96.8,58.1,163.1
0,159.9,81.8,59,31.98,1.906,0.23949,0.16879,0.17051,0.20457,0.31871,0.35855,0.59759,0.14347,0.1112,0.16738,0.04717,0.06151,86.4,75.9,95.2,39.0,35.0,28.1,51.9,15.4,25.4,71.4,97.4,58.4,159.9
0,158.2,48.5,37,19.39,1.46,0.22906,0.17123,0.14396,0.2081,0.31557,0.35502,0.5917,0.14555,0.09388,0.17026,0.03926,0.05801,84.9,62.1,93.8,36.2,32.0,20.3,49.8,14.5,20.5,68.5,93.4,56.0,158.2
0,173.6,61.3,52,20.32,1.719,0.22631,0.16864,0.15201,0.2051,0.30934,0.348,0.58,0.14334,0.09914,0.16781,0.0414,0.0575,91.7,71.9,101.4,39.2,34.8,22.9,53.6,15.7,23.7,73.6,100.4,60.3,173.6
0,157.2,52.9,39,21.4,1.519,0.2389,0.16212,0.15591,0.19691,0.32746,0.3684,0.61399,0.1378,0.10168,0.16111,0.04084,0.06063,79.9,66.9,88.3,37.5,33.2,22.4,51.4,15.0,21.2,70.7,96.4,57.8,157.2
0,167.5,58.4,32,20.83,1.649,0.23327,0.1684,0.16368,0.20471,0.31906,0.35894,0.59824,0.14314,0.10675,0.16749,0.04428,0.05925,88.1,74.5,97.3,38.8,34.4,24.2,53.1,15.5,24.4,73.0,99.6,59.8,167.5
0,158.7,57.9,28,22.98,1.597,0.23196,0.16138,0.16201,0.19596,0.31642,0.35598,0.5933,0.13717,0.10566,0.16033,0.04214,0.05899,79.6,69.5,87.9,36.4,32.3,23.7,49.7,14.5,21.9,68.3,93.2,55.9,158.7
0,159.4,54.1,51,21.32,1.548,0.22627,0.16747,0.15479,0.20344,0.30998,0.34873,0.58121,0.14235,0.10095,0.16645,0.04219,0.05744,85.3,68.5,94.1,36.7,32.5,22.9,50.2,14.7,22.6,69.1,94.2,56.5,159.4
0,169.5,60.1,41,20.92,1.682,0.24144,0.15793,0.15177,0.19201,0.32991,0.37115,0.61858,0.13424,0.09898,0.1571,0.03947,0.06135,84.4,70.5,93.3,41.1,36.4,22.8,56.1,16.4,22.2,77.1,105.2,63.1,169.5
0,159.9,74.9,23,29.28,1.824,0.23742,0.17656,0.17232,0.21412,0.31824,0.35802,0.5967,0.15008,0.11238,0.17519,0.04822,0.0608,88.0,74.7,97.0,37.7,33.7,27.0,50.5,14.9,25.3,69.4,94.7,56.8,159.9
0,159.7,75.6,34,29.61,1.831,0.23737,0.17739,0.17966,0.2151,0.31793,0.35767,0.59611,0.15078,0.11717,0.17599,0.05085,0.06081,89.4,78.7,98.5,38.1,34.0,28.6,51.0,15.1,27.0,70.1,95.6,57.4,159.7
0,170.2,81.9,45,28.26,1.967,0.24051,0.18456,0.1742,0.22414,0.3217,0.36192,0.60319,0.15687,0.11361,0.18339,0.05055,0.06165,97.3,79.8,107.4,40.4,36.1,28.1,54.0,16.0,28.1,74.2,101.2,60.7,170.2
0,173.4,79.0,67,26.29,1.951,0.23267,0.17483,0.15797,0.21247,0.31253,0.3516,0.586,0.14861,0.10302,0.17384,0.04458,0.05954,95.1,74.7,105.1,40.3,36.0,25.6,54.1,16.0,25.5,74.4,101.5,60.9,173.4
0,166.9,68.0,48,24.43,1.776,0.22597,0.16862,0.15115,0.20483,0.306,0.34425,0.57375,0.14332,0.09857,0.16759,0.04218,0.05763,91.1,71.0,100.6,38.9,34.6,24.1,52.6,15.5,24.0,72.3,98.6,59.2,166.9
0,158.0,55.2,53,22.1,1.557,0.23075,0.16793,0.16472,0.20394,0.3156,0.35505,0.59174,0.14274,0.10743,0.16686,0.044,0.05862,82.3,70.2,90.9,36.0,31.9,23.7,49.3,14.4,22.7,67.7,92.4,55.4,158.0
0,159.0,51.7,26,20.45,1.511,0.23705,0.16333,0.15471,0.19846,0.32554,0.36624,0.6104,0.13883,0.1009,0.16237,0.04087,0.06011,81.7,67.3,90.3,37.8,33.4,22.3,51.9,15.1,21.5,71.3,97.2,58.3,159.0
0,163.0,68.0,27,25.58,1.755,0.23086,0.16745,0.1604,0.20329,0.31213,0.35115,0.58525,0.14233,0.10461,0.16633,0.04433,0.05892,88.1,73.4,97.2,38.7,34.4,25.4,52.3,15.4,24.6,71.9,98.0,58.8,163.0
0,164.7,53.4,38,19.7,1.563,0.24362,0.16187,0.1515,0.19678,0.33462,0.37645,0.62741,0.13759,0.09881,0.161,0.03993,0.06178,84.1,68.4,92.9,40.3,35.6,22.1,55.3,16.1,21.8,76.1,103.7,62.2,164.7
0,155.8,49.3,51,20.31,1.46,0.22499,0.15197,0.15585,0.18462,0.30946,0.34814,0.58024,0.12918,0.10164,0.15105,0.03939,0.05702,75.8,67.6,83.7,35.7,31.6,22.5,49.1,14.3,20.7,67.6,92.1,55.3,155.8
0,167.4,82.0,48,29.25,1.953,0.23813,0.17532,0.17174,0.21282,0.31806,0.35781,0.59636,0.14903,0.112,0.17413,0.04809,0.06107,91.2,77.7,100.6,39.4,35.3,27.7,52.7,15.6,26.3,72.4,98.7,59.2,167.4
0,163.1,88.3,46,33.22,2.001,0.24895,0.18369,0.17629,0.22269,0.32964,0.37084,0.61807,0.15614,0.11497,0.1822,0.05125,0.06406,94.2,78.6,103.8,40.6,36.5,29.3,53.8,16.0,27.7,74.0,100.9,60.5,163.1
0,150.8,58.5,60,25.71,1.565,0.23716,0.16646,0.15602,0.20182,0.32224,0.36252,0.60421,0.14149,0.10175,0.16513,0.04204,0.06041,80.0,65.2,88.2,36.3,32.3,23.3,49.3,14.5,21.3,67.8,92.4,55.4,150.8
0,156.2,70.8,60,29.02,1.753,0.24288,0.17677,0.17829,0.21427,0.32638,0.36718,0.61197,0.15025,0.11628,0.17531,0.04956,0.06214,85.7,75.2,94.4,37.5,33.5,27.3,50.4,14.9,25.3,69.2,94.4,56.7,156.2
0,159.1,58.4,28,23.06,1.606,0.23103,0.16699,0.16031,0.20277,0.31502,0.3544,0.59067,0.14194,0.10455,0.1659,0.04289,0.05876,82.9,69.2,91.5,36.5,32.4,23.6,49.8,14.6,22.4,68.4,93.3,56.0,159.1
0,162.0,50.3,50,19.16,1.504,0.23967,0.15755,0.15787,0.19152,0.33,0.37125,0.61874,0.13392,0.10296,0.1567,0.04064,0.06072,80.5,70.1,88.9,39.0,34.5,22.6,53.7,15.6,21.8,73.8,100.6,60.4,162.0
0,175.3,82.0,63,26.68,1.999,0.23392,0.1691,0.15775,0.20553,0.31357,0.35276,0.58794,0.14373,0.10288,0.16816,0.04421,0.0599,94.9,77.0,104.9,41.8,37.4,26.4,56.0,16.6,26.1,77.0,105.1,63.0,175.3
0,164.1,71.4,18,26.49,1.804,0.23237,0.16927,0.17622,0.20549,0.31323,0.35239,0.58731,0.14388,0.11493,0.16812,0.04867,0.05938,88.4,80.0,97.5,38.6,34.5,27.9,52.1,15.4,26.8,71.6,97.6,58.6,164.1
0,156.8,59.8,38,24.34,1.614,0.23755,0.16682,0.1685,0.20246,0.32311,0.36349,0.60582,0.1418,0.10989,0.16565,0.04567,0.06048,83.2,73.1,91.8,37.7,33.5,25.4,51.3,15.0,24.0,70.6,96.2,57.7,156.8
0,164.0,62.1,40,23.08,1.681,0.23766,0.17203,0.15066,0.20898,0.32344,0.36387,0.60645,0.14623,0.09826,0.17098,0.04125,0.0605,87.7,66.8,96.8,38.5,34.2,22.5,52.5,15.4,22.1,72.1,98.4,59.0,164.0
0,160.1,72.6,26,28.32,1.797,0.22672,0.16971,0.15974,0.20585,0.30466,0.34274,0.57124,0.14425,0.10418,0.16842,0.04448,0.05801,87.6,71.7,96.6,37.2,33.3,25.7,50.0,14.8,24.2,68.8,93.8,56.3,160.1
0,164.7,55.2,18,20.34,1.589,0.23342,0.15914,0.15983,0.19343,0.32003,0.36003,0.60006,0.13527,0.10424,0.15826,0.04153,0.05923,82.4,72.0,91.1,38.5,34.1,23.4,52.7,15.4,22.6,72.5,98.9,59.3,164.7
0,166.4,58.4,38,21.08,1.643,0.22951,0.15807,0.14946,0.19213,0.31382,0.35304,0.58841,0.13436,0.09748,0.1572,0.03883,0.05831,83.0,68.2,91.7,38.3,34.0,22.3,52.4,15.3,21.5,72.1,98.3,59.0,166.4
0,170.7,59.0,39,20.26,1.673,0.22317,0.18058,0.1592,0.21958,0.30541,0.34359,0.57265,0.15349,0.10383,0.17966,0.04515,0.05668,95.4,73.1,105.4,37.5,33.3,23.4,51.3,15.0,25.1,70.6,96.3,57.8,170.7
0,162.3,64.3,21,24.4,1.703,0.23249,0.16462,0.16661,0.19989,0.31545,0.35489,0.59148,0.13992,0.10866,0.16354,0.04441,0.05925,83.7,73.6,92.4,37.6,33.5,25.2,51.0,15.0,23.8,70.2,95.7,57.4,162.3
0,173.6,60.3,18,19.99,1.705,0.23327,0.16366,0.15761,0.19905,0.31916,0.35906,0.59843,0.13911,0.10279,0.16286,0.04178,0.05925,88.6,74.2,97.9,40.2,35.6,23.5,55.0,16.1,23.8,75.6,103.1,61.9,173.6
0,168.7,60.9,68,21.41,1.689,0.22722,0.16761,0.16136,0.20374,0.31014,0.34891,0.58151,0.14247,0.10524,0.1667,0.04402,0.05777,89.5,74.9,98.9,38.6,34.3,24.5,52.7,15.4,24.7,72.5,98.9,59.3,168.7
0,157.7,53.0,27,21.33,1.524,0.23178,0.16356,0.15043,0.19867,0.3177,0.35742,0.5957,0.13902,0.09811,0.16254,0.04029,0.05882,82.5,66.0,91.2,37.2,33.0,22.1,51.0,14.9,21.4,70.2,95.7,57.4,157.7
0,177.5,72.5,32,23.0,1.891,0.23153,0.17164,0.14766,0.20873,0.31349,0.35267,0.58779,0.14589,0.0963,0.17078,0.04127,0.05905,96.2,72.0,106.4,41.3,36.8,23.6,55.9,16.4,24.3,76.9,104.9,62.9,177.5
0,164.7,50.7,69,18.67,1.523,0.23726,0.16167,0.16216,0.19658,0.32683,0.36768,0.6128,0.13742,0.10576,0.16084,0.04213,0.06009,82.7,72.1,91.4,38.6,34.2,22.9,53.2,15.5,22.7,73.2,99.8,59.9,164.7
0,156.8,60.0,53,24.41,1.617,0.23217,0.17225,0.17081,0.20905,0.31573,0.3552,0.592,0.14642,0.1114,0.17104,0.04656,0.05911,83.9,72.3,92.6,36.0,32.0,25.1,48.9,14.4,23.9,67.3,91.8,55.1,156.8
0,173.7,89.7,46,29.73,2.081,0.24345,0.17827,0.18975,0.21656,0.32371,0.36418,0.60696,0.15153,0.12375,0.17718,0.05479,0.06255,97.9,90.6,108.2,42.6,38.2,32.2,56.6,16.8,31.7,77.8,106.1,63.7,173.7
0,176.6,76.8,69,24.61,1.941,0.22834,0.16824,0.14899,0.20455,0.3078,0.34628,0.57713,0.143,0.09717,0.16736,0.04136,0.05834,94.6,72.8,104.5,40.9,36.4,24.4,55.1,16.2,24.5,75.7,103.3,62.0,176.6
0,162.3,82.3,63,31.25,1.926,0.2254,0.17798,0.17678,0.21582,0.30018,0.3377,0.56284,0.15128,0.11529,0.17658,0.05074,0.05787,92.2,79.6,101.6,37.2,33.3,29.2,49.5,14.7,27.7,68.1,92.8,55.7,162.3
0,159.1,76.3,22,30.17,1.837,0.24461,0.18275,0.15827,0.22155,0.32725,0.36815,0.61359,0.15534,0.10322,0.18127,0.04566,0.06269,91.5,68.9,100.9,39.0,34.9,25.2,52.2,15.5,24.1,71.7,97.8,58.7,159.1
0,161.3,71.4,46,27.45,1.789,0.23412,0.17423,0.18024,0.2114,0.31517,0.35456,0.59094,0.14809,0.11755,0.17296,0.05018,0.05986,88.1,79.3,97.2,37.7,33.6,28.1,50.7,15.0,26.7,69.8,95.1,57.1,161.3
0,167.4,68.2,64,24.35,1.781,0.25001,0.1741,0.17075,0.21151,0.33856,0.38088,0.63481,0.14799,0.11136,0.17305,0.04699,0.06377,89.6,76.4,98.9,40.9,36.4,25.9,55.4,16.3,25.4,76.2,103.9,62.4,167.4
0,171.2,70.7,64,24.14,1.834,0.23964,0.17642,0.15808,0.21441,0.32421,0.36474,0.6079,0.14996,0.1031,0.17543,0.0447,0.06114,94.7,73.8,104.6,40.9,36.5,24.8,55.4,16.3,25.3,76.2,103.9,62.3,171.2
0,166.4,75.8,44,27.38,1.872,0.24422,0.18131,0.17554,0.22013,0.32805,0.36906,0.61509,0.15411,0.11448,0.18011,0.05028,0.06249,93.9,79.1,103.6,40.3,36.0,27.7,54.1,16.0,27.4,74.4,101.4,60.8,166.4
0,163.2,59.9,42,22.5,1.648,0.23679,0.17311,0.15489,0.2103,0.32287,0.36322,0.60537,0.14714,0.10101,0.17206,0.04329,0.06022,89.8,69.9,99.2,39.1,34.7,23.4,53.3,15.6,23.6,73.3,100.0,60.0,163.2
0,172.7,52.1,33,17.46,1.58,0.23273,0.15275,0.15518,0.18584,0.32092,0.36104,0.60173,0.12984,0.1012,0.15205,0.03901,0.05892,82.8,73.2,91.6,40.2,35.5,22.4,55.4,16.1,22.3,76.2,103.8,62.3,172.7
0,160.4,67.2,33,26.14,1.731,0.23786,0.17705,0.16753,0.21486,0.32147,0.36165,0.60275,0.15049,0.10926,0.17579,0.04711,0.06071,89.0,73.2,98.2,38.1,33.9,25.7,51.4,15.1,24.9,70.7,96.5,57.9,160.4
0,169.5,57.0,53,19.84,1.638,0.23893,0.16682,0.16733,0.20285,0.32751,0.36845,0.61408,0.1418,0.10913,0.16597,0.04521,0.06064,89.0,77.7,98.4,40.6,36.0,24.8,55.6,16.2,25.4,76.5,104.3,62.6,169.5
0,160.5,52.6,42,20.42,1.532,0.23355,0.15952,0.16784,0.19384,0.32061,0.36068,0.60114,0.13559,0.10946,0.1586,0.04355,0.05924,80.5,73.6,88.9,37.5,33.2,24.2,51.5,15.0,23.1,70.8,96.5,57.9,160.5
0,165.4,65.8,58,24.05,1.739,0.23292,0.17132,0.1595,0.20811,0.31594,0.35543,0.59238,0.14563,0.10402,0.17027,0.04393,0.05937,88.9,71.9,98.1,38.5,34.2,24.4,52.2,15.3,24.0,71.7,97.8,58.7,165.4
0,161.7,61.9,18,23.66,1.667,0.23978,0.17525,0.17004,0.21282,0.32608,0.36685,0.61141,0.14896,0.11089,0.17412,0.04727,0.06105,88.4,74.6,97.6,38.5,34.2,25.4,52.4,15.4,25.1,72.0,98.2,58.9,161.7
0,162.1,49.7,22,18.91,1.496,0.22635,0.16073,0.15923,0.1954,0.31185,0.35083,0.58471,0.13662,0.10384,0.15987,0.04095,0.05732,80.5,69.3,88.9,36.1,31.9,22.3,49.7,14.5,21.6,68.3,93.2,55.9,162.1
0,159.9,63.3,58,24.73,1.676,0.23382,0.16635,0.14898,0.20193,0.31728,0.35694,0.59491,0.1414,0.09716,0.16522,0.04107,0.05959,86.5,67.4,95.5,38.7,34.4,23.3,52.5,15.4,22.5,72.2,98.5,59.1,159.9
0,171.6,83.5,37,28.34,1.995,0.24998,0.18442,0.16902,0.22401,0.33407,0.37583,0.62638,0.15676,0.11023,0.18328,0.04902,0.0641,97.8,78.0,108.0,42.2,37.8,27.4,56.4,16.7,27.4,77.5,105.7,63.4,171.6
0,157.5,49.2,22,19.85,1.468,0.23197,0.15347,0.16537,0.18649,0.31926,0.35917,0.59861,0.13045,0.10785,0.15258,0.04236,0.05877,77.9,73.0,86.1,37.5,33.2,24.1,51.6,15.0,22.6,71.0,96.8,58.1,157.5
0,157.5,74.0,53,29.85,1.799,0.24547,0.17688,0.17467,0.2144,0.32894,0.37006,0.61676,0.15035,0.11392,0.17542,0.04892,0.06287,87.1,74.8,96.0,38.5,34.4,27.3,51.6,15.3,25.4,70.9,96.7,58.0,157.5
0,176.9,57.7,46,18.44,1.684,0.24088,0.17036,0.16731,0.20727,0.33075,0.37209,0.62015,0.1448,0.10912,0.16958,0.04476,0.06109,91.5,78.1,101.2,41.2,36.4,24.0,56.5,16.5,25.3,77.7,106.0,63.6,176.9
0,169.1,98.6,65,34.47,2.153,0.24264,0.18068,0.17904,0.21922,0.31911,0.359,0.59834,0.15358,0.11677,0.17936,0.05188,0.06261,96.1,82.8,106.0,41.1,37.0,30.9,54.0,16.2,29.0,74.3,101.3,60.8,169.1
0,146.3,48.0,51,22.42,1.396,0.228,0.16099,0.15489,0.19531,0.31297,0.35209,0.58682,0.13684,0.10101,0.1598,0.03999,0.05783,73.8,61.7,81.4,33.3,29.4,21.7,45.7,13.3,19.3,62.8,85.6,51.4,146.3
0,158.7,62.0,65,24.65,1.654,0.24275,0.16818,0.16257,0.20413,0.32965,0.37085,0.61809,0.14296,0.10602,0.16702,0.04414,0.06184,84.2,70.8,92.9,38.7,34.4,24.5,52.5,15.4,23.3,72.2,98.5,59.1,158.7
0,150.2,39.3,35,17.43,1.281,0.23052,0.16391,0.15025,0.19925,0.32007,0.36008,0.60013,0.13932,0.09799,0.16302,0.03912,0.05819,76.6,61.0,84.6,34.3,30.2,20.0,47.6,13.8,19.2,65.4,89.2,53.5,150.2
0,156.0,57.9,19,23.79,1.585,0.23773,0.17228,0.15259,0.2091,0.32393,0.36442,0.60736,0.14644,0.09951,0.17108,0.04174,0.06048,84.0,64.7,92.7,36.9,32.8,22.4,50.3,14.7,21.4,69.1,94.3,56.6,156.0
0,142.0,50.4,33,25.0,1.41,0.233,0.16189,0.15339,0.19614,0.31836,0.35816,0.59693,0.1376,0.10004,0.16047,0.04001,0.05921,73.0,60.1,80.4,33.4,29.7,21.9,45.7,13.4,19.0,62.8,85.6,51.4,142.0
0,161.6,61.9,46,23.7,1.666,0.22861,0.17171,0.1663,0.20852,0.31089,0.34975,0.58291,0.14595,0.10846,0.1706,0.04583,0.05821,87.3,73.5,96.4,37.0,32.9,25.1,50.3,14.8,24.5,69.2,94.3,56.6,161.6
0,154.7,52.3,50,21.85,1.5,0.2216,0.15836,0.15307,0.19229,0.30365,0.34161,0.56935,0.13461,0.09983,0.15732,0.03988,0.05625,78.3,65.8,86.4,34.9,30.9,22.4,47.8,13.9,20.8,65.7,89.6,53.8,154.7
0,162.9,54.3,33,20.47,1.568,0.23295,0.15608,0.15681,0.18969,0.31946,0.3594,0.599,0.13267,0.10227,0.1552,0.04014,0.05911,80.0,69.9,88.4,38.0,33.7,22.9,52.1,15.2,21.7,71.7,97.8,58.7,162.9
0,151.4,66.8,52,29.14,1.677,0.23402,0.17192,0.16992,0.20826,0.3151,0.35449,0.59081,0.14613,0.11082,0.17039,0.04667,0.05982,82.3,70.7,90.6,35.7,31.8,26.0,48.0,14.2,23.5,66.0,90.0,54.0,151.4
0,163.1,64.3,64,24.17,1.706,0.23583,0.17565,0.16536,0.21331,0.32008,0.36009,0.60015,0.1493,0.10784,0.17453,0.04629,0.06009,89.8,73.5,99.1,38.4,34.1,25.1,52.1,15.3,24.9,71.6,97.7,58.6,163.1
0,159.7,79.7,60,31.25,1.88,0.24246,0.1807,0.18004,0.21904,0.32334,0.36376,0.60626,0.1536,0.11742,0.17921,0.05188,0.06222,91.6,79.4,101.0,39.1,35.1,29.2,52.2,15.5,27.7,71.8,97.8,58.7,159.7
0,172.7,65.6,59,21.99,1.774,0.23549,0.16717,0.15314,0.20325,0.32041,0.36046,0.60076,0.14209,0.09988,0.16629,0.04171,0.05995,91.0,72.5,100.6,40.8,36.3,23.6,55.5,16.3,23.9,76.3,104.1,62.5,172.7
0,172.1,66.1,34,22.33,1.778,0.23898,0.16606,0.16489,0.20188,0.3249,0.36551,0.60918,0.14115,0.10753,0.16517,0.04458,0.06085,89.8,77.5,99.2,41.1,36.6,25.4,55.9,16.4,25.4,76.9,104.8,62.9,172.1
0,167.8,77.8,21,27.62,1.905,0.24095,0.17333,0.1746,0.21047,0.32323,0.36363,0.60606,0.14733,0.11387,0.17221,0.04879,0.06169,91.3,80.0,100.8,40.4,36.1,28.0,54.2,16.0,27.0,74.5,101.6,61.0,167.8
0,160.3,46.9,66,18.25,1.445,0.23118,0.16201,0.15966,0.19697,0.31928,0.35919,0.59866,0.13771,0.10413,0.16116,0.04165,0.05849,81.2,69.6,89.8,36.9,32.6,22.3,51.0,14.8,22.0,70.1,95.6,57.3,160.3
0,176.0,60.6,21,19.56,1.721,0.22849,0.15891,0.14786,0.1933,0.31277,0.35187,0.58644,0.13507,0.09643,0.15816,0.03867,0.05802,88.1,71.3,97.4,40.3,35.7,22.3,55.2,16.1,22.6,75.9,103.5,62.1,176.0
0,151.9,66.9,68,28.98,1.68,0.23605,0.17092,0.16892,0.20706,0.3179,0.35764,0.59606,0.14528,0.11016,0.16941,0.04641,0.06034,82.6,71.0,90.9,36.3,32.4,26.0,48.9,14.4,23.6,67.2,91.6,55.0,151.9
0,153.0,46.1,42,19.7,1.399,0.23273,0.16113,0.16519,0.19574,0.32093,0.36105,0.60175,0.13696,0.10773,0.16015,0.04287,0.05892,77.3,68.9,85.4,35.6,31.4,23.0,49.0,14.3,21.7,67.4,91.9,55.2,153.0
0,161.9,46.3,50,17.65,1.443,0.23504,0.15327,0.1512,0.18638,0.32498,0.36561,0.60934,0.13028,0.09861,0.15249,0.03798,0.05944,78.2,67.1,86.4,38.2,33.7,21.2,52.8,15.3,20.4,72.6,98.9,59.4,161.9
0,177.8,104.5,31,33.04,2.272,0.2465,0.1827,0.186,0.222,0.32394,0.36443,0.60738,0.15529,0.1213,0.18163,0.05422,0.06362,100.5,89.0,111.0,43.2,38.9,32.5,56.7,17.0,31.4,78.0,106.4,63.8,177.8
0,161.1,49.3,41,18.97,1.485,0.23483,0.16677,0.16182,0.20273,0.32359,0.36404,0.60673,0.14176,0.10554,0.16587,0.0428,0.05947,83.0,70.0,91.7,37.2,32.9,22.6,51.3,14.9,22.4,70.5,96.1,57.7,161.1
0,161.3,64.5,28,24.81,1.7,0.23009,0.16678,0.15382,0.20248,0.31198,0.35097,0.58495,0.14177,0.10032,0.16567,0.04211,0.05865,86.3,69.2,95.2,37.9,33.7,23.9,51.4,15.1,22.9,70.6,96.3,57.8,161.3
0,152.7,56.7,42,24.33,1.551,0.23268,0.16839,0.1753,0.20428,0.31703,0.35666,0.59443,0.14313,0.11432,0.16714,0.04689,0.0592,80.0,72.5,88.3,35.2,31.3,25.4,48.0,14.0,23.5,66.0,89.9,54.0,152.7
0,168.9,45.7,45,16.0,1.464,0.2404,0.15617,0.15527,0.19002,0.3333,0.37496,0.62494,0.13274,0.10126,0.15547,0.03913,0.06073,81.9,70.8,90.6,40.1,35.4,21.4,55.6,16.1,21.6,76.5,104.3,62.6,168.9
0,169.0,65.6,24,22.98,1.755,0.23604,0.17307,0.16186,0.21033,0.32069,0.36077,0.60129,0.14711,0.10556,0.17209,0.04574,0.06012,93.8,76.3,103.6,40.7,36.2,25.4,55.3,16.2,26.1,76.0,103.7,62.2,169.0
0,167.9,73.1,66,25.95,1.847,0.23368,0.1699,0.15683,0.20636,0.31495,0.35432,0.59053,0.14442,0.10228,0.16884,0.04291,0.05971,88.8,71.3,98.1,38.9,34.7,24.6,52.4,15.5,23.6,72.1,98.3,59.0,167.9
0,158.2,63.9,53,25.54,1.676,0.24319,0.17446,0.17204,0.21169,0.32952,0.3707,0.61784,0.14829,0.1122,0.1732,0.04736,0.06201,85.6,73.4,94.4,38.0,33.8,25.7,51.4,15.1,24.5,70.7,96.5,57.9,158.2
0,157.7,69.7,27,28.04,1.748,0.22565,0.1693,0.16947,0.20531,0.3038,0.34178,0.56963,0.14391,0.11053,0.16798,0.04661,0.05769,85.1,74.1,93.8,36.1,32.2,26.6,48.6,14.3,24.7,66.8,91.1,54.7,157.7
0,153.7,53.2,66,22.51,1.507,0.2376,0.16559,0.16875,0.20101,0.32515,0.36579,0.60965,0.14075,0.11006,0.16446,0.045,0.06034,80.2,71.1,88.6,36.7,32.5,24.4,50.2,14.6,23.0,69.0,94.0,56.4,153.7
0,163.1,72.2,53,27.14,1.808,0.23505,0.17668,0.16619,0.21444,0.31643,0.35598,0.5933,0.15018,0.10838,0.17545,0.04679,0.06009,90.3,73.8,99.6,38.2,34.1,26.0,51.5,15.2,25.2,70.8,96.5,57.9,163.1
0,155.2,51.5,48,21.39,1.49,0.23696,0.15919,0.15247,0.19333,0.32506,0.36569,0.60949,0.13531,0.09944,0.15818,0.03912,0.06012,76.9,64.1,84.9,36.5,32.3,21.6,50.0,14.6,19.9,68.8,93.8,56.3,155.2
0,154.5,45.2,36,18.92,1.392,0.21945,0.15865,0.14693,0.1928,0.30309,0.34098,0.56829,0.13485,0.09582,0.15774,0.03816,0.05552,78.2,62.9,86.3,34.4,30.4,20.7,47.5,13.8,19.8,65.4,89.1,53.5,154.5
0,159.6,49.1,35,19.29,1.476,0.23068,0.17092,0.15408,0.20774,0.31775,0.35747,0.59578,0.14528,0.10049,0.16997,0.04151,0.05843,84.2,66.0,93.1,36.2,32.0,21.5,49.9,14.5,21.5,68.5,93.5,56.1,159.6
0,159.2,47.5,66,18.75,1.449,0.22699,0.16476,0.14231,0.20028,0.31317,0.35231,0.58719,0.14005,0.09281,0.16386,0.03865,0.05745,85.0,63.8,93.9,37.3,32.9,20.7,51.4,14.9,21.0,70.7,96.4,57.8,159.2
0,158.8,72.0,23,28.55,1.783,0.23946,0.17797,0.18178,0.21582,0.32178,0.362,0.60334,0.15127,0.11855,0.17658,0.05064,0.06127,87.1,77.3,96.0,37.3,33.3,27.8,50.1,14.8,26.1,68.9,94.0,56.4,158.8
0,165.7,51.0,45,18.59,1.532,0.2303,0.16349,0.16374,0.1988,0.31722,0.35687,0.59479,0.13897,0.10679,0.16266,0.04304,0.05833,84.4,73.5,93.3,37.8,33.5,23.3,52.1,15.2,23.4,71.7,97.7,58.6,165.7
0,163.0,67.0,24,25.19,1.742,0.24076,0.18067,0.16182,0.21936,0.32587,0.3666,0.611,0.15357,0.10554,0.17948,0.04667,0.06142,93.4,72.8,103.1,39.6,35.3,25.1,53.6,15.8,25.4,73.7,100.6,60.3,163.0
0,160.5,59.2,55,22.98,1.625,0.24832,0.17551,0.16023,0.21314,0.33848,0.38079,0.63466,0.14918,0.1045,0.17439,0.04434,0.06317,87.4,69.4,96.5,39.4,34.9,23.5,53.6,15.7,23.2,73.8,100.6,60.4,160.5
0,163.7,63.4,29,23.63,1.698,0.23612,0.16317,0.14805,0.19818,0.32087,0.36098,0.60164,0.13869,0.09655,0.16215,0.03978,0.06014,85.3,67.3,94.2,39.3,34.9,22.8,53.4,15.7,21.9,73.4,100.1,60.1,163.7
0,155.8,73.6,58,30.32,1.784,0.23408,0.17423,0.17701,0.21112,0.31355,0.35275,0.58791,0.1481,0.11544,0.17273,0.04906,0.05996,85.1,75.2,93.8,36.4,32.5,27.7,48.8,14.4,25.2,67.0,91.4,54.8,155.8
0,163.2,59.5,67,22.32,1.642,0.24371,0.17237,0.17117,0.20941,0.33247,0.37403,0.62338,0.14651,0.11163,0.17133,0.04714,0.06197,88.1,76.0,97.3,39.6,35.2,25.4,54.1,15.8,25.4,74.3,101.4,60.8,163.2
0,163.5,71.3,51,26.68,1.8,0.23085,0.16855,0.16345,0.2046,0.3111,0.34999,0.58332,0.14327,0.10659,0.1674,0.04447,0.05899,86.3,72.8,95.2,37.6,33.6,25.5,50.7,14.9,24.0,69.7,95.1,57.0,163.5
0,152.3,56.1,42,24.2,1.541,0.23037,0.17147,0.15877,0.20801,0.31405,0.3533,0.58883,0.14575,0.10355,0.17019,0.04373,0.0586,83.1,66.9,91.6,35.5,31.5,23.5,48.4,14.2,22.3,66.6,90.8,54.5,152.3
0,169.3,67.1,34,23.43,1.777,0.23437,0.16978,0.16421,0.20632,0.31797,0.35771,0.59619,0.14431,0.10709,0.16881,0.04535,0.05973,91.0,76.5,100.5,40.0,35.6,25.6,54.2,15.9,25.6,74.6,101.7,61.0,169.3
0,156.5,87.1,50,35.55,1.946,0.25206,0.18791,0.19331,0.22745,0.33295,0.37456,0.62427,0.15972,0.12607,0.1861,0.05652,0.06493,92.2,82.5,101.5,39.4,35.4,31.6,52.0,15.5,29.2,71.5,97.5,58.5,156.5
0,163.1,50.1,40,18.82,1.506,0.23394,0.15897,0.15381,0.19328,0.32229,0.36258,0.60429,0.13513,0.10031,0.15814,0.0401,0.05925,82.4,69.3,91.0,38.6,34.1,22.2,53.1,15.5,21.9,73.1,99.7,59.8,163.1
0,170.4,86.9,26,29.94,2.029,0.23915,0.17623,0.17552,0.21399,0.31832,0.35811,0.59686,0.1498,0.11447,0.17508,0.04976,0.06142,94.0,81.4,103.7,40.6,36.4,29.1,54.0,16.1,27.9,74.3,101.3,60.8,170.4
0,168.8,76.6,23,26.89,1.895,0.2315,0.18022,0.16785,0.21889,0.31106,0.34994,0.58324,0.15319,0.10947,0.17909,0.0486,0.05923,96.5,78.1,106.5,39.4,35.2,27.1,53.0,15.7,27.4,72.9,99.4,59.6,168.8
0,162.7,58.7,19,22.16,1.629,0.24271,0.16793,0.15282,0.20401,0.33131,0.37272,0.62121,0.14274,0.09967,0.16692,0.0409,0.0617,84.6,66.9,93.4,38.9,34.5,22.4,53.1,15.5,21.7,73.0,99.6,59.8,162.7
0,160.0,81.2,55,31.72,1.9,0.24332,0.18179,0.16856,0.22035,0.32401,0.36451,0.60751,0.15452,0.10993,0.18029,0.04767,0.06248,89.3,72.0,98.4,38.0,34.1,26.6,50.7,15.1,24.7,69.7,95.0,57.0,160.0
0,168.9,50.1,26,17.56,1.534,0.23183,0.15976,0.14734,0.19433,0.31995,0.35995,0.59991,0.1358,0.09609,0.159,0.03842,0.05867,85.2,68.3,94.2,39.3,34.8,21.2,54.3,15.8,21.6,74.7,101.8,61.1,168.9
0,167.1,61.4,20,22.01,1.689,0.23143,0.1703,0.16876,0.20697,0.31553,0.35497,0.59162,0.14476,0.11006,0.16934,0.04583,0.05886,88.2,76.0,97.4,38.1,33.9,25.1,52.0,15.2,25.0,71.5,97.5,58.5,167.1
0,158.3,49.1,33,19.58,1.469,0.2343,0.15694,0.15232,0.19072,0.32261,0.36294,0.6049,0.1334,0.09934,0.15604,0.03901,0.05935,78.3,66.1,86.5,37.2,32.9,21.7,51.2,14.9,20.5,70.4,96.1,57.6,158.3
0,157.1,63.7,42,25.79,1.667,0.23517,0.16579,0.15903,0.20114,0.31859,0.35841,0.59735,0.14092,0.10371,0.16457,0.043,0.05997,83.0,69.2,91.5,37.5,33.4,24.4,50.8,14.9,22.7,69.8,95.2,57.1,157.1
0,148.4,43.8,41,19.9,1.344,0.22461,0.15767,0.14977,0.19149,0.31006,0.34882,0.58136,0.13402,0.09768,0.15667,0.03834,0.05684,74.0,61.1,81.7,33.5,29.6,20.7,46.3,13.5,18.9,63.7,86.8,52.1,148.4
0,163.5,69.2,64,25.88,1.773,0.24213,0.17667,0.16513,0.21449,0.32702,0.3679,0.61317,0.15017,0.10769,0.17549,0.04652,0.06182,90.7,73.7,100.1,39.5,35.2,25.6,53.4,15.7,25.1,73.4,100.2,60.1,163.5
0,161.9,61.1,46,23.3,1.658,0.23133,0.15933,0.16777,0.1935,0.31488,0.35424,0.5904,0.13543,0.10941,0.15832,0.04458,0.05888,83.3,76.3,92.0,38.5,34.2,25.8,52.4,15.4,24.5,72.0,98.2,58.9,161.9
0,170.2,64.2,61,22.16,1.743,0.24081,0.16031,0.16119,0.19487,0.32778,0.36876,0.61459,0.13626,0.10512,0.15944,0.04211,0.06129,84.9,74.3,93.9,40.6,36.1,24.4,55.3,16.2,23.5,76.0,103.6,62.2,170.2
0,164.9,69.9,57,25.69,1.789,0.23546,0.16206,0.1607,0.19678,0.31799,0.35773,0.59622,0.13775,0.10481,0.161,0.0426,0.06012,83.9,72.3,92.6,38.8,34.6,25.0,52.4,15.4,23.2,72.0,98.2,58.9,164.9
0,171.6,67.6,43,22.97,1.795,0.24016,0.16396,0.16477,0.19931,0.32597,0.36671,0.61118,0.13937,0.10746,0.16307,0.0437,0.0612,87.1,76.1,96.2,40.6,36.1,25.2,55.1,16.2,24.4,75.8,103.3,62.0,171.6
0,157.8,49.7,55,19.98,1.476,0.23503,0.17117,0.1679,0.20799,0.32333,0.36374,0.60624,0.14549,0.1095,0.17017,0.04554,0.05956,84.1,71.7,92.9,36.7,32.5,23.6,50.5,14.7,23.5,69.5,94.8,56.9,157.8
0,170.2,112.2,52,38.72,2.303,0.24608,0.19197,0.18439,0.23284,0.31963,0.35958,0.5993,0.16317,0.12026,0.1905,0.05569,0.0638,102.5,85.6,113.0,41.8,37.8,33.0,54.3,16.4,31.3,74.7,101.8,61.1,170.2
0,158.9,55.9,40,22.14,1.571,0.23361,0.16774,0.15078,0.20373,0.31938,0.3593,0.59883,0.14258,0.09833,0.16668,0.04081,0.05935,84.2,65.8,93.0,37.3,33.1,22.2,51.0,14.9,21.6,70.2,95.7,57.4,158.9
0,167.8,46.4,21,16.49,1.471,0.24229,0.16545,0.15141,0.20129,0.33553,0.37748,0.62913,0.14063,0.09874,0.16469,0.03962,0.06123,85.3,67.8,94.3,39.7,35.1,20.8,55.0,16.0,21.5,75.7,103.2,61.9,167.8
0,152.6,48.5,59,20.84,1.434,0.24546,0.16912,0.16208,0.20538,0.33752,0.37971,0.63285,0.14375,0.10571,0.16804,0.04267,0.06221,78.5,65.4,86.7,36.3,32.1,22.1,49.9,14.5,20.8,68.6,93.5,56.1,152.6
0,164.1,52.2,31,19.39,1.543,0.22607,0.16171,0.15878,0.19658,0.31085,0.3497,0.58284,0.13745,0.10355,0.16084,0.04182,0.0573,83.8,71.5,92.6,37.3,33.0,23.0,51.3,14.9,22.8,70.5,96.1,57.7,164.1
0,149.0,61.4,64,27.67,1.595,0.24492,0.18073,0.17612,0.21895,0.33141,0.37283,0.62139,0.15362,0.11486,0.17914,0.04924,0.06249,83.3,70.6,91.7,35.9,32.0,25.8,48.6,14.3,23.9,66.9,91.2,54.7,149.0
0,160.7,65.6,56,25.4,1.711,0.23939,0.16992,0.15608,0.20625,0.32415,0.36467,0.60778,0.14443,0.10179,0.16875,0.04299,0.06106,86.7,69.2,95.7,38.9,34.6,24.1,52.6,15.5,23.1,72.4,98.7,59.2,160.7
0,165.5,70.5,24,25.73,1.8,0.23423,0.17778,0.15814,0.21589,0.31622,0.35575,0.59291,0.15111,0.10314,0.17663,0.04516,0.05982,93.3,72.1,102.9,39.1,34.9,24.9,52.8,15.6,24.9,72.6,99.0,59.4,165.5
0,159.0,57.1,25,22.58,1.587,0.23537,0.1689,0.15685,0.20511,0.32138,0.36155,0.60259,0.14357,0.1023,0.16782,0.04271,0.05983,84.8,68.5,93.7,37.6,33.4,23.2,51.4,15.0,22.6,70.7,96.3,57.8,159.0
0,155.4,55.3,59,22.93,1.545,0.23899,0.16539,0.16598,0.20077,0.32648,0.36729,0.61215,0.14058,0.10825,0.16427,0.04384,0.06074,79.9,69.7,88.2,36.8,32.6,23.9,50.2,14.7,22.3,69.0,94.1,56.5,155.4
0,168.3,63.9,68,22.58,1.728,0.22747,0.16281,0.15049,0.19787,0.30949,0.34817,0.58029,0.13839,0.09815,0.16189,0.04048,0.05791,87.5,70.3,96.6,38.9,34.6,23.3,52.9,15.5,22.9,72.8,99.2,59.5,168.3
0,161.8,62.1,36,23.72,1.67,0.23898,0.16892,0.1618,0.20513,0.32494,0.36556,0.60926,0.14358,0.10552,0.16783,0.04327,0.06085,83.9,69.9,92.6,37.8,33.6,23.8,51.4,15.1,22.6,70.6,96.3,57.8,161.8
0,159.2,70.2,19,27.72,1.762,0.24461,0.18295,0.16652,0.22192,0.32937,0.37055,0.61758,0.15551,0.1086,0.18157,0.04751,0.06253,90.2,71.4,99.5,38.4,34.3,25.5,51.7,15.3,24.7,71.1,96.9,58.2,159.2
0,162.8,67.5,64,25.46,1.747,0.23656,0.17097,0.17295,0.20757,0.31997,0.35997,0.59994,0.14532,0.11279,0.16983,0.04724,0.06036,86.6,76.2,95.6,38.1,34.0,26.4,51.6,15.2,25.2,70.9,96.7,58.0,162.8
0,180.4,85.2,18,26.18,2.067,0.24248,0.16995,0.17151,0.20668,0.32481,0.36541,0.60901,0.14446,0.11185,0.1691,0.04794,0.06212,96.8,84.9,107.0,43.9,39.3,28.8,58.9,17.4,28.7,80.9,110.4,66.2,180.4
0,170.3,76.0,59,26.18,1.896,0.24708,0.1773,0.17547,0.2154,0.33244,0.37399,0.62332,0.15071,0.11444,0.17623,0.04948,0.06318,93.7,80.7,103.5,41.6,37.1,27.7,55.9,16.5,27.5,76.9,104.9,62.9,170.3
0,170.4,81.2,55,27.95,1.96,0.23382,0.16783,0.17145,0.20384,0.313,0.35212,0.58687,0.14265,0.11182,0.16678,0.04851,0.05991,94.0,83.5,103.7,41.7,37.3,29.3,55.8,16.5,28.6,76.7,104.6,62.7,170.4
0,165.5,69.1,30,25.25,1.783,0.24771,0.17411,0.16413,0.21144,0.33487,0.37673,0.62788,0.14799,0.10704,0.173,0.04563,0.06322,89.9,73.7,99.3,40.7,36.3,25.3,55.0,16.2,24.8,75.7,103.2,61.9,165.5
0,163.6,68.4,59,25.56,1.764,0.23687,0.1818,0.15784,0.22073,0.32019,0.36021,0.60035,0.15453,0.10294,0.18059,0.04536,0.06046,93.2,70.4,102.9,38.7,34.4,24.4,52.3,15.4,24.5,71.9,98.0,58.8,163.6
0,146.2,62.9,61,29.43,1.598,0.23132,0.17429,0.15659,0.21095,0.31205,0.35105,0.58509,0.14814,0.10212,0.17259,0.04387,0.05909,82.4,64.4,90.6,34.8,31.0,24.0,47.0,13.8,21.8,64.6,88.0,52.8,146.2
0,157.9,53.5,41,21.48,1.532,0.23649,0.16622,0.14718,0.2019,0.32401,0.36452,0.60753,0.14129,0.09599,0.16519,0.03917,0.06003,81.9,63.1,90.5,37.1,32.9,21.2,50.8,14.8,20.3,69.9,95.3,57.2,157.9
0,159.2,52.7,49,20.79,1.527,0.23503,0.15874,0.15545,0.19286,0.32245,0.36275,0.60459,0.13493,0.10138,0.1578,0.03989,0.05963,78.7,67.0,86.9,37.1,32.9,22.2,50.9,14.8,20.8,70.0,95.4,57.3,159.2
0,149.8,44.1,47,19.66,1.354,0.22777,0.15466,0.14731,0.18787,0.31448,0.35378,0.58964,0.13147,0.09607,0.15371,0.03781,0.05763,74.8,62.0,82.6,35.1,31.0,20.9,48.4,14.1,19.3,66.6,90.8,54.5,149.8
0,154.6,59.3,23,24.81,1.596,0.22324,0.16986,0.16499,0.20608,0.30355,0.34149,0.56915,0.14438,0.1076,0.16861,0.04541,0.05684,84.0,71.0,92.7,35.1,31.2,24.9,47.8,14.0,23.6,65.7,89.6,53.8,154.6
0,149.0,39.0,55,17.55,1.27,0.23857,0.15766,0.15516,0.19164,0.33126,0.37267,0.62111,0.13401,0.10119,0.1568,0.03852,0.06022,71.6,61.3,79.1,34.5,30.4,20.2,47.9,13.9,18.4,65.8,89.8,53.9,149.0
0,162.2,68.5,50,26.01,1.757,0.22971,0.18262,0.16215,0.22167,0.31031,0.3491,0.58184,0.15523,0.10575,0.18137,0.04689,0.05865,93.3,72.1,103.0,37.4,33.3,25.1,50.5,14.9,25.2,69.4,94.7,56.8,162.2
0,168.1,66.7,61,23.6,1.764,0.23471,0.17199,0.16435,0.20898,0.31843,0.35824,0.59706,0.14619,0.10718,0.17099,0.04505,0.05982,89.5,74.4,98.9,38.9,34.6,25.0,52.7,15.5,24.7,72.5,98.9,59.3,168.1
0,170.0,84.3,40,29.16,1.995,0.24746,0.18099,0.16776,0.21977,0.33018,0.37145,0.61908,0.15384,0.10941,0.17981,0.04796,0.06349,95.1,76.6,104.9,41.4,37.1,27.2,55.2,16.4,26.5,75.9,103.5,62.1,170.0
0,165.3,58.6,27,21.45,1.641,0.23463,0.16364,0.16634,0.19887,0.32061,0.36069,0.60114,0.13909,0.10848,0.16271,0.04401,0.05962,84.5,74.7,93.3,38.6,34.2,24.6,52.7,15.4,23.9,72.5,98.8,59.3,165.3
0,155.9,56.5,63,23.23,1.564,0.24139,0.17238,0.15781,0.20925,0.32942,0.37059,0.61765,0.14652,0.10292,0.1712,0.04286,0.06137,83.2,66.2,91.8,37.1,32.9,22.8,50.6,14.8,21.8,69.6,94.9,56.9,155.9
0,149.4,64.9,32,29.1,1.641,0.22885,0.16317,0.15622,0.1976,0.30849,0.34705,0.57842,0.1387,0.10188,0.16167,0.04201,0.05848,79.1,65.8,87.1,35.3,31.5,24.3,47.6,14.0,21.4,65.4,89.2,53.5,149.4
0,150.6,69.0,40,30.42,1.698,0.24275,0.1874,0.17633,0.2269,0.32595,0.36669,0.61116,0.15929,0.115,0.18565,0.05135,0.06213,88.9,72.8,97.9,36.7,32.8,27.1,49.2,14.6,25.7,67.7,92.3,55.4,150.6
0,153.9,50.7,53,21.42,1.472,0.22135,0.16309,0.15346,0.19804,0.30375,0.34172,0.56954,0.13863,0.10008,0.16203,0.0418,0.05615,82.7,67.6,91.2,35.7,31.6,22.9,49.0,14.3,22.3,67.4,91.9,55.1,153.9
0,156.5,60.7,18,24.8,1.624,0.22039,0.17001,0.14787,0.20629,0.29943,0.33686,0.56144,0.14451,0.09644,0.16879,0.04105,0.05613,85.8,64.9,94.7,35.4,31.5,22.6,48.1,14.1,21.8,66.1,90.2,54.1,156.5
0,161.4,65.9,25,25.28,1.719,0.23544,0.16246,0.16879,0.19721,0.31881,0.35866,0.59777,0.13809,0.11008,0.16135,0.04495,0.06005,83.1,75.0,91.7,38.3,34.1,26.0,51.9,15.3,24.2,71.3,97.3,58.4,161.4
0,155.6,62.0,20,25.62,1.638,0.22346,0.16995,0.15784,0.20616,0.30306,0.34095,0.56824,0.14446,0.10294,0.16868,0.04326,0.05696,83.9,67.8,92.5,35.1,31.2,23.9,47.6,14.0,22.5,65.5,89.3,53.6,155.6
0,164.8,62.5,31,23.0,1.691,0.22847,0.17434,0.15898,0.2118,0.3109,0.34976,0.58293,0.14819,0.10368,0.17329,0.04433,0.05816,90.2,71.5,99.6,37.6,33.4,24.0,51.2,15.0,24.1,70.4,96.0,57.6,164.8
0,160.9,77.4,34,29.9,1.86,0.23495,0.1805,0.17322,0.2189,0.31425,0.35353,0.58922,0.15343,0.11297,0.1791,0.04957,0.06022,91.3,76.2,100.6,37.8,33.8,27.6,50.6,15.0,26.4,69.6,94.8,56.9,160.9
0,162.6,46.1,51,17.44,1.443,0.22713,0.15545,0.15583,0.18905,0.31418,0.35345,0.58909,0.13213,0.10163,0.15467,0.03943,0.05743,79.2,69.1,87.6,36.9,32.5,21.7,51.0,14.8,21.2,70.1,95.6,57.3,162.6
0,170.3,64.9,64,22.39,1.752,0.23329,0.16513,0.16433,0.20072,0.31734,0.35701,0.59501,0.14036,0.10717,0.16422,0.04411,0.05939,88.1,76.2,97.3,39.6,35.2,25.1,53.9,15.8,24.8,74.1,101.0,60.6,170.3
0,154.5,61.9,23,25.95,1.63,0.23227,0.16943,0.16517,0.2055,0.3149,0.35426,0.59043,0.14402,0.10772,0.16813,0.04463,0.05921,81.8,69.4,90.2,35.7,31.8,24.6,48.4,14.2,22.7,66.6,90.8,54.5,154.5
0,165.3,71.1,22,25.99,1.807,0.2272,0.16693,0.16108,0.20269,0.30653,0.34484,0.57474,0.14189,0.10505,0.16584,0.04414,0.05804,88.0,73.8,97.1,38.1,34.0,25.6,51.4,15.2,24.5,70.7,96.4,57.9,165.3
0,162.4,79.8,63,30.26,1.898,0.24436,0.18429,0.17374,0.22352,0.32628,0.36707,0.61178,0.15664,0.11331,0.18288,0.05092,0.06268,95.1,77.9,104.8,40.1,35.9,28.3,53.6,15.9,27.6,73.7,100.4,60.3,162.4
0,160.2,75.7,68,29.48,1.835,0.23552,0.16643,0.1703,0.20183,0.31549,0.35492,0.59153,0.14146,0.11107,0.16513,0.04601,0.06033,83.8,74.6,92.4,37.8,33.8,27.0,50.6,15.0,24.4,69.5,94.8,56.9,160.2
0,168.5,65.1,58,22.91,1.745,0.22487,0.17176,0.17327,0.20873,0.30563,0.34383,0.57305,0.14599,0.113,0.17078,0.04795,0.05727,91.0,79.8,100.5,37.9,33.7,26.5,51.5,15.1,26.7,70.8,96.6,58.0,168.5
0,168.5,85.1,57,29.99,1.996,0.23461,0.16896,0.17444,0.20511,0.31253,0.3516,0.586,0.14362,0.11377,0.16782,0.04862,0.06023,90.9,81.6,100.3,40.2,36.0,29.3,53.5,15.9,27.5,73.6,100.4,60.2,168.5
0,156.1,51.9,46,21.3,1.5,0.23175,0.16245,0.15402,0.1973,0.31788,0.35761,0.59602,0.13808,0.10045,0.16142,0.03992,0.0588,78.4,64.6,86.5,35.6,31.5,21.7,48.8,14.2,20.3,67.1,91.5,54.9,156.1
0,161.3,73.3,52,28.17,1.811,0.2365,0.16624,0.1678,0.20168,0.31775,0.35747,0.59579,0.1413,0.10943,0.16501,0.04494,0.06051,83.3,73.1,91.9,37.7,33.7,26.1,50.7,15.0,23.7,69.7,95.0,57.0,161.3
0,164.4,88.4,35,32.71,2.01,0.24179,0.17664,0.17514,0.21421,0.32036,0.36041,0.60068,0.15014,0.11422,0.17526,0.05007,0.06221,92.4,79.7,101.9,40.3,36.2,29.5,53.4,15.9,27.6,73.4,100.0,60.0,164.4
0,160.6,76.3,57,29.56,1.845,0.23611,0.18432,0.17975,0.22354,0.31614,0.35566,0.59276,0.15668,0.11723,0.18289,0.05229,0.0605,93.3,79.1,102.9,38.0,34.0,28.6,50.9,15.1,27.9,70.0,95.5,57.3,160.6
0,166.5,67.9,65,24.48,1.771,0.23782,0.17702,0.17843,0.21503,0.32205,0.3623,0.60384,0.15047,0.11637,0.17593,0.04938,0.06065,89.9,78.8,99.2,38.4,34.2,26.8,52.0,15.3,26.4,71.6,97.6,58.6,166.5
0,164.4,61.4,47,22.73,1.675,0.23761,0.16206,0.15864,0.19689,0.32363,0.36409,0.60681,0.13775,0.10346,0.16109,0.04183,0.06046,83.5,71.1,92.2,39.0,34.6,23.8,53.1,15.5,22.7,73.0,99.5,59.7,164.4
0,175.0,56.8,32,18.54,1.661,0.23975,0.16896,0.15039,0.20554,0.3293,0.37047,0.61744,0.14361,0.09808,0.16817,0.04083,0.0608,92.3,71.5,102.1,41.7,36.9,22.1,57.3,16.7,23.5,78.8,107.4,64.4,175.0
0,152.1,58.6,32,25.35,1.574,0.23578,0.17441,0.15501,0.21151,0.32048,0.36054,0.6009,0.14825,0.1011,0.17305,0.04313,0.06004,84.1,65.0,92.7,36.2,32.2,23.1,49.2,14.4,21.9,67.6,92.2,55.3,152.1
0,161.7,52.0,33,19.89,1.528,0.2204,0.16306,0.15666,0.19818,0.30287,0.34073,0.56788,0.1386,0.10217,0.16215,0.04147,0.05588,83.2,69.5,91.9,35.8,31.7,22.7,49.2,14.3,22.3,67.6,92.2,55.3,161.7
0,156.3,51.4,50,21.01,1.493,0.23311,0.17821,0.17529,0.21646,0.31996,0.35995,0.59992,0.15148,0.11432,0.1771,0.04853,0.05913,85.6,73.2,94.5,35.6,31.5,24.5,48.9,14.3,24.5,67.2,91.7,55.0,156.3
0,166.6,54.5,27,19.64,1.588,0.23371,0.16788,0.15969,0.20411,0.32085,0.36095,0.60159,0.1427,0.10414,0.167,0.04314,0.05927,87.7,72.6,97.0,38.9,34.4,23.3,53.4,15.6,23.7,73.4,100.1,60.0,166.6
0,151.5,51.0,36,22.24,1.466,0.23209,0.16853,0.14803,0.20456,0.3181,0.35786,0.59643,0.14325,0.09654,0.16737,0.03985,0.0589,80.3,61.3,88.6,35.2,31.2,21.1,48.2,14.1,20.0,66.3,90.5,54.3,151.5
0,164.9,65.0,54,23.93,1.726,0.23427,0.16541,0.15812,0.20092,0.31794,0.35768,0.59614,0.1406,0.10312,0.16439,0.04247,0.0597,85.7,71.2,94.6,38.6,34.3,24.1,52.4,15.4,23.2,72.1,98.3,59.0,164.9
0,158.2,63.1,67,25.19,1.665,0.24014,0.18019,0.16598,0.21868,0.32569,0.3664,0.61067,0.15317,0.10825,0.17892,0.04596,0.06121,86.3,69.1,95.2,36.6,32.6,24.1,49.6,14.6,23.2,68.2,93.1,55.8,158.2
0,157.5,53.9,20,21.71,1.535,0.22725,0.16654,0.15312,0.20227,0.31119,0.35009,0.58348,0.14156,0.09986,0.16549,0.04098,0.0577,82.4,65.8,90.9,35.8,31.7,22.2,49.0,14.3,21.3,67.4,91.8,55.1,157.5
0,152.7,67.2,53,28.84,1.688,0.24408,0.17521,0.16439,0.21229,0.32871,0.36979,0.61632,0.14893,0.10721,0.17369,0.04604,0.06239,85.1,69.4,93.7,37.7,33.7,25.4,50.8,15.0,23.5,69.9,95.3,57.2,152.7
0,159.3,58.9,21,23.21,1.615,0.23261,0.16266,0.16168,0.19751,0.31703,0.35665,0.59442,0.13826,0.10544,0.1616,0.04297,0.05917,82.2,71.1,90.8,37.4,33.2,24.2,51.0,14.9,22.9,70.1,95.7,57.4,159.3
0,169.9,60.7,28,21.03,1.692,0.24008,0.16856,0.165,0.20493,0.32791,0.36889,0.61482,0.14328,0.10761,0.16767,0.04456,0.06102,88.9,75.7,98.3,40.3,35.8,24.5,55.1,16.1,24.7,75.7,103.2,61.9,169.9
0,162.3,65.8,58,24.99,1.723,0.23119,0.16289,0.16771,0.19777,0.31318,0.35233,0.58722,0.13846,0.10937,0.16181,0.04521,0.05896,84.9,76.0,93.7,38.4,34.1,26.2,52.0,15.3,24.8,71.4,97.4,58.4,162.3
0,166.8,93.4,50,33.58,2.08,0.24426,0.17289,0.18385,0.20971,0.32246,0.36277,0.60462,0.14696,0.1199,0.17158,0.0513,0.06293,90.0,83.2,99.2,40.5,36.4,30.9,53.4,16.0,28.1,73.4,100.2,60.1,166.8
0,173.8,76.9,45,25.46,1.927,0.23483,0.17614,0.15188,0.21409,0.31613,0.35565,0.59275,0.14972,0.09905,0.17516,0.04345,0.06003,97.2,72.9,107.4,41.3,36.8,24.7,55.6,16.4,25.2,76.4,104.2,62.5,173.8
0,164.3,61.0,49,22.61,1.669,0.22319,0.1555,0.14951,0.18892,0.30411,0.34212,0.5702,0.13218,0.09751,0.15457,0.03911,0.05678,82.6,69.0,91.2,37.7,33.5,23.1,51.4,15.1,21.9,70.7,96.4,57.8,164.3
0,158.7,46.7,33,18.55,1.435,0.22145,0.1592,0.15005,0.19352,0.30575,0.34396,0.57327,0.13532,0.09786,0.15834,0.03916,0.05603,80.6,66.0,89.0,35.7,31.5,21.3,49.2,14.3,20.9,67.7,92.3,55.4,158.7
0,165.7,63.6,26,23.17,1.711,0.23727,0.17025,0.16271,0.20684,0.32261,0.36293,0.60488,0.14471,0.10612,0.16923,0.04462,0.06042,88.6,73.6,97.8,39.3,34.9,24.7,53.4,15.7,24.4,73.5,100.2,60.1,165.7
0,158.8,63.1,28,25.03,1.668,0.24174,0.17547,0.17297,0.21297,0.32792,0.36891,0.61486,0.14915,0.11281,0.17425,0.04757,0.06161,85.7,73.5,94.6,37.6,33.5,25.6,51.0,15.0,24.5,70.1,95.6,57.4,158.8
0,159.1,57.0,23,22.51,1.587,0.24199,0.16755,0.16221,0.20347,0.33047,0.37178,0.61963,0.14241,0.10579,0.16648,0.04327,0.06151,82.6,69.5,91.2,38.0,33.7,23.5,51.9,15.2,22.5,71.3,97.2,58.3,159.1
0,152.2,41.9,66,18.12,1.332,0.23339,0.16025,0.15136,0.19478,0.32328,0.36369,0.60614,0.13622,0.09871,0.15936,0.03922,0.05898,76.9,63.2,85.0,35.7,31.5,20.7,49.4,14.3,19.8,67.9,92.6,55.6,152.2
0,168.8,59.3,44,20.81,1.667,0.23362,0.1703,0.16208,0.20704,0.31942,0.35934,0.59891,0.14476,0.10571,0.16939,0.04397,0.05935,89.0,73.7,98.4,38.9,34.5,23.9,53.1,15.5,24.2,73.1,99.6,59.8,168.8
0,159.9,78.7,29,30.79,1.87,0.24381,0.18147,0.1706,0.21999,0.3255,0.36618,0.61031,0.15425,0.11126,0.17999,0.04913,0.06254,91.6,74.9,101.0,39.2,35.1,27.5,52.3,15.5,26.1,71.9,98.1,58.9,159.9
0,163.7,82.3,39,30.69,1.934,0.23841,0.18411,0.17045,0.22332,0.31775,0.35747,0.59578,0.15649,0.11116,0.18272,0.05039,0.06119,96.8,78.0,106.8,39.9,35.8,28.4,53.2,15.8,27.9,73.1,99.7,59.8,163.7
0,155.5,50.0,57,20.68,1.469,0.23615,0.16486,0.16339,0.20025,0.32452,0.36509,0.60848,0.14013,0.10656,0.16384,0.0433,0.05987,80.5,69.4,88.9,36.7,32.5,23.2,50.4,14.7,22.3,69.3,94.6,56.7,155.5
0,165.5,73.8,65,26.96,1.842,0.24293,0.17029,0.16352,0.20674,0.32684,0.3677,0.61283,0.14474,0.10664,0.16915,0.04576,0.06212,90.6,75.6,100.0,41.1,36.7,26.5,55.3,16.3,25.6,76.1,103.7,62.2,165.5
0,157.3,48.7,54,19.68,1.459,0.24476,0.15994,0.15657,0.19435,0.33704,0.37916,0.63194,0.13595,0.10211,0.15902,0.0402,0.062,78.1,66.5,86.3,38.1,33.6,21.9,52.4,15.2,20.7,72.0,98.2,58.9,157.3
0,161.5,79.7,38,30.53,1.891,0.24597,0.18291,0.17496,0.2218,0.32834,0.36938,0.61563,0.15547,0.11411,0.18148,0.05015,0.0631,91.7,76.3,101.1,39.3,35.2,27.8,52.4,15.5,26.5,72.1,98.3,59.0,161.5
0,168.5,71.2,50,25.07,1.825,0.23641,0.17273,0.17147,0.20983,0.31935,0.35926,0.59877,0.14682,0.11183,0.17168,0.04821,0.06036,92.6,80.0,102.3,40.4,36.0,27.3,54.5,16.1,27.2,75.0,102.2,61.3,168.5
0,167.9,79.6,34,28.26,1.927,0.24468,0.17546,0.16313,0.21304,0.32764,0.36859,0.61432,0.14914,0.10639,0.17431,0.04598,0.06269,92.3,74.7,101.9,41.0,36.7,26.4,54.9,16.2,25.5,75.5,102.9,61.7,167.9
0,162.4,47.4,46,17.97,1.461,0.22943,0.16362,0.16396,0.19896,0.31691,0.35652,0.5942,0.13908,0.10693,0.16279,0.04321,0.05804,83.3,72.6,92.1,37.2,32.8,23.0,51.3,14.9,23.1,70.6,96.3,57.8,162.4
0,150.5,61.1,57,26.98,1.598,0.2366,0.17251,0.16005,0.20907,0.32049,0.36055,0.60092,0.14664,0.10438,0.17106,0.0434,0.06034,80.5,64.9,88.7,35.1,31.3,23.5,47.6,14.0,21.3,65.5,89.3,53.6,150.5
0,182.9,80.3,27,24.02,2.019,0.23627,0.17221,0.15809,0.20951,0.31825,0.35803,0.59672,0.14638,0.1031,0.17142,0.04499,0.06039,100.8,80.5,111.5,44.0,39.3,26.5,59.3,17.5,27.7,81.5,111.2,66.7,182.9
0,174.4,84.5,35,27.79,2.023,0.2374,0.18284,0.17716,0.22218,0.31735,0.35702,0.59503,0.15541,0.11554,0.18178,0.05145,0.06086,99.3,83.6,109.7,41.0,36.7,29.1,54.8,16.3,29.4,75.4,102.8,61.7,174.4
0,167.4,78.7,64,28.09,1.914,0.23687,0.17696,0.1735,0.21485,0.3174,0.35707,0.59512,0.15042,0.11315,0.17579,0.04994,0.06067,94.9,80.9,104.8,40.5,36.2,28.6,54.2,16.0,28.2,74.5,101.6,61.0,167.4
0,157.4,60.2,69,24.32,1.623,0.2388,0.17159,0.1551,0.20826,0.32475,0.36534,0.6089,0.14585,0.10115,0.1704,0.04217,0.0608,83.9,65.9,92.5,37.1,33.0,22.8,50.5,14.8,21.7,69.5,94.7,56.8,157.4
0,161.7,56.8,30,21.71,1.597,0.2337,0.16329,0.15427,0.19839,0.31953,0.35948,0.59913,0.1388,0.10061,0.16232,0.04035,0.05937,81.7,67.1,90.2,37.2,33.0,22.3,50.9,14.9,21.2,69.9,95.4,57.2,161.7
0,158.8,69.2,44,27.46,1.748,0.23518,0.16874,0.16788,0.20468,0.31695,0.35657,0.59428,0.14343,0.10949,0.16746,0.04596,0.0601,85.0,73.6,93.8,37.7,33.7,26.2,50.8,15.0,24.4,69.9,95.3,57.2,158.8
0,171.1,69.7,27,23.8,1.82,0.24689,0.17633,0.18207,0.21431,0.33436,0.37615,0.62692,0.14988,0.11874,0.17534,0.05083,0.06297,93.1,83.6,102.8,41.5,36.9,27.9,56.2,16.5,28.2,77.2,105.3,63.2,171.1
0,164.3,56.0,49,20.73,1.598,0.22848,0.17277,0.16148,0.20998,0.31296,0.35208,0.5868,0.14685,0.10531,0.1718,0.04546,0.058,91.3,74.2,100.9,38.4,34.1,24.3,52.7,15.4,25.3,72.4,98.7,59.2,164.3
0,157.2,50.8,58,20.56,1.489,0.23718,0.16471,0.15733,0.2001,0.32584,0.36657,0.61095,0.14,0.10261,0.16372,0.0412,0.06014,80.0,66.5,88.4,36.7,32.5,22.1,50.4,14.7,21.1,69.3,94.5,56.7,157.2
0,159.3,47.5,62,18.71,1.449,0.23848,0.16709,0.14173,0.20311,0.32906,0.37019,0.61698,0.14202,0.09243,0.16618,0.03736,0.06036,81.9,60.4,90.5,37.2,32.9,19.5,51.3,14.9,19.3,70.6,96.2,57.7,159.3
0,170.1,63.8,20,22.05,1.737,0.23839,0.16553,0.16182,0.20122,0.32461,0.36519,0.60865,0.1407,0.10553,0.16463,0.0434,0.06067,88.0,74.8,97.3,40.3,35.8,24.5,54.9,16.1,24.3,75.5,103.0,61.8,170.1
0,173.4,87.2,39,29.0,2.049,0.23783,0.17228,0.17434,0.2093,0.31695,0.35657,0.59428,0.14644,0.1137,0.17125,0.049,0.06105,94.1,82.8,103.9,41.4,37.1,29.2,55.1,16.4,28.2,75.8,103.3,62.0,173.4
0,172.9,74.1,44,24.78,1.886,0.23992,0.1691,0.16356,0.20552,0.32375,0.36422,0.60703,0.14373,0.10667,0.16816,0.04486,0.06128,91.4,76.9,101.0,41.3,36.8,25.9,55.7,16.4,25.5,76.6,104.5,62.7,172.9
0,167.6,61.8,20,21.98,1.696,0.22773,0.15519,0.15316,0.18861,0.31045,0.34925,0.58209,0.13191,0.09989,0.15432,0.03951,0.05793,82.5,70.8,91.1,38.5,34.2,23.3,52.5,15.4,22.1,72.2,98.5,59.1,167.6
0,160.8,71.3,50,27.57,1.784,0.24314,0.18829,0.17592,0.22844,0.32728,0.36819,0.61366,0.16004,0.11473,0.18691,0.05042,0.06216,91.5,74.3,100.9,37.6,33.6,26.4,50.6,14.9,25.8,69.6,94.9,57.0,160.8
0,142.0,42.1,19,20.87,1.288,0.22673,0.15003,0.14767,0.18207,0.31293,0.35204,0.58674,0.12752,0.09631,0.14896,0.03629,0.05738,67.5,57.8,74.5,32.5,28.7,20.3,44.8,13.0,17.2,61.6,84.1,50.4,142.0
0,164.5,66.2,28,24.44,1.739,0.24301,0.17215,0.17934,0.20907,0.32939,0.37056,0.61761,0.14632,0.11696,0.17106,0.04891,0.06196,87.3,79.0,96.3,39.2,34.9,27.0,53.1,15.6,26.1,73.1,99.6,59.8,164.5
0,162.5,61.6,63,23.32,1.667,0.23329,0.16054,0.16941,0.19499,0.31746,0.35714,0.59523,0.13646,0.11049,0.15953,0.04477,0.05938,82.9,76.0,91.5,38.3,34.1,25.7,52.2,15.3,24.3,71.7,97.8,58.7,162.5
0,163.5,73.3,27,27.45,1.825,0.24299,0.17374,0.17694,0.21086,0.32678,0.36763,0.61272,0.14768,0.1154,0.17252,0.04852,0.06215,87.1,77.2,96.1,38.8,34.6,27.2,52.2,15.4,25.6,71.7,97.8,58.7,163.5
0,162.9,48.8,56,18.39,1.486,0.24229,0.17307,0.15874,0.21043,0.33421,0.37599,0.62665,0.14711,0.10353,0.17217,0.0428,0.06133,86.0,68.6,95.0,38.3,33.8,21.8,52.8,15.4,22.4,72.7,99.1,59.4,162.9
0,153.5,49.0,50,20.81,1.446,0.2359,0.16553,0.153,0.20103,0.32429,0.36483,0.60805,0.1407,0.09978,0.16448,0.04045,0.0598,79.4,63.8,87.6,36.0,31.9,21.5,49.5,14.4,20.4,68.0,92.8,55.7,153.5
0,166.3,50.3,24,18.2,1.525,0.23175,0.15747,0.15419,0.1915,0.31951,0.35945,0.59909,0.13385,0.10056,0.15668,0.03948,0.05868,81.9,69.7,90.6,38.4,33.9,22.0,52.9,15.4,21.6,72.7,99.2,59.5,166.3
0,166.8,64.0,32,23.01,1.722,0.22717,0.16306,0.16971,0.19813,0.30888,0.34749,0.57915,0.1386,0.11068,0.16211,0.04562,0.05785,86.7,78.5,95.8,38.4,34.2,26.2,52.3,15.3,25.5,71.9,98.0,58.8,166.8
0,167.1,82.5,43,29.55,1.958,0.23202,0.17095,0.17544,0.20749,0.30968,0.34838,0.58064,0.1453,0.11441,0.16977,0.0492,0.05952,91.2,81.4,100.7,39.4,35.3,29.1,52.6,15.6,27.6,72.3,98.6,59.2,167.1
0,168.9,63.0,28,22.07,1.719,0.22904,0.16787,0.16236,0.20404,0.312,0.351,0.585,0.14269,0.10589,0.16694,0.04399,0.05828,88.7,74.6,98.0,38.5,34.2,24.5,52.5,15.4,24.5,72.2,98.4,59.0,168.9
0,166.6,61.2,55,22.05,1.683,0.2405,0.17155,0.16953,0.20848,0.32792,0.36891,0.61485,0.14582,0.11056,0.17057,0.046,0.06117,87.9,75.5,97.1,39.2,34.8,25.0,53.5,15.7,24.8,73.5,100.2,60.1,166.6
0,159.7,71.1,44,27.89,1.776,0.23179,0.18278,0.17081,0.22171,0.3119,0.35088,0.58481,0.15536,0.1114,0.1814,0.04952,0.05927,92.5,75.1,102.0,37.3,33.3,26.8,50.2,14.8,26.4,69.1,94.2,56.5,159.7
0,162.0,75.7,56,28.84,1.846,0.24415,0.17143,0.17886,0.20797,0.32732,0.36824,0.61373,0.14572,0.11665,0.17016,0.04828,0.06252,84.5,76.6,93.1,38.3,34.2,27.5,51.3,15.2,25.0,70.6,96.2,57.7,162.0
0,163.1,63.0,24,23.69,1.69,0.23271,0.16718,0.16701,0.20304,0.31626,0.35579,0.59299,0.1421,0.10892,0.16612,0.04544,0.05927,86.5,75.1,95.5,38.3,34.1,25.5,52.1,15.3,24.7,71.6,97.6,58.6,163.1
0,163.2,72.0,18,27.02,1.807,0.24344,0.17259,0.17169,0.20948,0.32781,0.36878,0.61464,0.1467,0.11197,0.1714,0.04751,0.06223,88.2,76.3,97.3,39.6,35.3,26.8,53.3,15.7,25.6,73.3,100.0,60.0,163.2
0,169.3,57.4,27,20.02,1.643,0.23873,0.1697,0.16298,0.20634,0.32708,0.36796,0.61327,0.14425,0.10629,0.16883,0.04443,0.0606,89.9,75.1,99.4,40.3,35.7,24.0,55.2,16.1,24.8,75.9,103.5,62.1,169.3
0,166.9,84.6,38,30.39,1.981,0.23966,0.18064,0.17453,0.21922,0.31916,0.35906,0.59843,0.15354,0.11382,0.17936,0.05035,0.06153,94.8,79.7,104.6,40.1,35.9,28.8,53.3,15.8,27.8,73.3,100.0,60.0,166.9
0,176.6,108.1,32,34.65,2.303,0.24298,0.18422,0.17481,0.22377,0.31804,0.3578,0.59633,0.15658,0.11401,0.18309,0.05283,0.06281,105.5,87.0,116.5,44.3,39.9,32.3,58.0,17.4,31.8,79.7,108.7,65.2,176.6
0,177.5,82.8,47,26.27,2.02,0.22692,0.17478,0.16322,0.21249,0.30427,0.3423,0.5705,0.14856,0.10645,0.17386,0.04657,0.05811,98.4,79.9,108.7,40.7,36.3,27.2,54.5,16.1,27.6,75.0,102.2,61.3,177.5
0,163.0,44.9,47,16.87,1.425,0.24039,0.15521,0.14749,0.18878,0.33301,0.37463,0.62439,0.13192,0.09619,0.15446,0.03721,0.06074,79.3,65.5,87.6,39.1,34.5,20.4,54.1,15.7,20.0,74.4,101.5,60.9,163.0
0,142.0,44.1,25,21.87,1.319,0.2353,0.16928,0.14616,0.20535,0.32396,0.36446,0.60743,0.14389,0.09532,0.16801,0.0392,0.05961,75.6,56.8,83.4,33.5,29.6,20.1,46.1,13.4,18.4,63.3,86.4,51.8,142.0
0,170.9,78.0,41,26.69,1.924,0.24101,0.18015,0.1636,0.21886,0.32372,0.36418,0.60697,0.15313,0.10669,0.17906,0.0468,0.06167,95.8,75.7,105.8,40.8,36.4,26.1,54.8,16.2,26.2,75.4,102.8,61.7,170.9
0,158.8,56.5,36,22.38,1.578,0.23266,0.173,0.15524,0.2101,0.31786,0.3576,0.59599,0.14705,0.10124,0.1719,0.04248,0.05913,85.4,66.6,94.2,36.5,32.4,22.5,49.9,14.6,22.1,68.6,93.6,56.2,158.8
0,157.0,73.6,20,29.85,1.792,0.23581,0.1828,0.16727,0.22156,0.31605,0.35556,0.5926,0.15538,0.10909,0.18128,0.04821,0.06039,90.5,72.0,99.7,37.2,33.2,26.3,49.8,14.7,25.1,68.5,93.4,56.0,157.0
0,159.8,67.9,32,26.58,1.735,0.23641,0.17217,0.17428,0.20891,0.31922,0.35913,0.59854,0.14635,0.11366,0.17093,0.04859,0.06037,87.7,77.2,96.7,38.3,34.2,27.2,51.8,15.2,26.1,71.2,97.0,58.2,159.8
0,159.5,54.2,53,21.33,1.55,0.24205,0.17641,0.16051,0.2143,0.33157,0.37302,0.6217,0.14995,0.10468,0.17534,0.04417,0.06145,86.4,68.3,95.4,37.7,33.4,22.8,51.7,15.1,22.8,71.1,96.9,58.1,159.5
0,166.7,67.2,23,24.18,1.763,0.23441,0.1685,0.16171,0.2047,0.31768,0.3574,0.59566,0.14323,0.10546,0.16748,0.04478,0.05977,90.1,75.2,99.5,39.9,35.5,25.5,54.0,15.9,25.2,74.3,101.3,60.8,166.7
0,151.9,47.7,59,20.66,1.418,0.22712,0.16065,0.15608,0.1951,0.31252,0.35159,0.58598,0.13655,0.10179,0.15963,0.04073,0.05755,77.4,65.3,85.4,34.8,30.8,22.1,47.9,13.9,20.6,65.9,89.8,53.9,151.9
0,155.2,56.1,67,23.31,1.555,0.22718,0.16514,0.16852,0.20045,0.31005,0.3488,0.58133,0.14037,0.10991,0.164,0.04524,0.05776,81.5,72.4,90.0,35.7,31.7,24.9,48.7,14.3,23.5,67.0,91.4,54.8,155.2
0,164.8,59.5,65,21.88,1.65,0.23798,0.16829,0.15756,0.2045,0.32485,0.36545,0.60909,0.14305,0.10275,0.16732,0.04241,0.0605,86.2,70.2,95.2,38.8,34.4,23.2,53.0,15.5,22.9,72.8,99.3,59.6,164.8
0,166.7,81.6,35,29.36,1.944,0.24808,0.1782,0.1738,0.21629,0.33135,0.37276,0.62127,0.15147,0.11335,0.17696,0.0489,0.06362,91.5,77.6,101.0,40.6,36.3,27.8,54.2,16.1,26.4,74.5,101.6,60.9,166.7
0,166.9,95.9,55,34.46,2.109,0.24238,0.19337,0.17908,0.23453,0.31919,0.35908,0.59847,0.16437,0.11679,0.19189,0.05424,0.06251,101.6,81.8,112.1,40.5,36.5,30.6,53.4,16.0,30.0,73.4,100.1,60.1,166.9
0,157.1,46.6,36,18.85,1.426,0.23954,0.16329,0.16109,0.19847,0.33062,0.37194,0.61991,0.1388,0.10506,0.16238,0.04225,0.06062,80.3,68.9,88.8,37.5,33.1,22.5,51.8,15.0,21.9,71.2,97.1,58.2,157.1
0,155.8,42.1,66,17.34,1.35,0.23245,0.16049,0.16008,0.19514,0.32227,0.36256,0.60426,0.13642,0.1044,0.15966,0.04123,0.05872,78.1,67.7,86.3,36.0,31.7,21.7,49.9,14.5,21.1,68.6,93.6,56.1,155.8
0,159.1,58.4,67,23.07,1.606,0.24102,0.17401,0.16811,0.21129,0.32865,0.36974,0.61623,0.14791,0.10964,0.17288,0.0457,0.0613,84.7,71.1,93.5,37.3,33.1,24.2,50.9,14.9,23.4,70.0,95.4,57.3,159.1
0,164.1,50.0,47,18.58,1.51,0.22905,0.17152,0.15729,0.20855,0.31566,0.35512,0.59187,0.14579,0.10258,0.17063,0.04407,0.058,90.9,72.5,100.4,38.6,34.1,23.1,53.2,15.5,24.6,73.2,99.8,59.9,164.1
0,172.6,72.2,30,24.24,1.861,0.24521,0.167,0.16741,0.20298,0.33146,0.3729,0.62149,0.14195,0.10918,0.16608,0.04525,0.06259,89.6,78.1,99.0,41.9,37.3,26.2,56.6,16.7,25.5,77.8,106.1,63.7,172.6
0,148.6,60.3,56,27.31,1.577,0.23116,0.16857,0.16584,0.20423,0.31312,0.35226,0.58711,0.14328,0.10816,0.16709,0.04437,0.05895,78.2,66.9,86.2,34.2,30.4,24.4,46.3,13.6,21.7,63.6,86.7,52.0,148.6
0,161.0,80.4,69,31.0,1.896,0.23329,0.17061,0.18097,0.20685,0.3111,0.34999,0.58332,0.14502,0.11803,0.16924,0.05001,0.05987,86.8,80.0,95.6,37.8,33.8,29.3,50.4,15.0,26.8,69.3,94.4,56.7,161.0
0,153.4,58.6,29,24.88,1.58,0.23494,0.16892,0.1668,0.20491,0.31955,0.3595,0.59916,0.14358,0.10878,0.16765,0.04491,0.05982,81.0,69.6,89.4,35.9,31.9,24.5,48.8,14.3,22.7,67.1,91.5,54.9,153.4
0,151.3,53.2,51,23.27,1.496,0.25163,0.16983,0.15693,0.20606,0.344,0.387,0.645,0.14435,0.10235,0.1686,0.04211,0.06393,79.8,64.1,88.0,37.6,33.4,22.3,51.5,15.0,20.8,70.8,96.5,57.9,151.3
0,169.1,49.1,29,17.18,1.519,0.23242,0.15947,0.1598,0.19399,0.32111,0.36125,0.60208,0.13555,0.10421,0.15872,0.04115,0.05879,84.0,73.2,92.9,39.0,34.4,22.5,53.8,15.6,22.8,74.0,100.9,60.5,169.1
0,166.2,66.7,61,24.15,1.755,0.24311,0.17264,0.16726,0.20971,0.32956,0.37075,0.61792,0.14674,0.10908,0.17158,0.04536,0.06198,87.3,73.6,96.4,39.1,34.8,24.9,53.1,15.6,24.1,73.0,99.5,59.7,166.2
0,165.6,66.7,41,24.34,1.752,0.2395,0.17121,0.16174,0.20796,0.32458,0.36515,0.60858,0.14553,0.10548,0.17015,0.04454,0.06106,88.9,73.0,98.1,39.6,35.2,24.8,53.6,15.8,24.3,73.7,100.6,60.3,165.6
0,168.8,76.3,21,26.81,1.892,0.24285,0.17158,0.17415,0.2084,0.32638,0.36718,0.61197,0.14585,0.11357,0.17051,0.04835,0.06213,90.9,80.3,100.4,41.0,36.6,27.9,55.1,16.3,27.0,75.7,103.2,61.9,168.8
0,159.2,54.1,53,21.32,1.546,0.23373,0.16611,0.15684,0.2018,0.32021,0.36024,0.6004,0.1412,0.10228,0.16511,0.04204,0.05933,83.3,68.4,92.0,37.3,33.1,22.8,51.1,14.9,22.2,70.3,95.9,57.5,159.2
0,159.6,56.9,67,22.33,1.587,0.2417,0.1735,0.16334,0.21072,0.33017,0.37144,0.61906,0.14747,0.10652,0.17241,0.04492,0.06143,86.3,70.6,95.2,38.2,33.9,23.8,52.2,15.3,23.5,71.8,98.0,58.8,159.6
0,177.4,58.8,65,18.7,1.703,0.22759,0.16674,0.15992,0.20287,0.31221,0.35123,0.58539,0.14173,0.1043,0.16599,0.04326,0.05774,93.0,77.5,102.8,40.4,35.8,23.9,55.4,16.2,25.4,76.2,103.9,62.3,177.4
0,160.8,42.1,31,16.29,1.372,0.22699,0.16232,0.1452,0.19745,0.31516,0.35455,0.59092,0.13797,0.09469,0.16155,0.03796,0.0573,82.0,63.8,90.7,36.5,32.2,19.9,50.7,14.7,20.2,69.7,95.0,57.0,160.8
0,167.5,55.9,34,19.92,1.612,0.23883,0.16946,0.15907,0.20603,0.32753,0.36847,0.61411,0.14404,0.10374,0.16857,0.04337,0.0606,89.1,72.8,98.5,40.0,35.4,23.4,54.8,16.0,24.0,75.4,102.8,61.7,167.5
0,162.5,48.6,66,18.41,1.482,0.23155,0.16236,0.16149,0.19741,0.31942,0.35935,0.59892,0.13801,0.10532,0.16152,0.04246,0.05861,83.1,71.9,91.8,37.7,33.3,22.9,52.0,15.1,22.9,71.5,97.5,58.5,162.5
0,149.9,57.2,20,25.46,1.544,0.22724,0.16726,0.15559,0.20278,0.30907,0.34771,0.57951,0.14217,0.10147,0.16591,0.04188,0.05785,79.5,64.3,87.6,34.4,30.6,23.0,46.8,13.7,21.0,64.3,87.7,52.6,149.9
0,148.6,48.6,55,22.02,1.417,0.22835,0.16184,0.16138,0.19641,0.31349,0.35268,0.58779,0.13756,0.10525,0.1607,0.04179,0.05792,75.1,65.1,82.8,33.7,29.9,22.6,46.3,13.5,20.4,63.7,86.8,52.1,148.6
0,158.6,55.2,40,21.94,1.559,0.22914,0.16318,0.15283,0.19819,0.31346,0.35265,0.58774,0.1387,0.09967,0.16216,0.04047,0.0582,81.6,66.5,90.1,36.5,32.4,22.4,49.9,14.6,21.3,68.6,93.6,56.2,158.6
0,169.7,58.6,30,20.34,1.661,0.23597,0.16385,0.16554,0.19923,0.32296,0.36333,0.60555,0.13928,0.10796,0.163,0.0438,0.05992,86.5,76.0,95.7,39.7,35.2,24.4,54.3,15.9,24.4,74.7,101.8,61.1,169.7
0,167.9,45.1,26,16.0,1.45,0.23329,0.16224,0.15659,0.1974,0.32353,0.36397,0.60661,0.1379,0.10213,0.16151,0.04098,0.05892,85.4,71.7,94.5,39.1,34.5,21.8,54.2,15.7,22.7,74.5,101.7,61.0,167.9
0,168.7,88.5,38,31.08,2.036,0.238,0.18109,0.17158,0.2198,0.31605,0.35556,0.5926,0.15393,0.1119,0.17984,0.04985,0.06118,96.5,79.5,106.5,40.4,36.2,28.8,53.6,16.0,28.0,73.7,100.6,60.3,168.7
0,155.8,49.2,58,20.29,1.46,0.23994,0.17046,0.17344,0.20709,0.33003,0.37129,0.61881,0.14489,0.11311,0.16944,0.04633,0.06081,81.5,72.1,90.0,36.5,32.3,24.0,50.2,14.6,23.3,69.1,94.2,56.5,155.8
0,173.5,67.5,25,22.42,1.803,0.23314,0.16233,0.1684,0.19736,0.31672,0.35631,0.59384,0.13798,0.10983,0.16148,0.0449,0.05939,88.6,79.9,97.9,40.5,36.0,26.2,55.0,16.1,25.8,75.7,103.2,61.9,173.5
0,155.9,45.7,34,18.78,1.406,0.2396,0.16953,0.15908,0.20604,0.3309,0.37226,0.62043,0.1441,0.10375,0.16858,0.04274,0.06062,82.3,67.1,90.9,37.0,32.7,21.9,51.1,14.8,21.8,70.3,95.9,57.5,155.9
0,163.9,76.2,33,28.37,1.863,0.24815,0.1716,0.17253,0.20825,0.3328,0.3744,0.624,0.14586,0.11252,0.17038,0.04811,0.06354,89.3,78.1,98.5,41.1,36.7,27.8,55.1,16.3,26.4,75.8,103.4,62.0,163.9
0,162.4,65.0,33,24.64,1.713,0.22704,0.15954,0.16492,0.19372,0.30784,0.34632,0.5772,0.13561,0.10756,0.1585,0.04408,0.05788,84.0,75.5,92.7,38.0,33.8,25.9,51.6,15.1,24.4,70.9,96.7,58.0,162.4
0,161.3,54.4,45,20.9,1.561,0.23372,0.16114,0.14986,0.19581,0.32032,0.36036,0.60061,0.13697,0.09773,0.1602,0.03947,0.05932,82.4,66.6,91.0,38.0,33.7,22.0,52.1,15.2,21.2,71.7,97.7,58.6,161.3
0,171.6,66.2,68,22.5,1.777,0.22971,0.17505,0.15743,0.2128,0.31221,0.35123,0.58539,0.14879,0.10267,0.17411,0.04534,0.0585,97.5,76.2,107.7,40.7,36.2,25.1,55.4,16.2,26.6,76.1,103.8,62.3,171.6
0,157.7,79.6,33,31.99,1.867,0.23999,0.17713,0.17695,0.21462,0.31975,0.35972,0.59953,0.15056,0.1154,0.1756,0.04993,0.06161,88.1,76.5,97.0,38.0,34.0,28.4,50.6,15.0,26.1,69.6,94.9,56.9,157.7
0,153.3,55.8,63,23.75,1.542,0.24287,0.1697,0.16188,0.20592,0.33132,0.37274,0.62123,0.14424,0.10557,0.16848,0.04316,0.06176,80.0,66.3,88.2,36.4,32.3,23.1,49.7,14.5,21.4,68.3,93.2,55.9,153.3
0,162.6,61.7,69,23.32,1.669,0.2342,0.16506,0.16229,0.20048,0.31868,0.35851,0.59752,0.1403,0.10584,0.16403,0.04385,0.05962,85.5,73.1,94.4,38.6,34.3,24.7,52.5,15.4,23.9,72.2,98.5,59.1,162.6
0,159.8,52.3,63,20.49,1.524,0.22361,0.15804,0.15908,0.19204,0.30697,0.34534,0.57557,0.13434,0.10375,0.15712,0.04196,0.05671,81.9,71.7,90.5,36.9,32.7,23.7,50.6,14.8,22.9,69.6,95.0,57.0,159.8
0,185.5,59.9,31,17.43,1.757,0.24444,0.16231,0.15554,0.19757,0.33582,0.37779,0.62966,0.13796,0.10144,0.16165,0.04058,0.06198,92.5,77.1,102.3,44.3,39.2,22.9,60.9,17.7,24.3,83.8,114.2,68.5,185.5
0,167.1,65.3,63,23.4,1.742,0.2349,0.16853,0.16076,0.20477,0.319,0.35887,0.59812,0.14325,0.10484,0.16754,0.04407,0.05984,89.1,73.9,98.4,39.5,35.2,24.8,53.7,15.8,24.5,73.8,100.7,60.4,167.1
0,159.7,64.8,61,25.41,1.696,0.23436,0.17636,0.1591,0.21404,0.31746,0.35715,0.59524,0.1499,0.10376,0.17512,0.04465,0.05977,88.5,69.4,97.7,37.4,33.3,24.2,50.7,14.9,23.6,69.7,95.1,57.1,159.7
0,155.3,69.9,55,28.99,1.737,0.25259,0.17903,0.15944,0.21699,0.33961,0.38206,0.63676,0.15218,0.10398,0.17754,0.04469,0.06461,86.3,66.9,95.1,38.8,34.6,24.3,52.1,15.4,22.7,71.7,97.7,58.6,155.3
0,149.7,36.8,37,16.41,1.237,0.23109,0.15295,0.15449,0.18599,0.32176,0.36198,0.6033,0.13001,0.10075,0.15218,0.03809,0.05827,71.4,62.7,78.9,34.3,30.2,20.3,47.8,13.8,18.7,65.7,89.6,53.8,149.7
0,155.5,48.0,62,19.86,1.441,0.23617,0.16265,0.15656,0.19761,0.32525,0.36591,0.60985,0.13825,0.1021,0.16168,0.04069,0.05982,78.6,65.8,86.8,36.3,32.1,21.8,50.0,14.6,20.7,68.8,93.8,56.3,155.5
0,163.3,58.1,65,21.79,1.623,0.23823,0.16567,0.16158,0.20129,0.32546,0.36614,0.61024,0.14082,0.10538,0.16469,0.04286,0.06054,83.9,71.1,92.6,38.4,34.0,23.6,52.4,15.3,22.8,72.1,98.3,59.0,163.3
0,172.2,71.3,58,24.03,1.846,0.22976,0.16641,0.1534,0.20226,0.31081,0.34966,0.58277,0.14145,0.10004,0.16548,0.04247,0.05863,92.4,74.1,102.2,40.6,36.2,24.8,55.0,16.2,24.8,75.6,103.1,61.8,172.2
0,170.1,67.9,51,23.46,1.791,0.23303,0.17253,0.15814,0.20968,0.31602,0.35552,0.59254,0.14665,0.10314,0.17156,0.04468,0.0594,94.2,75.1,104.1,40.5,36.0,25.1,54.9,16.1,25.7,75.5,103.0,61.8,170.1
0,164.1,63.4,46,23.55,1.7,0.23554,0.17103,0.17219,0.20774,0.32012,0.36013,0.60022,0.14538,0.1123,0.16997,0.04675,0.05999,86.6,75.8,95.7,38.0,33.8,25.7,51.6,15.1,24.9,71.0,96.8,58.1,164.1
0,160.3,66.2,20,25.77,1.717,0.23654,0.16901,0.16327,0.20512,0.32002,0.36002,0.60004,0.14366,0.10648,0.16783,0.04483,0.06035,86.1,72.3,95.0,38.4,34.2,25.3,51.9,15.3,24.0,71.4,97.3,58.4,160.3
0,164.3,55.7,27,20.62,1.594,0.22307,0.17172,0.15596,0.20871,0.30563,0.34384,0.57306,0.14596,0.10171,0.17076,0.04324,0.05662,89.6,70.7,99.0,37.0,32.8,23.1,50.7,14.8,23.7,69.8,95.1,57.1,164.3
0,159.0,71.2,37,28.19,1.774,0.22736,0.17589,0.1671,0.21332,0.30579,0.34401,0.57335,0.1495,0.10898,0.17453,0.04746,0.05815,89.5,74.0,98.7,36.8,32.9,26.5,49.6,14.6,25.4,68.1,92.9,55.7,159.0
0,174.2,78.5,19,25.89,1.949,0.24523,0.17549,0.15809,0.21329,0.32967,0.37088,0.61813,0.14917,0.1031,0.17451,0.04498,0.06273,96.6,75.7,106.8,43.0,38.4,25.8,57.8,17.1,26.1,79.4,108.3,65.0,174.2
0,161.2,59.2,44,22.77,1.628,0.22759,0.17625,0.1636,0.21407,0.31033,0.34912,0.58186,0.14981,0.1067,0.17515,0.04606,0.05789,89.7,72.4,99.1,36.9,32.7,24.4,50.3,14.7,24.7,69.2,94.3,56.6,161.2
0,161.9,82.8,49,31.57,1.929,0.22777,0.18,0.16374,0.21824,0.30313,0.34102,0.56837,0.153,0.10678,0.17856,0.04729,0.0585,92.9,73.5,102.4,37.4,33.5,27.0,49.8,14.8,25.7,68.4,93.3,56.0,161.9
0,147.4,68.1,27,31.33,1.67,0.22893,0.16418,0.16326,0.19863,0.30719,0.34559,0.57598,0.13955,0.10648,0.16252,0.0435,0.0586,77.3,66.8,85.0,34.3,30.6,25.2,46.0,13.6,21.5,63.3,86.3,51.8,147.4
0,161.2,73.2,57,28.18,1.81,0.24763,0.18023,0.1629,0.21865,0.33272,0.37431,0.62385,0.1532,0.10624,0.1789,0.04639,0.06336,90.8,71.4,100.2,39.7,35.5,25.5,53.4,15.8,24.6,73.4,100.1,60.0,161.2
0,168.2,45.3,34,16.0,1.454,0.2198,0.14913,0.14743,0.18145,0.30479,0.34289,0.57149,0.12676,0.09615,0.14846,0.03651,0.05552,79.8,68.6,88.2,37.4,33.0,20.8,51.9,15.0,20.6,71.4,97.3,58.4,168.2
0,155.2,75.8,50,31.45,1.808,0.23281,0.1795,0.16967,0.21743,0.31103,0.34991,0.58318,0.15258,0.11065,0.1779,0.04836,0.0597,88.3,72.6,97.3,36.5,32.6,27.0,48.7,14.4,25.1,67.0,91.4,54.8,155.2
0,157.4,68.2,23,27.53,1.727,0.22285,0.15921,0.16213,0.19309,0.30048,0.33804,0.5634,0.13533,0.10574,0.15798,0.04324,0.05694,81.4,72.1,89.7,36.3,32.3,25.8,48.9,14.4,23.3,67.2,91.7,55.0,157.4
0,167.9,95.3,56,33.82,2.109,0.2484,0.18678,0.17797,0.2266,0.3275,0.36844,0.61406,0.15877,0.11607,0.1854,0.05161,0.06403,95.7,79.3,105.6,40.5,36.5,29.5,53.4,16.0,27.8,73.5,100.2,60.1,167.9
0,152.5,69.0,64,29.68,1.709,0.23936,0.17637,0.17977,0.21364,0.32169,0.3619,0.60317,0.14991,0.11724,0.1748,0.04962,0.06123,83.3,73.8,91.7,36.0,32.1,27.2,48.4,14.3,24.7,66.5,90.7,54.4,152.5
0,169.7,90.6,35,31.45,2.066,0.23725,0.17547,0.18034,0.213,0.31457,0.35389,0.58982,0.14915,0.11761,0.17427,0.0514,0.06102,94.2,84.2,104.0,40.6,36.4,30.6,53.8,16.0,29.1,73.9,100.8,60.5,169.7
0,158.9,70.5,26,27.92,1.764,0.24324,0.17015,0.16506,0.20638,0.3274,0.36833,0.61388,0.14463,0.10765,0.16885,0.04559,0.06219,86.1,72.6,94.9,39.2,35.0,26.0,52.7,15.6,24.3,72.5,98.9,59.3,158.9
0,159.9,77.3,25,30.24,1.853,0.23364,0.18326,0.16912,0.2222,0.31238,0.35142,0.58571,0.15577,0.1103,0.1818,0.04885,0.05989,92.0,73.8,101.4,37.3,33.4,26.9,49.9,14.8,25.8,68.7,93.6,56.2,159.9
0,154.9,80.9,42,33.75,1.866,0.24035,0.17795,0.17318,0.21542,0.31927,0.35918,0.59863,0.15126,0.11295,0.17626,0.04875,0.06178,86.6,73.3,95.3,37.2,33.4,27.8,49.5,14.7,25.0,68.0,92.7,55.6,154.9
0,165.1,68.0,48,24.95,1.766,0.23352,0.17043,0.15937,0.20698,0.316,0.3555,0.5925,0.14486,0.10394,0.16935,0.04443,0.05958,90.1,73.3,99.5,39.3,35.0,25.1,53.2,15.6,24.7,73.1,99.7,59.8,165.1
0,179.2,59.1,59,18.41,1.716,0.21988,0.15249,0.14127,0.18555,0.30172,0.33944,0.56573,0.12962,0.09213,0.15181,0.03679,0.05578,89.3,71.9,98.8,41.0,36.3,22.0,56.2,16.4,22.7,77.3,105.4,63.3,179.2
0,167.8,64.3,21,22.82,1.731,0.23573,0.166,0.154,0.20173,0.32056,0.36063,0.60106,0.1411,0.10043,0.16505,0.04176,0.06002,88.2,71.2,97.5,39.9,35.4,23.7,54.2,15.9,23.4,74.6,101.7,61.0,167.8
0,156.6,63.0,37,25.69,1.656,0.22872,0.16846,0.16623,0.20438,0.31,0.34875,0.58124,0.14319,0.10841,0.16722,0.04577,0.05831,84.9,72.8,93.6,36.7,32.6,25.6,49.7,14.6,24.3,68.4,93.2,55.9,156.6
0,170.2,70.6,45,24.35,1.827,0.23897,0.16613,0.16667,0.20188,0.32322,0.36363,0.60605,0.14121,0.1087,0.16517,0.04507,0.06098,88.6,77.3,97.9,40.6,36.1,26.1,54.9,16.1,25.3,75.5,102.9,61.7,170.2
0,160.3,50.0,57,19.45,1.493,0.2326,0.15656,0.16551,0.19028,0.32016,0.36018,0.6003,0.13307,0.10794,0.15569,0.04217,0.05893,78.7,72.3,86.9,37.2,32.9,23.5,51.2,14.9,22.3,70.4,96.0,57.6,160.3
0,171.8,53.8,18,18.22,1.603,0.21974,0.16214,0.15032,0.19724,0.3024,0.3402,0.56699,0.13782,0.09803,0.16138,0.04008,0.05568,88.8,71.6,98.2,38.3,33.9,22.2,52.7,15.3,23.1,72.5,98.9,59.3,171.8
0,168.0,59.8,57,21.2,1.671,0.23844,0.17019,0.15523,0.20688,0.32573,0.36644,0.61074,0.14466,0.10124,0.16926,0.04281,0.0606,90.5,71.8,100.1,40.4,35.8,23.4,55.2,16.1,24.0,75.8,103.4,62.1,168.0
0,142.5,56.0,61,27.59,1.489,0.25198,0.17562,0.16726,0.21259,0.34206,0.38482,0.64137,0.14928,0.10909,0.17394,0.04511,0.0642,76.6,63.4,84.3,35.0,31.1,23.6,47.5,13.9,20.7,65.3,89.0,53.4,142.5
0,155.7,76.2,40,31.46,1.816,0.24152,0.1784,0.17353,0.21611,0.32258,0.3629,0.60483,0.15164,0.11317,0.17682,0.04857,0.06194,86.2,72.9,95.0,37.2,33.3,27.1,49.6,14.7,24.7,68.3,93.1,55.8,155.7
0,168.9,80.2,64,28.1,1.94,0.2331,0.17565,0.1646,0.21329,0.31212,0.35114,0.58523,0.1493,0.10735,0.17451,0.04676,0.05972,93.8,76.5,103.6,39.6,35.5,26.9,53.1,15.7,26.3,73.0,99.5,59.7,168.9
0,163.5,77.0,30,28.78,1.87,0.25448,0.18257,0.17833,0.22152,0.34097,0.38359,0.63932,0.15518,0.1163,0.18125,0.05034,0.06518,90.7,77.0,100.0,40.2,36.0,27.5,53.9,16.0,26.3,74.1,101.1,60.6,163.5
0,155.5,57.4,33,23.72,1.575,0.23926,0.16611,0.15851,0.20161,0.32614,0.3669,0.6115,0.1412,0.10337,0.16495,0.04293,0.06086,82.7,68.6,91.2,37.9,33.6,23.7,51.7,15.1,22.5,71.0,96.9,58.1,155.5
0,158.2,44.8,43,17.88,1.402,0.22772,0.14611,0.1472,0.17764,0.31503,0.35441,0.59068,0.1242,0.096,0.14535,0.03583,0.05758,73.5,64.4,81.2,36.5,32.2,20.7,50.5,14.6,19.0,69.4,94.6,56.8,158.2
0,149.5,49.8,48,22.26,1.438,0.23191,0.15954,0.16568,0.19361,0.31807,0.35783,0.59639,0.1356,0.10805,0.15841,0.04274,0.05884,75.1,67.8,82.8,34.7,30.8,23.5,47.6,13.9,21.2,65.5,89.3,53.6,149.5
0,161.9,60.3,67,23.01,1.647,0.22914,0.15976,0.16916,0.19405,0.31215,0.35117,0.58528,0.1358,0.11032,0.15877,0.0449,0.0583,83.2,76.6,91.8,38.0,33.7,25.9,51.7,15.1,24.6,71.1,97.0,58.2,161.9
0,177.5,69.6,18,22.1,1.853,0.23392,0.1738,0.1736,0.21139,0.31759,0.35729,0.59548,0.14773,0.11322,0.17296,0.04778,0.0596,94.4,82.0,104.4,40.4,36.0,26.5,54.9,16.1,27.3,75.5,103.0,61.8,177.5
0,168.0,68.5,34,24.27,1.788,0.23558,0.1718,0.16793,0.20873,0.31901,0.35889,0.59815,0.14603,0.10952,0.17078,0.04643,0.06008,90.4,76.8,99.9,39.5,35.1,26.0,53.4,15.7,25.7,73.5,100.2,60.1,168.0
0,177.4,81.6,33,25.92,2.005,0.24365,0.1753,0.17091,0.21313,0.32705,0.36794,0.61323,0.149,0.11146,0.17438,0.04893,0.06236,98.9,83.8,109.3,43.7,39.1,28.4,58.7,17.4,29.0,80.7,110.1,66.1,177.4
0,168.5,78.9,54,27.8,1.922,0.23953,0.17807,0.18349,0.21624,0.32106,0.3612,0.60199,0.15136,0.11967,0.17692,0.0521,0.06134,93.6,83.9,103.4,40.1,35.8,29.5,53.7,15.9,28.8,73.9,100.8,60.5,168.5
0,169.5,65.9,69,22.94,1.761,0.23116,0.16244,0.16712,0.19742,0.31403,0.35328,0.58881,0.13807,0.10899,0.16153,0.04435,0.05888,86.3,77.2,95.4,39.1,34.8,25.6,53.1,15.6,24.8,73.0,99.6,59.7,169.5
0,175.9,53.8,27,17.4,1.622,0.23348,0.16766,0.14925,0.20401,0.3217,0.36191,0.60319,0.14251,0.09734,0.16692,0.04054,0.05913,93.1,72.1,103.0,41.3,36.5,21.9,56.9,16.5,23.7,78.2,106.6,64.0,175.9
0,165.1,60.4,55,22.15,1.664,0.2273,0.17019,0.15952,0.2068,0.31001,0.34876,0.58126,0.14466,0.10403,0.1692,0.04428,0.05781,89.9,73.3,99.3,38.2,33.9,24.3,52.1,15.3,24.6,71.7,97.7,58.6,165.1
0,161.2,63.0,61,24.23,1.679,0.23024,0.1595,0.1633,0.19366,0.31269,0.35178,0.58629,0.13558,0.1065,0.15845,0.04328,0.05865,82.6,73.5,91.1,37.9,33.7,25.2,51.5,15.1,23.6,70.8,96.6,58.0,161.2
0,169.5,85.1,48,29.6,2.002,0.24166,0.18596,0.17134,0.22579,0.32211,0.36237,0.60396,0.15807,0.11174,0.18473,0.04938,0.06203,95.9,76.8,105.8,39.7,35.5,27.4,52.9,15.7,26.8,72.7,99.1,59.5,169.5
0,172.4,64.9,27,21.83,1.763,0.22551,0.16112,0.15536,0.1959,0.30701,0.34538,0.57564,0.13695,0.10132,0.16028,0.04169,0.05739,89.1,74.7,98.4,39.7,35.3,24.3,54.0,15.8,24.3,74.3,101.3,60.8,172.4
0,159.2,66.5,66,26.24,1.715,0.24632,0.17709,0.17751,0.21488,0.33299,0.37462,0.62436,0.15053,0.11577,0.17581,0.04905,0.06287,86.4,75.3,95.3,38.2,34.1,26.5,51.7,15.2,25.2,71.1,97.0,58.2,159.2
0,157.6,62.7,51,25.26,1.657,0.23348,0.17353,0.15011,0.21057,0.31668,0.35626,0.59377,0.1475,0.0979,0.17229,0.04193,0.05951,87.0,65.5,96.0,37.3,33.2,22.9,50.5,14.8,22.1,69.5,94.8,56.9,157.6
0,163.4,64.7,68,24.23,1.714,0.23493,0.18269,0.1568,0.22187,0.31877,0.35861,0.59769,0.15529,0.10226,0.18153,0.04488,0.05987,92.7,69.2,102.4,37.9,33.8,23.6,51.5,15.1,24.0,70.8,96.5,57.9,163.4
0,168.2,79.6,69,28.17,1.929,0.24119,0.18123,0.1702,0.22005,0.323,0.36338,0.60563,0.15405,0.111,0.18004,0.04892,0.06179,95.1,77.6,104.9,40.3,36.0,27.4,53.9,16.0,27.0,74.2,101.1,60.7,168.2
0,167.9,60.6,23,21.49,1.681,0.2339,0.16953,0.16312,0.20607,0.31927,0.35918,0.59863,0.1441,0.10638,0.1686,0.04427,0.05946,88.6,74.1,97.9,38.9,34.5,24.2,53.1,15.5,24.3,73.0,99.5,59.7,167.9
0,152.8,50.9,45,21.81,1.47,0.23219,0.16501,0.15083,0.20033,0.31844,0.35825,0.59708,0.14025,0.09837,0.16391,0.03963,0.05892,78.4,62.3,86.5,35.1,31.1,21.3,48.1,14.0,19.8,66.2,90.3,54.2,152.8
0,175.5,73.9,45,24.0,1.898,0.2365,0.16778,0.15961,0.20399,0.31953,0.35948,0.59913,0.14262,0.10409,0.1669,0.0445,0.06038,94.8,78.4,104.8,42.5,37.9,26.1,57.5,16.9,26.5,79.0,107.8,64.7,175.5
0,158.1,53.9,30,21.57,1.539,0.23489,0.17024,0.1637,0.20678,0.32171,0.36193,0.60321,0.1447,0.10676,0.16918,0.04493,0.05963,85.4,71.4,94.3,37.5,33.3,24.0,51.4,15.0,23.7,70.7,96.4,57.8,158.1
0,160.7,67.7,58,26.22,1.738,0.23189,0.16839,0.16301,0.20436,0.3133,0.35246,0.58744,0.14313,0.10631,0.16721,0.04496,0.0592,86.8,73.1,95.8,38.0,33.9,25.6,51.4,15.1,24.4,70.7,96.4,57.8,160.7
0,156.4,52.1,29,21.3,1.504,0.23466,0.16072,0.16379,0.1952,0.32184,0.36206,0.60344,0.13661,0.10682,0.15971,0.04255,0.05954,78.7,69.8,86.9,36.6,32.4,23.5,50.2,14.6,21.9,69.0,94.1,56.5,156.4
0,180.8,81.7,67,24.99,2.026,0.23331,0.16151,0.1596,0.19644,0.3136,0.35279,0.58799,0.13728,0.10409,0.16072,0.04344,0.05969,93.6,80.4,103.5,43.0,38.4,26.8,57.9,17.1,26.5,79.6,108.5,65.1,180.8
0,164.1,63.7,57,23.64,1.704,0.23075,0.16647,0.15234,0.2022,0.31352,0.3527,0.58784,0.1415,0.09935,0.16544,0.042,0.05877,88.5,70.4,97.7,39.0,34.7,23.8,53.0,15.6,23.5,72.9,99.4,59.7,164.1
0,156.7,61.3,67,24.94,1.633,0.23104,0.17045,0.1683,0.20684,0.31376,0.35298,0.5883,0.14489,0.10976,0.16923,0.04604,0.05886,84.2,72.3,92.9,36.3,32.3,25.3,49.3,14.5,23.9,67.9,92.5,55.5,156.7
0,168.4,63.0,19,22.24,1.717,0.23111,0.15883,0.15751,0.19304,0.31473,0.35408,0.59013,0.135,0.10272,0.15794,0.04213,0.05881,86.9,74.9,96.0,40.2,35.7,24.7,54.8,16.1,24.3,75.4,102.8,61.7,168.4
0,167.7,63.9,25,22.7,1.725,0.23781,0.17394,0.15416,0.21138,0.32351,0.36395,0.60659,0.14785,0.10054,0.17295,0.04289,0.06054,91.3,70.4,100.9,39.7,35.3,23.4,54.1,15.8,23.7,74.3,101.3,60.8,167.7
0,161.2,63.5,59,24.44,1.687,0.2301,0.1644,0.15496,0.19961,0.31231,0.35135,0.58558,0.13974,0.10106,0.16332,0.04191,0.05863,84.9,69.6,93.7,37.8,33.6,23.9,51.3,15.1,22.8,70.6,96.2,57.7,161.2
0,168.2,70.4,26,24.89,1.814,0.23148,0.16846,0.17296,0.20465,0.31288,0.35199,0.58666,0.14319,0.1128,0.16744,0.04771,0.05908,90.2,80.5,99.6,39.4,35.1,27.4,53.3,15.7,26.9,73.3,99.9,60.0,168.2
0,156.9,59.1,67,24.03,1.605,0.23086,0.1627,0.15058,0.19747,0.31425,0.35353,0.58922,0.13829,0.09821,0.16157,0.04071,0.05876,83.0,66.8,91.6,37.5,33.3,23.1,51.0,15.0,21.9,70.2,95.7,57.4,156.9
0,159.1,81.4,25,32.13,1.897,0.24567,0.18281,0.18641,0.22153,0.32693,0.3678,0.613,0.15539,0.12157,0.18126,0.05283,0.06309,89.2,79.1,98.3,38.2,34.2,29.4,50.8,15.1,27.1,69.8,95.2,57.1,159.1
0,148.8,45.0,68,20.32,1.364,0.22383,0.15988,0.14854,0.19414,0.3086,0.34718,0.57863,0.1359,0.09687,0.15884,0.03892,0.05667,76.4,61.7,84.4,34.1,30.1,21.0,47.0,13.7,19.6,64.6,88.1,52.8,148.8
0,153.5,56.0,20,23.79,1.546,0.23153,0.1726,0.16015,0.20944,0.3158,0.35528,0.59213,0.14671,0.10444,0.17136,0.04414,0.05888,83.7,67.5,92.3,35.7,31.7,23.5,48.7,14.3,22.5,67.0,91.4,54.8,153.5
0,174.8,56.2,26,18.4,1.652,0.23009,0.15296,0.15266,0.18608,0.31619,0.35571,0.59286,0.13001,0.09956,0.15225,0.03939,0.05834,86.3,74.9,95.5,41.3,36.6,23.2,56.8,16.5,23.4,78.1,106.5,63.9,174.8
0,173.7,77.3,30,25.62,1.93,0.22725,0.17345,0.15088,0.2108,0.30581,0.34404,0.57339,0.14743,0.0984,0.17247,0.04274,0.05811,95.8,72.5,105.9,40.0,35.7,24.6,53.8,15.9,24.9,73.9,100.8,60.5,173.7
0,162.9,52.8,26,19.89,1.546,0.23739,0.16864,0.15073,0.20498,0.32607,0.36683,0.61139,0.14334,0.0983,0.16771,0.04003,0.0602,84.1,65.4,93.0,37.7,33.4,21.2,51.8,15.1,21.0,71.2,97.1,58.2,162.9
0,173.8,69.3,48,22.94,1.829,0.24207,0.17077,0.1637,0.20762,0.32831,0.36935,0.61558,0.14516,0.10676,0.16987,0.04514,0.0617,92.8,77.4,102.6,41.9,37.3,25.5,56.8,16.7,25.8,78.1,106.5,63.9,173.8
0,161.4,58.8,42,22.57,1.624,0.23125,0.1696,0.15382,0.206,0.31546,0.35489,0.59149,0.14416,0.10032,0.16854,0.04225,0.0588,86.9,68.6,96.0,37.7,33.5,23.1,51.5,15.1,22.8,70.8,96.5,57.9,161.4
0,160.8,65.3,69,25.22,1.707,0.2374,0.17093,0.17085,0.20749,0.32158,0.36178,0.60296,0.14529,0.11142,0.16976,0.04691,0.06054,86.4,75.1,95.4,38.2,34.0,26.1,51.8,15.2,25.0,71.2,97.0,58.2,160.8
0,162.9,58.1,61,21.89,1.621,0.23734,0.16729,0.14775,0.20325,0.32421,0.36473,0.60789,0.14219,0.09636,0.16629,0.04012,0.06032,86.3,66.3,95.4,39.0,34.6,22.1,53.3,15.6,21.8,73.2,99.9,59.9,162.9
0,161.7,56.8,62,21.73,1.597,0.2379,0.16926,0.16218,0.20563,0.32526,0.36592,0.60986,0.14387,0.10577,0.16824,0.04414,0.06044,86.1,71.7,95.1,38.5,34.2,23.9,52.7,15.4,23.6,72.4,98.7,59.2,161.7
0,161.0,79.6,25,30.69,1.887,0.24031,0.17781,0.16559,0.2156,0.32072,0.36081,0.60136,0.15114,0.10799,0.1764,0.04654,0.06165,89.0,72.0,98.1,38.3,34.3,26.3,51.1,15.2,24.5,70.2,95.8,57.5,161.0
0,170.3,73.2,64,25.24,1.86,0.2354,0.17277,0.16257,0.20992,0.31758,0.35728,0.59546,0.14686,0.10602,0.17176,0.04552,0.06013,92.9,76.0,102.6,40.3,35.9,25.9,54.3,16.0,25.8,74.7,101.9,61.1,170.3
0,163.5,58.4,48,21.86,1.629,0.23932,0.16564,0.15299,0.20126,0.32687,0.36772,0.61287,0.14079,0.09978,0.16467,0.04089,0.06083,84.8,68.1,93.7,39.0,34.6,22.6,53.3,15.6,22.0,73.3,99.9,59.9,163.5
0,167.3,64.5,62,23.04,1.732,0.2407,0.16846,0.17464,0.2047,0.32717,0.36807,0.61344,0.14319,0.11389,0.16748,0.04747,0.0613,88.3,79.6,97.5,40.1,35.7,26.6,54.6,16.0,26.2,75.0,102.3,61.4,167.3
0,169.5,91.4,62,31.81,2.075,0.23996,0.17882,0.16612,0.21705,0.31787,0.35761,0.59601,0.152,0.10834,0.17758,0.04788,0.06174,95.7,77.3,105.6,40.9,36.7,28.2,54.1,16.1,27.0,74.5,101.5,60.9,169.5
0,165.1,63.0,48,23.1,1.7,0.23242,0.16883,0.15895,0.20511,0.31613,0.35564,0.59274,0.1435,0.10367,0.16781,0.04367,0.05917,88.6,72.5,97.8,38.8,34.5,24.3,52.8,15.5,24.1,72.6,99.0,59.4,165.1
0,155.9,52.0,34,21.39,1.5,0.23274,0.16381,0.14546,0.19894,0.31918,0.35908,0.59846,0.13924,0.09487,0.16277,0.03864,0.05906,80.9,62.4,89.3,36.6,32.4,21.0,50.2,14.6,20.1,69.0,94.0,56.4,155.9
0,153.3,50.3,64,21.4,1.464,0.24201,0.16808,0.16899,0.2041,0.3322,0.37372,0.62287,0.14287,0.11021,0.16699,0.04505,0.06138,80.1,70.0,88.4,36.7,32.5,23.8,50.4,14.7,22.6,69.3,94.5,56.7,153.3
0,163.5,58.6,36,21.9,1.631,0.24214,0.16827,0.1638,0.20445,0.33067,0.372,0.62,0.14303,0.10683,0.16728,0.04402,0.06155,85.4,72.3,94.4,39.1,34.7,24.0,53.4,15.6,23.5,73.5,100.2,60.1,163.5
0,161.3,56.6,20,21.74,1.592,0.23322,0.15521,0.15692,0.18856,0.3189,0.35876,0.59794,0.13193,0.10234,0.15428,0.0405,0.05925,80.0,70.4,88.4,38.3,33.9,23.5,52.3,15.3,22.0,72.0,98.1,58.9,161.3
0,163.1,51.5,63,19.35,1.527,0.22671,0.16223,0.16362,0.19722,0.31187,0.35085,0.58476,0.1379,0.10671,0.16136,0.04313,0.05745,83.5,73.2,92.2,37.1,32.8,23.6,51.1,14.9,23.4,70.2,95.7,57.4,163.1
0,162.4,52.4,47,19.86,1.537,0.22901,0.16183,0.15502,0.1967,0.31465,0.35398,0.58996,0.13756,0.1011,0.16093,0.04103,0.05806,83.5,69.6,92.3,37.6,33.3,22.6,51.7,15.1,22.3,71.1,96.9,58.1,162.4
0,180.1,67.7,27,20.88,1.84,0.23681,0.17027,0.16318,0.20715,0.3224,0.3627,0.6045,0.14473,0.10642,0.16949,0.0447,0.06027,95.2,79.3,105.3,42.1,37.4,25.1,57.4,16.8,26.3,78.9,107.6,64.5,180.1
0,153.5,62.6,66,26.59,1.634,0.24131,0.16741,0.16527,0.20299,0.32675,0.3676,0.61266,0.1423,0.10778,0.16608,0.04463,0.06155,81.3,69.8,89.6,37.3,33.2,25.0,50.5,14.8,22.8,69.4,94.7,56.8,153.5
0,149.0,50.0,46,22.54,1.439,0.23998,0.16474,0.16734,0.19991,0.32899,0.37011,0.61685,0.14003,0.10914,0.16356,0.04309,0.0609,74.6,65.9,82.3,34.6,30.7,23.0,47.4,13.8,20.5,65.2,89.0,53.4,149.0
0,164.8,63.0,57,23.21,1.698,0.24199,0.17216,0.15898,0.20914,0.32909,0.37023,0.61705,0.14633,0.10368,0.17111,0.04384,0.06161,88.8,71.3,98.1,39.7,35.3,24.0,54.0,15.8,23.8,74.3,101.3,60.8,164.8
0,159.9,76.3,35,29.84,1.842,0.24055,0.17883,0.1733,0.21685,0.32196,0.3622,0.60367,0.15201,0.11302,0.17742,0.0486,0.06164,88.3,74.4,97.3,37.8,33.8,27.0,50.6,15.0,25.3,69.6,94.9,56.9,159.9
0,164.6,81.2,29,29.97,1.928,0.23377,0.17625,0.17553,0.21385,0.31204,0.35104,0.58507,0.14982,0.11448,0.17497,0.05013,0.05997,92.6,80.2,102.1,39.1,35.0,28.9,52.2,15.5,27.7,71.7,97.8,58.7,164.6
0,166.5,63.5,66,22.92,1.714,0.23757,0.16686,0.16322,0.20274,0.32314,0.36353,0.60588,0.14183,0.10645,0.16588,0.04412,0.06048,87.2,74.2,96.4,39.5,35.1,24.8,53.8,15.8,24.3,74.0,100.8,60.5,166.5
0,171.2,63.3,40,21.6,1.736,0.2444,0.16848,0.16061,0.20483,0.33309,0.37472,0.62454,0.14321,0.10474,0.16759,0.04352,0.06217,89.8,74.4,99.3,41.5,36.8,24.2,56.5,16.5,24.4,77.7,106.0,63.6,171.2
0,152.3,48.1,28,20.76,1.427,0.22807,0.15866,0.14498,0.19268,0.31371,0.35292,0.5882,0.13486,0.09455,0.15765,0.03768,0.0578,77.1,61.2,85.1,35.3,31.2,20.7,48.5,14.1,19.3,66.7,91.0,54.6,152.3
0,158.7,68.1,26,27.05,1.733,0.22509,0.16808,0.17712,0.2039,0.30369,0.34165,0.56942,0.14287,0.11551,0.16683,0.04798,0.05749,83.8,76.8,92.4,35.7,31.8,27.2,48.2,14.2,25.2,66.3,90.3,54.2,158.7
0,165.4,63.5,41,23.22,1.709,0.2316,0.17363,0.15996,0.21094,0.31488,0.35424,0.5904,0.14759,0.10432,0.17259,0.044,0.05897,88.8,71.2,98.1,37.7,33.5,23.9,51.3,15.0,23.7,70.5,96.1,57.7,165.4
0,167.7,63.4,42,22.52,1.718,0.23535,0.16399,0.16644,0.19929,0.32033,0.36037,0.60061,0.13939,0.10855,0.16306,0.04461,0.0599,86.8,76.6,95.9,39.7,35.2,25.4,54.0,15.8,24.9,74.2,101.2,60.7,167.7
0,177.4,65.9,42,20.94,1.802,0.22502,0.16546,0.15865,0.20127,0.30659,0.34492,0.57486,0.14064,0.10347,0.16467,0.04326,0.05725,93.4,77.9,103.3,40.4,35.9,24.8,55.1,16.1,25.7,75.8,103.3,62.0,177.4
0,169.0,60.3,64,21.1,1.682,0.23643,0.17254,0.15461,0.20975,0.32296,0.36334,0.60556,0.14666,0.10083,0.17162,0.04199,0.06009,89.2,69.5,98.6,38.9,34.5,22.6,53.1,15.5,22.9,73.1,99.6,59.8,169.0
0,162.1,66.7,26,25.39,1.733,0.23237,0.16521,0.17004,0.20057,0.31445,0.35376,0.5896,0.14043,0.1109,0.1641,0.04619,0.05928,85.6,76.7,94.5,38.3,34.1,26.6,51.9,15.3,25.2,71.3,97.3,58.4,162.1
0,156.4,47.1,29,19.23,1.43,0.22118,0.15626,0.156,0.1899,0.30504,0.34317,0.57194,0.13282,0.10174,0.15537,0.03958,0.05599,76.6,66.5,84.6,34.5,30.5,21.8,47.6,13.8,20.4,65.5,89.3,53.6,156.4
0,158.7,71.7,28,28.48,1.778,0.23376,0.1858,0.17651,0.22533,0.3142,0.35347,0.58912,0.15793,0.11511,0.18436,0.05182,0.0598,93.6,77.3,103.2,37.5,33.5,27.8,50.4,14.9,27.5,69.3,94.5,56.7,158.7
0,158.5,55.1,66,21.96,1.558,0.22526,0.16092,0.15539,0.19544,0.30815,0.34667,0.57779,0.13678,0.10134,0.15991,0.04102,0.05722,81.3,68.2,89.7,36.2,32.1,23.0,49.5,14.5,21.8,68.1,92.9,55.7,158.5
0,167.0,65.3,55,23.44,1.741,0.23113,0.17414,0.16874,0.21157,0.31386,0.35309,0.58848,0.14802,0.11005,0.17311,0.04675,0.05888,90.3,76.1,99.8,38.2,33.9,25.6,51.8,15.2,25.5,71.3,97.2,58.3,167.0
0,164.2,51.7,45,19.16,1.536,0.22815,0.17152,0.14359,0.20853,0.3139,0.35313,0.58855,0.14579,0.09365,0.17061,0.03951,0.05781,88.8,64.6,98.1,37.6,33.2,20.7,51.7,15.1,21.5,71.1,97.0,58.2,164.2
0,153.5,56.5,25,24.0,1.553,0.23111,0.17307,0.15912,0.21,0.31506,0.35445,0.59074,0.14711,0.10377,0.17182,0.04357,0.05879,83.0,66.3,91.5,35.3,31.3,23.1,48.1,14.1,22.0,66.1,90.1,54.1,153.5
0,159.5,57.9,27,22.74,1.602,0.22871,0.15997,0.14687,0.19427,0.31208,0.35109,0.58515,0.13598,0.09579,0.15895,0.03925,0.05815,83.0,66.3,91.6,37.8,33.5,22.4,51.5,15.1,21.4,70.9,96.6,58.0,159.5
0,168.5,67.7,42,23.84,1.78,0.24354,0.17077,0.16194,0.2075,0.33013,0.3714,0.61899,0.14516,0.10562,0.16977,0.04442,0.06209,89.7,74.0,99.1,40.7,36.2,24.9,55.2,16.2,24.6,75.9,103.5,62.1,168.5
0,164.9,84.0,64,30.88,1.961,0.23604,0.17303,0.17554,0.20991,0.31423,0.35351,0.58919,0.14708,0.11449,0.17175,0.04938,0.06061,90.6,79.9,99.9,39.3,35.3,29.1,52.4,15.6,27.2,72.0,98.2,58.9,164.9
0,166.4,68.6,53,24.78,1.78,0.22709,0.17048,0.15593,0.20707,0.30727,0.34568,0.57614,0.14491,0.10169,0.16942,0.04382,0.05794,91.7,72.9,101.2,38.9,34.6,24.9,52.6,15.5,24.8,72.3,98.6,59.2,166.4
0,165.1,57.3,67,21.01,1.621,0.23849,0.1729,0.16818,0.21013,0.32632,0.36711,0.61185,0.14696,0.10968,0.17193,0.04558,0.06057,87.2,73.8,96.4,38.3,33.9,24.2,52.4,15.3,24.2,72.0,98.2,58.9,165.1
0,173.6,64.2,60,21.31,1.759,0.23166,0.16574,0.15561,0.20154,0.31573,0.35519,0.59199,0.14088,0.10148,0.1649,0.04172,0.05893,89.6,73.1,99.0,39.8,35.4,23.6,54.3,15.9,23.7,74.7,101.8,61.1,173.6
0,164.1,71.7,26,26.61,1.807,0.23213,0.16835,0.17359,0.20436,0.31281,0.35192,0.58653,0.14309,0.11321,0.16721,0.04722,0.05932,86.5,77.6,95.5,38.0,33.9,27.1,51.2,15.1,25.5,70.3,95.9,57.6,164.1
0,159.9,76.6,58,29.99,1.845,0.23564,0.17353,0.18438,0.21041,0.31527,0.35468,0.59113,0.1475,0.12025,0.17215,0.0506,0.06039,85.6,79.0,94.3,37.0,33.1,28.8,49.5,14.7,26.3,68.0,92.8,55.7,159.9
0,156.3,61.6,25,25.23,1.635,0.23035,0.17583,0.17103,0.21334,0.31265,0.35173,0.58621,0.14946,0.11154,0.17455,0.0476,0.0587,86.0,72.7,94.9,35.9,31.9,25.5,48.7,14.3,24.5,66.9,91.3,54.8,156.3
0,164.2,72.9,20,27.03,1.823,0.24257,0.17235,0.1635,0.20921,0.32649,0.3673,0.61216,0.1465,0.10663,0.17117,0.04575,0.06202,90.0,74.2,99.3,40.3,36.0,26.1,54.3,16.0,25.1,74.6,101.7,61.0,164.2
0,145.9,56.8,35,26.67,1.517,0.2317,0.17137,0.15026,0.2076,0.31475,0.3541,0.59016,0.14567,0.098,0.16985,0.04081,0.05902,78.8,60.1,86.7,33.9,30.1,21.9,46.0,13.5,19.7,63.3,86.3,51.8,145.9
0,161.2,79.6,63,30.61,1.888,0.22334,0.17228,0.17542,0.2089,0.29811,0.33537,0.55895,0.14644,0.1144,0.17092,0.04896,0.05729,88.2,78.1,97.2,36.4,32.6,28.5,48.6,14.4,26.4,66.8,91.1,54.6,161.2
0,161.1,44.8,52,17.26,1.416,0.2267,0.15137,0.14959,0.18409,0.31387,0.3531,0.58851,0.12867,0.09756,0.15062,0.03731,0.0573,77.2,66.3,85.3,36.8,32.5,20.9,50.9,14.8,20.0,70.1,95.5,57.3,161.1
0,153.2,63.2,34,26.94,1.641,0.22467,0.17374,0.15658,0.21064,0.30398,0.34197,0.56996,0.14768,0.10212,0.17234,0.04381,0.05732,85.2,66.8,93.9,35.1,31.2,24.0,47.5,14.0,22.6,65.3,89.0,53.4,153.2
0,156.2,69.3,53,28.42,1.734,0.23458,0.1723,0.16276,0.20888,0.31572,0.35518,0.59197,0.14645,0.10614,0.1709,0.04527,0.05998,85.8,70.5,94.6,37.2,33.2,25.5,50.0,14.8,23.7,68.8,93.8,56.3,156.2
0,168.0,54.1,45,19.15,1.588,0.23577,0.16972,0.16656,0.20638,0.32398,0.36448,0.60746,0.14426,0.10862,0.16886,0.04498,0.05977,88.4,75.4,97.7,39.1,34.6,23.9,53.7,15.6,24.7,73.9,100.7,60.4,168.0
0,164.1,55.7,67,20.69,1.593,0.235,0.16365,0.15102,0.19889,0.32195,0.3622,0.60366,0.1391,0.09849,0.16273,0.0399,0.05965,83.9,67.4,92.7,38.4,34.0,22.0,52.6,15.3,21.5,72.3,98.6,59.1,164.1
0,163.2,55.4,32,20.81,1.585,0.23163,0.1624,0.15926,0.19736,0.31733,0.35699,0.59499,0.13804,0.10386,0.16148,0.04222,0.0588,83.9,71.5,92.7,38.1,33.7,23.5,52.2,15.2,23.0,71.7,97.8,58.7,163.2
0,164.6,57.5,36,21.24,1.622,0.22866,0.16654,0.15733,0.20239,0.31272,0.35181,0.58634,0.14156,0.1026,0.1656,0.04283,0.05809,87.5,71.8,96.6,38.2,33.9,23.6,52.3,15.3,23.7,71.9,98.0,58.8,164.6
0,163.1,59.0,39,22.16,1.635,0.22625,0.16935,0.15646,0.20574,0.30879,0.34739,0.57899,0.14394,0.10204,0.16833,0.04282,0.05752,87.3,70.2,96.4,37.1,33.0,23.4,50.7,14.8,23.2,69.7,95.0,57.0,163.1
0,171.0,73.2,23,25.06,1.865,0.2308,0.17159,0.16549,0.20851,0.31145,0.35038,0.58397,0.14585,0.10793,0.1706,0.04682,0.05895,94.5,79.3,104.4,40.5,36.1,26.9,54.6,16.1,27.2,75.1,102.4,61.5,171.0
0,163.3,74.3,64,27.86,1.836,0.24352,0.17364,0.1804,0.21073,0.32714,0.36803,0.61339,0.1476,0.11765,0.17241,0.05023,0.06231,88.9,80.3,98.1,39.7,35.5,28.5,53.3,15.8,27.1,73.3,100.0,60.0,163.3
0,152.6,67.3,24,28.9,1.689,0.24975,0.18051,0.16954,0.21871,0.33631,0.37835,0.63058,0.15343,0.11057,0.17894,0.04758,0.06384,85.3,69.7,94.0,37.6,33.5,25.5,50.6,14.9,23.7,69.6,94.9,56.9,152.6
0,173.6,62.8,61,20.85,1.741,0.24165,0.17781,0.16299,0.21623,0.32978,0.37101,0.61835,0.15114,0.1063,0.17691,0.04513,0.06144,93.6,74.6,103.5,40.5,36.0,23.9,55.3,16.2,25.0,76.0,103.7,62.2,173.6
0,165.0,56.7,65,20.83,1.612,0.22929,0.16183,0.15904,0.19669,0.31389,0.35312,0.58854,0.13755,0.10372,0.16093,0.04239,0.05822,85.3,72.9,94.3,38.5,34.1,23.8,52.7,15.4,23.5,72.4,98.8,59.3,165.0
0,158.5,75.5,26,30.07,1.824,0.24473,0.17692,0.18065,0.21447,0.32758,0.36853,0.61422,0.15038,0.11782,0.17548,0.05035,0.06271,86.9,77.2,95.8,38.3,34.2,28.2,51.2,15.2,26.0,70.4,96.0,57.6,158.5
0,154.0,63.6,37,26.84,1.65,0.24101,0.17712,0.16345,0.21476,0.32606,0.36682,0.61136,0.15055,0.1066,0.17571,0.04613,0.06149,86.6,69.5,95.5,37.5,33.4,24.9,50.7,14.9,23.7,69.8,95.1,57.1,154.0
0,165.2,66.6,54,24.39,1.748,0.22986,0.16401,0.15889,0.1992,0.31152,0.35046,0.58411,0.13941,0.10362,0.16299,0.04299,0.05861,86.6,72.9,95.6,38.6,34.4,24.8,52.3,15.4,23.9,72.0,98.2,58.9,165.2
0,161.7,68.1,28,26.06,1.75,0.23607,0.17236,0.14859,0.2092,0.31894,0.35881,0.59801,0.1465,0.09691,0.17116,0.0416,0.06027,89.1,66.8,98.3,38.8,34.6,23.3,52.5,15.4,22.6,72.1,98.4,59.0,161.7
0,173.2,71.8,19,23.93,1.858,0.23317,0.17065,0.15919,0.20744,0.3154,0.35482,0.59137,0.14505,0.10382,0.16972,0.04399,0.0595,92.7,75.2,102.4,40.3,35.9,25.1,54.5,16.0,25.1,75.0,102.2,61.3,173.2
0,160.1,67.4,39,26.29,1.732,0.23507,0.1604,0.15624,0.19464,0.31761,0.35732,0.59553,0.13634,0.10189,0.15925,0.0414,0.06001,81.8,69.3,90.3,38.2,34.0,24.3,51.6,15.2,22.2,70.9,96.7,58.0,160.1
0,156.8,55.8,65,22.71,1.56,0.23662,0.17076,0.16264,0.20732,0.32324,0.36365,0.60608,0.14514,0.10607,0.16963,0.04469,0.06014,84.9,70.3,93.7,37.4,33.2,24.0,51.2,15.0,23.4,70.3,95.9,57.5,156.8
0,168.6,71.5,53,25.17,1.83,0.22933,0.15651,0.16268,0.19013,0.30968,0.34839,0.58065,0.13303,0.10609,0.15556,0.04243,0.05856,83.4,75.4,92.2,38.9,34.7,25.7,52.6,15.5,23.8,72.3,98.5,59.1,168.6
0,168.8,53.0,22,18.6,1.576,0.22756,0.15098,0.15118,0.18362,0.31312,0.35227,0.58711,0.12833,0.0986,0.15023,0.03803,0.05766,81.0,70.5,89.5,38.8,34.4,22.2,53.4,15.6,21.5,73.5,100.2,60.1,168.8
0,163.6,57.3,24,21.39,1.614,0.23557,0.16627,0.15654,0.20204,0.32214,0.3624,0.604,0.14133,0.10209,0.16531,0.04243,0.05984,86.5,70.8,95.6,39.0,34.6,23.4,53.4,15.6,23.2,73.4,100.1,60.0,163.6
0,167.1,59.8,23,21.43,1.667,0.22857,0.16267,0.14792,0.19772,0.31214,0.35116,0.58526,0.13827,0.09647,0.16177,0.04029,0.0581,88.6,70.1,97.9,39.6,35.2,23.0,54.1,15.8,23.1,74.4,101.5,60.9,167.1
0,162.2,59.4,39,22.56,1.636,0.23982,0.1642,0.17043,0.19946,0.32706,0.36794,0.61323,0.13957,0.11115,0.16319,0.04532,0.06099,83.6,75.4,92.3,38.9,34.5,25.3,53.0,15.5,24.3,72.9,99.4,59.6,162.2
0,164.1,55.3,27,20.54,1.588,0.23769,0.16544,0.16553,0.20108,0.32576,0.36648,0.6108,0.14063,0.10795,0.16452,0.04422,0.06033,85.2,74.1,94.1,39.0,34.5,24.2,53.4,15.6,24.0,73.4,100.1,60.1,164.1
0,170.4,63.8,63,21.96,1.738,0.23058,0.15282,0.16869,0.18577,0.31402,0.35327,0.58878,0.1299,0.11002,0.152,0.04322,0.05867,82.8,79.5,91.5,39.8,35.3,26.0,54.2,15.9,24.7,74.5,101.6,60.9,170.4
0,166.8,51.7,57,18.59,1.547,0.24393,0.16641,0.15943,0.20236,0.33588,0.37787,0.62978,0.14145,0.10397,0.16557,0.0426,0.06179,86.7,72.2,95.9,40.5,35.8,22.8,55.7,16.2,23.4,76.6,104.5,62.7,166.8
0,161.3,68.7,63,26.4,1.755,0.24267,0.17744,0.16965,0.21534,0.3276,0.36855,0.61425,0.15082,0.11064,0.17619,0.04719,0.06197,88.1,73.2,97.2,38.4,34.2,25.7,51.8,15.3,24.7,71.2,97.1,58.2,161.3
0,171.7,69.9,63,23.71,1.826,0.22192,0.16991,0.17402,0.20651,0.30055,0.33812,0.56353,0.14442,0.11349,0.16896,0.04792,0.0566,91.6,81.6,101.2,38.1,33.9,27.2,51.6,15.2,27.2,70.9,96.7,58.0,171.7
0,146.4,38.6,37,18.0,1.253,0.23381,0.16207,0.1496,0.19695,0.32454,0.36511,0.60852,0.13776,0.09756,0.16114,0.03824,0.05903,73.1,58.7,80.7,33.6,29.6,19.6,46.6,13.5,18.2,64.1,87.4,52.4,146.4
0,176.5,65.0,45,20.87,1.784,0.24033,0.17469,0.15895,0.21248,0.32764,0.36859,0.61432,0.14849,0.10366,0.17385,0.04358,0.06113,93.7,74.1,103.6,41.0,36.4,23.6,55.9,16.4,24.6,76.9,104.9,62.9,176.5
0,150.9,58.0,40,25.46,1.559,0.24819,0.17603,0.16552,0.21344,0.33743,0.37961,0.63268,0.14962,0.10795,0.17463,0.04475,0.0632,80.4,65.7,88.6,36.1,32.1,23.4,49.1,14.4,21.5,67.5,92.0,55.2,150.9
0,158.2,54.9,52,21.93,1.553,0.22764,0.15365,0.15911,0.18662,0.31146,0.35039,0.58399,0.13061,0.10377,0.15269,0.04069,0.05782,77.8,70.0,85.9,36.7,32.5,23.6,50.2,14.7,21.7,69.0,94.1,56.5,158.2
0,162.2,56.2,18,21.36,1.592,0.23476,0.17324,0.15074,0.2105,0.32123,0.36138,0.60231,0.14726,0.09831,0.17223,0.04229,0.05962,89.9,68.0,99.3,38.8,34.4,22.5,53.1,15.5,23.1,72.9,99.5,59.7,162.2
0,161.5,61.9,46,23.74,1.667,0.23638,0.17367,0.15999,0.2109,0.32141,0.36159,0.60265,0.14762,0.10434,0.17255,0.04463,0.06019,88.7,71.1,97.9,38.4,34.2,24.2,52.3,15.3,24.0,71.9,98.0,58.8,161.5
0,169.3,73.1,26,25.49,1.854,0.23297,0.16601,0.15567,0.20167,0.3142,0.35348,0.58913,0.14111,0.10152,0.16501,0.04213,0.05952,88.1,71.9,97.4,39.4,35.1,24.6,53.1,15.7,23.5,73.0,99.6,59.7,169.3
0,155.3,45.4,26,18.84,1.4,0.23655,0.16318,0.15996,0.19831,0.3267,0.36753,0.61256,0.1387,0.10432,0.16226,0.04124,0.05985,77.8,66.3,85.9,35.9,31.7,21.7,49.6,14.4,20.7,68.1,92.9,55.8,155.3
0,164.3,71.3,39,26.4,1.803,0.23587,0.17331,0.15813,0.21041,0.318,0.35775,0.59625,0.14732,0.10313,0.17215,0.04373,0.06027,88.6,70.3,97.8,38.4,34.2,24.5,51.8,15.3,23.5,71.2,97.0,58.2,164.3
0,158.6,52.8,19,20.99,1.525,0.22995,0.16674,0.14861,0.20256,0.31539,0.35481,0.59135,0.14173,0.09692,0.16573,0.04039,0.05834,84.6,65.6,93.4,37.1,32.9,21.8,50.9,14.9,21.6,70.0,95.5,57.3,158.6
0,164.5,64.9,33,23.97,1.722,0.22996,0.15706,0.16921,0.19076,0.31211,0.35112,0.5852,0.1335,0.11036,0.15608,0.04407,0.0586,81.9,76.7,90.5,38.2,34.0,26.1,51.8,15.2,24.2,71.3,97.2,58.3,164.5
0,162.1,62.8,57,23.9,1.681,0.2357,0.16642,0.16996,0.2021,0.32027,0.36031,0.60051,0.14146,0.11084,0.16535,0.04577,0.06003,84.8,75.3,93.6,38.2,34.0,25.7,51.9,15.2,24.5,71.4,97.4,58.4,162.1
0,163.1,58.5,23,21.99,1.628,0.22786,0.15416,0.1582,0.1873,0.31115,0.35004,0.5834,0.13104,0.10317,0.15325,0.04086,0.05792,80.8,72.1,89.3,38.0,33.7,24.0,51.9,15.2,22.5,71.4,97.3,58.4,163.1
0,158.8,50.9,30,20.21,1.499,0.23217,0.16204,0.15771,0.19689,0.31909,0.35898,0.5983,0.13773,0.10285,0.16109,0.04133,0.05886,80.8,68.4,89.3,36.9,32.6,22.5,50.6,14.8,21.7,69.6,95.0,57.0,158.8
0,159.0,57.9,50,22.91,1.6,0.23984,0.16194,0.15417,0.19664,0.32719,0.36809,0.61348,0.13765,0.10054,0.16089,0.04106,0.06099,82.4,68.2,90.9,38.8,34.5,23.2,53.0,15.5,22.0,72.8,99.3,59.6,159.0
0,164.5,85.7,36,31.7,1.979,0.2332,0.17645,0.16581,0.21402,0.30983,0.34855,0.58092,0.14998,0.10814,0.17511,0.04774,0.05993,93.5,76.4,103.1,39.3,35.3,28.0,52.2,15.5,26.6,71.8,98.0,58.8,164.5
0,168.9,54.4,32,19.08,1.598,0.2207,0.15781,0.151,0.1919,0.30325,0.34116,0.56859,0.13414,0.09848,0.15701,0.03941,0.05596,84.9,70.7,93.9,37.8,33.5,22.4,52.0,15.1,22.3,71.4,97.4,58.5,168.9
0,158.4,80.5,50,32.06,1.882,0.24671,0.17711,0.16555,0.2146,0.32851,0.36958,0.61596,0.15054,0.10796,0.17559,0.04644,0.06335,87.6,71.2,96.5,38.8,34.8,26.5,51.7,15.4,24.2,71.1,97.0,58.2,158.4
0,156.6,56.4,27,23.01,1.567,0.24059,0.17121,0.16281,0.20785,0.32843,0.36948,0.61581,0.14553,0.10618,0.17006,0.04431,0.06116,83.7,69.2,92.4,37.4,33.2,23.7,51.1,15.0,22.8,70.3,95.8,57.5,156.6
0,166.7,67.2,18,24.19,1.764,0.22711,0.17266,0.16406,0.20975,0.30778,0.34625,0.57709,0.14676,0.107,0.17162,0.04551,0.05791,90.3,74.6,99.7,37.8,33.6,25.3,51.2,15.1,25.0,70.4,96.0,57.6,166.7
0,162.3,52.6,29,19.99,1.54,0.23313,0.16871,0.15247,0.20505,0.32021,0.36023,0.60039,0.1434,0.09944,0.16777,0.04084,0.05912,84.8,66.6,93.6,37.3,33.0,21.7,51.2,14.9,21.6,70.4,96.0,57.6,162.3
0,168.1,59.6,60,21.09,1.669,0.23937,0.16715,0.17082,0.20319,0.32708,0.36796,0.61327,0.14208,0.1114,0.16625,0.04574,0.06083,87.1,77.4,96.3,39.7,35.2,25.2,54.3,15.9,25.1,74.6,101.8,61.1,168.1
0,156.3,54.0,46,22.08,1.531,0.23698,0.16338,0.16302,0.1984,0.32435,0.36489,0.60815,0.13888,0.10632,0.16233,0.0429,0.06018,80.0,69.4,88.3,36.9,32.7,23.5,50.6,14.8,22.1,69.5,94.8,56.9,156.3
0,150.4,45.5,34,20.13,1.379,0.23232,0.16183,0.15918,0.19655,0.32029,0.36032,0.60054,0.13756,0.10381,0.16081,0.0414,0.05882,76.4,65.3,84.3,34.9,30.8,22.1,48.1,14.0,20.6,66.2,90.2,54.1,150.4
0,158.9,58.6,21,23.21,1.608,0.23529,0.1705,0.15801,0.20703,0.32074,0.36083,0.60138,0.14493,0.10305,0.16939,0.04309,0.05985,84.9,68.4,93.8,37.3,33.1,23.3,50.9,14.9,22.6,69.9,95.4,57.2,158.9
0,157.3,55.5,46,22.44,1.557,0.22921,0.15515,0.15902,0.1884,0.3133,0.35246,0.58743,0.13188,0.10371,0.15414,0.04048,0.05824,76.8,68.5,84.8,36.1,32.0,23.3,49.4,14.4,21.1,67.9,92.6,55.6,157.3
0,162.0,86.4,24,32.94,1.972,0.22226,0.17802,0.17561,0.21579,0.29471,0.33154,0.55257,0.15132,0.11453,0.17656,0.05102,0.05717,93.6,80.3,103.2,37.2,33.4,29.9,49.3,14.7,28.2,67.8,92.5,55.5,162.0
0,158.2,49.3,61,19.72,1.472,0.24613,0.16695,0.1587,0.20288,0.33879,0.38114,0.63523,0.14191,0.1035,0.16599,0.04197,0.06236,81.6,67.4,90.1,38.3,33.9,22.1,52.7,15.3,21.6,72.4,98.8,59.3,158.2
0,167.5,68.7,30,24.47,1.788,0.2332,0.17195,0.17563,0.20889,0.31567,0.35513,0.59188,0.14616,0.11454,0.17091,0.04846,0.05949,90.0,79.9,99.4,38.8,34.6,27.1,52.6,15.5,26.7,72.3,98.6,59.1,167.5
0,160.5,64.6,22,25.08,1.698,0.23262,0.16666,0.1598,0.20231,0.31527,0.35468,0.59113,0.14166,0.10422,0.16553,0.04363,0.05931,85.6,71.4,94.5,38.0,33.9,24.7,51.6,15.1,23.6,70.9,96.7,58.0,160.5
0,163.5,53.6,23,20.05,1.56,0.23735,0.1544,0.15644,0.18767,0.32582,0.36654,0.6109,0.13124,0.10203,0.15355,0.03903,0.0602,77.7,68.4,85.8,38.0,33.6,22.2,52.2,15.2,20.7,71.7,97.8,58.7,163.5
0,163.6,72.3,51,27.02,1.813,0.23981,0.1699,0.17043,0.20622,0.32286,0.36322,0.60536,0.14441,0.11115,0.16873,0.04707,0.06131,88.1,76.8,97.2,39.6,35.3,27.0,53.3,15.7,25.7,73.3,99.9,59.9,163.6
0,163.8,60.3,24,22.47,1.657,0.23489,0.17595,0.15195,0.21377,0.32022,0.36024,0.60041,0.14956,0.0991,0.1749,0.04269,0.05974,90.7,68.1,100.2,38.5,34.2,22.8,52.5,15.4,23.2,72.2,98.5,59.1,163.8
0,162.3,42.2,63,16.0,1.379,0.23464,0.16036,0.15749,0.19508,0.32591,0.36665,0.61108,0.13631,0.10271,0.15961,0.0403,0.05923,80.5,68.8,89.1,37.5,33.1,21.2,52.1,15.1,21.3,71.6,97.7,58.6,162.3
0,166.0,74.1,45,26.9,1.848,0.22607,0.17284,0.15963,0.20985,0.30414,0.34216,0.57027,0.14691,0.1041,0.1717,0.04434,0.05781,89.8,72.1,99.1,37.4,33.4,25.2,50.3,14.9,24.3,69.2,94.3,56.6,166.0
0,157.1,49.1,63,19.89,1.463,0.2332,0.16609,0.16238,0.20181,0.32097,0.36109,0.60182,0.14118,0.1059,0.16512,0.04265,0.05908,80.4,68.3,88.8,35.9,31.8,22.5,49.4,14.4,21.7,68.0,92.7,55.6,157.1
0,172.0,59.5,27,20.12,1.687,0.23608,0.1658,0.15264,0.20163,0.32305,0.36343,0.60572,0.14093,0.09955,0.16497,0.04124,0.05996,90.1,72.1,99.6,40.8,36.2,23.0,55.9,16.3,23.6,76.8,104.7,62.8,172.0
0,160.9,70.0,21,27.03,1.768,0.2466,0.18124,0.17484,0.21992,0.33241,0.37397,0.62328,0.15406,0.11402,0.17994,0.04923,0.06301,89.3,74.9,98.6,38.7,34.5,26.5,52.2,15.4,25.5,71.7,97.8,58.7,160.9
0,153.6,53.5,20,22.67,1.51,0.2268,0.16313,0.16311,0.19801,0.31025,0.34903,0.58171,0.13866,0.10638,0.16201,0.04327,0.05761,79.6,69.2,87.9,35.2,31.2,23.8,48.2,14.1,22.2,66.3,90.4,54.2,153.6
0,163.8,75.4,42,28.11,1.852,0.23545,0.18102,0.1739,0.21968,0.31603,0.35553,0.59255,0.15387,0.11341,0.17974,0.04928,0.06027,91.3,76.3,100.8,37.8,33.8,27.1,50.8,15.0,26.2,69.8,95.2,57.1,163.8
0,156.7,72.5,40,29.54,1.777,0.231,0.17884,0.15708,0.21677,0.30991,0.34865,0.58108,0.15202,0.10244,0.17736,0.04555,0.05914,91.1,69.6,100.4,37.5,33.5,25.4,50.3,14.9,24.4,69.1,94.3,56.6,156.7
0,167.0,60.1,44,21.55,1.67,0.21713,0.16855,0.15098,0.20485,0.29642,0.33348,0.55579,0.14327,0.09847,0.16761,0.04159,0.0552,89.9,70.0,99.4,36.9,32.7,23.0,50.3,14.7,23.4,69.2,94.4,56.6,167.0
0,177.5,86.7,31,27.52,2.068,0.23508,0.18967,0.16628,0.23057,0.31405,0.3533,0.58884,0.16122,0.10844,0.18865,0.04985,0.06029,105.3,80.3,116.4,41.5,37.2,27.7,55.5,16.5,29.1,76.3,104.1,62.4,177.5
0,157.2,52.2,55,21.15,1.51,0.24006,0.16032,0.14448,0.19473,0.32928,0.37043,0.61739,0.13627,0.09423,0.15933,0.03773,0.06091,79.6,62.4,87.9,38.0,33.6,20.9,52.1,15.2,19.7,71.6,97.6,58.6,157.2
0,164.8,95.4,49,35.15,2.09,0.24991,0.19458,0.18908,0.23589,0.32888,0.36999,0.61665,0.16539,0.12331,0.193,0.05732,0.06447,100.8,85.2,111.1,41.2,37.1,32.2,54.2,16.2,31.3,74.6,101.7,61.0,164.8
0,150.6,48.5,40,21.37,1.424,0.23529,0.16021,0.15755,0.1945,0.32332,0.36374,0.60623,0.13618,0.10275,0.15914,0.04071,0.05965,75.7,64.8,83.6,35.4,31.3,22.2,48.6,14.2,20.3,66.9,91.2,54.7,150.6
0,165.6,78.5,64,28.63,1.9,0.23614,0.17498,0.15994,0.21238,0.31622,0.35574,0.5929,0.14873,0.10431,0.17376,0.04554,0.0605,92.7,73.7,102.3,39.8,35.6,26.2,53.3,15.8,25.4,73.3,100.0,60.0,165.6
0,156.5,68.0,57,27.76,1.719,0.2243,0.17457,0.17468,0.21168,0.30237,0.34017,0.56695,0.14839,0.11392,0.17319,0.04913,0.05731,87.3,75.9,96.2,35.7,31.8,27.3,48.1,14.2,25.9,66.2,90.2,54.1,156.5
0,158.3,63.5,54,25.37,1.671,0.23337,0.16859,0.16022,0.20459,0.31636,0.3559,0.59317,0.1433,0.10449,0.16739,0.04333,0.0595,83.5,69.0,92.1,36.8,32.8,24.1,49.9,14.7,22.6,68.6,93.5,56.1,158.3
0,155.0,51.6,20,21.46,1.49,0.22961,0.16347,0.15748,0.19852,0.31493,0.3543,0.5905,0.13895,0.1027,0.16242,0.0418,0.05826,80.4,67.4,88.8,36.0,31.8,22.8,49.3,14.4,21.6,67.8,92.5,55.5,155.0
0,167.5,65.7,52,23.44,1.749,0.23698,0.17723,0.16017,0.21535,0.32174,0.36196,0.60326,0.15065,0.10446,0.17619,0.04468,0.06038,91.4,71.8,101.0,38.9,34.6,24.1,52.8,15.5,24.3,72.6,99.0,59.4,167.5
0,169.3,47.8,30,16.67,1.5,0.22901,0.15578,0.1389,0.18952,0.31684,0.35645,0.59408,0.13241,0.09059,0.15506,0.03541,0.0579,83.1,64.4,91.9,38.9,34.3,19.7,53.8,15.6,19.9,74.0,100.9,60.5,169.3
0,162.7,66.1,51,24.98,1.728,0.24501,0.18115,0.15695,0.21995,0.33185,0.37334,0.62223,0.15398,0.10236,0.17996,0.04467,0.06248,91.6,69.0,101.1,39.4,35.1,23.8,53.4,15.7,23.8,73.4,100.1,60.1,162.7
0,156.6,62.6,41,25.52,1.65,0.23498,0.1646,0.1624,0.19971,0.31863,0.35846,0.59744,0.13991,0.10591,0.1634,0.043,0.0599,80.5,69.0,88.7,36.6,32.5,24.2,49.6,14.6,22.1,68.2,93.0,55.8,156.6
0,173.3,73.9,18,24.6,1.886,0.23331,0.17993,0.16947,0.2187,0.31495,0.35432,0.59054,0.15294,0.11053,0.17894,0.04911,0.05958,98.9,81.0,109.2,40.8,36.4,27.2,55.1,16.2,28.4,75.7,103.3,62.0,173.3
0,157.4,39.6,29,16.0,1.316,0.22654,0.15722,0.14655,0.19125,0.31509,0.35447,0.59079,0.13364,0.09557,0.15648,0.03819,0.05715,80.1,64.9,88.6,36.7,32.4,20.4,51.1,14.8,20.5,70.3,95.8,57.5,157.4
0,147.8,42.4,25,19.39,1.319,0.22889,0.16332,0.1568,0.19838,0.31644,0.356,0.59333,0.13882,0.10226,0.16231,0.04046,0.05789,74.5,62.2,82.3,33.2,29.3,21.0,46.0,13.3,19.4,63.2,86.2,51.7,147.8
0,165.6,58.1,36,21.18,1.635,0.22672,0.16124,0.14355,0.19596,0.31,0.34875,0.58126,0.13705,0.09362,0.16033,0.03814,0.0576,85.1,65.9,94.1,38.1,33.8,21.6,52.1,15.2,21.2,71.6,97.7,58.6,165.6
0,155.0,60.7,26,25.27,1.617,0.23078,0.16643,0.17092,0.2019,0.31337,0.35254,0.58757,0.14146,0.11147,0.16519,0.04596,0.0588,81.5,72.8,89.9,36.0,32.0,25.6,48.9,14.3,23.7,67.2,91.6,55.0,155.0
0,169.2,72.3,45,25.26,1.844,0.23682,0.17089,0.16671,0.20761,0.31963,0.35958,0.59931,0.14525,0.10872,0.16986,0.04618,0.06048,91.1,77.2,100.6,40.2,35.8,26.4,54.2,16.0,25.9,74.5,101.6,61.0,169.2
0,159.9,59.7,31,23.36,1.629,0.23314,0.16763,0.16034,0.20355,0.31755,0.35724,0.5954,0.14249,0.10457,0.16654,0.04331,0.05932,84.3,70.1,93.0,37.3,33.1,23.9,50.8,14.9,22.9,69.9,95.3,57.2,159.9
0,166.6,74.4,44,26.79,1.855,0.23977,0.18295,0.17787,0.22215,0.32258,0.36291,0.60484,0.15551,0.116,0.18176,0.05108,0.06132,94.4,79.8,104.2,39.4,35.2,27.8,53.0,15.6,27.7,72.8,99.3,59.6,166.6
0,172.0,59.8,35,20.2,1.69,0.23081,0.1748,0.16554,0.21257,0.31577,0.35524,0.59207,0.14858,0.10796,0.17392,0.04637,0.05862,94.5,77.8,104.4,39.7,35.2,24.8,54.3,15.9,26.4,74.7,101.8,61.1,172.0
0,154.3,63.5,59,26.68,1.65,0.23096,0.1726,0.17315,0.20929,0.31255,0.35162,0.58603,0.14671,0.11292,0.17123,0.04766,0.05892,83.8,73.1,92.4,35.7,31.8,26.1,48.3,14.2,24.4,66.4,90.6,54.4,154.3
0,158.7,65.6,58,26.07,1.7,0.24308,0.16986,0.16631,0.2061,0.32885,0.36995,0.61659,0.14438,0.10847,0.16863,0.04488,0.06202,83.4,71.0,92.0,38.0,33.8,25.0,51.4,15.1,23.2,70.7,96.4,57.8,158.7
0,162.0,67.3,23,25.64,1.74,0.23713,0.17023,0.16002,0.20664,0.3207,0.36079,0.60132,0.14469,0.10436,0.16907,0.04357,0.06051,85.9,70.2,94.7,38.1,33.9,24.4,51.5,15.1,23.1,70.8,96.5,57.9,162.0
0,173.0,69.7,50,23.31,1.83,0.23641,0.16688,0.16749,0.20286,0.32039,0.36044,0.60073,0.14185,0.10923,0.16598,0.04593,0.06028,91.7,80.0,101.3,41.3,36.8,26.5,56.0,16.5,26.6,77.0,105.1,63.0,173.0
0,158.0,82.0,54,32.83,1.897,0.23135,0.17248,0.16382,0.20895,0.3075,0.34594,0.57657,0.1466,0.10684,0.17096,0.04585,0.05945,87.1,72.0,96.0,37.2,33.4,26.9,49.4,14.7,24.4,68.0,92.7,55.6,158.0
0,158.5,65.7,59,26.15,1.7,0.23054,0.16362,0.17624,0.19853,0.31184,0.35082,0.5847,0.13908,0.11494,0.16243,0.04722,0.05883,82.5,77.2,91.0,37.0,32.9,27.2,50.0,14.7,25.1,68.8,93.8,56.3,158.5
0,165.8,56.0,42,20.4,1.606,0.23232,0.17477,0.15724,0.21244,0.31835,0.35814,0.5969,0.14855,0.10255,0.17381,0.0439,0.05897,91.1,71.3,100.6,38.5,34.1,23.1,52.8,15.4,24.1,72.6,99.0,59.4,165.8
0,158.6,63.1,30,25.08,1.667,0.23091,0.16859,0.15396,0.20461,0.31322,0.35237,0.58728,0.1433,0.10041,0.16741,0.04232,0.05885,85.6,68.0,94.4,37.3,33.2,23.7,50.6,14.9,22.6,69.6,94.9,56.9,158.6
0,163.5,73.1,40,27.33,1.822,0.24179,0.17001,0.16011,0.20635,0.32527,0.36593,0.60988,0.14451,0.10442,0.16883,0.04393,0.06183,87.2,71.4,96.2,39.5,35.3,25.2,53.1,15.7,23.7,73.0,99.6,59.8,163.5
0,151.9,50.2,53,21.76,1.456,0.23077,0.16842,0.14923,0.20447,0.31663,0.35621,0.59368,0.14316,0.09732,0.16729,0.04019,0.05854,80.6,62.1,88.9,35.1,31.1,21.2,48.2,14.1,20.2,66.3,90.4,54.2,151.9
0,177.6,91.2,50,28.94,2.121,0.23483,0.16565,0.16721,0.20134,0.31239,0.35144,0.58574,0.1408,0.10905,0.16473,0.04709,0.06032,96.1,84.3,106.1,43.3,38.9,29.6,57.7,17.1,28.7,79.3,108.1,64.9,177.6
0,153.3,60.3,38,25.66,1.603,0.2325,0.16127,0.16055,0.19559,0.3156,0.35505,0.59175,0.13708,0.10471,0.16003,0.0426,0.05924,79.4,68.7,87.5,36.4,32.4,24.4,49.4,14.5,22.1,68.0,92.7,55.6,153.3
0,160.3,41.5,51,16.15,1.359,0.21991,0.14738,0.13602,0.17928,0.30549,0.34368,0.5728,0.12527,0.08871,0.14668,0.0341,0.0555,77.6,62.3,85.8,36.8,32.5,19.4,51.2,14.8,18.9,70.4,96.0,57.6,160.3
0,162.3,66.6,53,25.3,1.733,0.23073,0.17864,0.16152,0.21688,0.31229,0.35133,0.58555,0.15185,0.10534,0.17745,0.04603,0.05886,91.5,72.0,101.0,37.6,33.5,24.9,50.9,15.0,24.8,70.0,95.5,57.3,162.3
0,175.5,69.1,34,22.44,1.836,0.24318,0.17016,0.15543,0.20691,0.33008,0.37134,0.61889,0.14463,0.10137,0.16929,0.04241,0.06196,92.3,73.3,102.1,42.0,37.4,23.9,57.0,16.7,24.2,78.4,106.9,64.1,175.5
0,153.5,62.1,27,26.35,1.627,0.22523,0.15427,0.16428,0.18707,0.30516,0.34331,0.57218,0.13113,0.10714,0.15306,0.04248,0.05743,76.6,70.9,84.4,35.6,31.7,25.3,48.2,14.2,22.2,66.3,90.4,54.2,153.5
0,176.0,87.4,40,28.23,2.068,0.23502,0.18005,0.1677,0.21882,0.31352,0.35271,0.58785,0.15304,0.10937,0.17904,0.04927,0.0603,101.6,82.3,112.2,42.2,37.8,28.7,56.3,16.7,29.3,77.4,105.5,63.3,176.0
0,167.6,69.9,61,24.86,1.804,0.23583,0.16919,0.16183,0.20553,0.31887,0.35873,0.59788,0.14381,0.10554,0.16816,0.04443,0.06019,89.3,74.3,98.7,39.6,35.3,25.3,53.6,15.8,24.7,73.7,100.5,60.3,167.6
0,165.3,87.2,19,31.92,2.002,0.23628,0.16818,0.1642,0.20401,0.31359,0.35279,0.58798,0.14295,0.10709,0.16692,0.04553,0.06075,88.8,75.4,97.9,39.7,35.6,27.7,52.7,15.7,25.3,72.4,98.8,59.3,165.3
0,155.8,56.6,52,23.33,1.565,0.22898,0.16317,0.15615,0.19806,0.31242,0.35147,0.58578,0.13869,0.10183,0.16205,0.04167,0.05822,81.2,67.5,89.6,36.3,32.2,23.3,49.5,14.5,21.8,68.0,92.8,55.7,155.8
0,166.4,74.0,31,26.74,1.85,0.23579,0.17785,0.16619,0.21596,0.3173,0.35696,0.59493,0.15118,0.10838,0.17669,0.04696,0.06029,92.2,74.9,101.8,38.9,34.7,26.1,52.4,15.5,25.6,72.0,98.2,58.9,166.4
0,157.6,68.5,64,27.57,1.731,0.228,0.17443,0.16861,0.21154,0.30735,0.34577,0.57629,0.14826,0.10996,0.17308,0.04713,0.05826,87.0,73.1,95.9,36.2,32.3,26.1,48.8,14.4,24.7,67.1,91.5,54.9,157.6
0,171.1,69.3,62,23.65,1.814,0.2374,0.17509,0.16065,0.2128,0.32165,0.36185,0.60309,0.14882,0.10477,0.17411,0.04596,0.06054,96.3,76.8,106.4,41.5,37.0,25.6,56.3,16.5,26.6,77.4,105.6,63.3,171.1
0,155.9,66.7,58,27.45,1.7,0.22743,0.1635,0.1672,0.19825,0.30693,0.3453,0.57549,0.13897,0.10904,0.16221,0.04532,0.05809,82.7,73.5,91.1,36.6,32.6,26.4,49.4,14.6,24.1,67.9,92.6,55.6,155.9
0,161.7,56.9,19,21.73,1.598,0.24119,0.17168,0.16091,0.20857,0.32975,0.37097,0.61829,0.14593,0.10494,0.17065,0.04315,0.06128,84.4,68.8,93.2,37.8,33.5,22.9,51.6,15.1,22.3,71.0,96.8,58.1,161.7
0,158.7,56.4,36,22.38,1.577,0.23753,0.16573,0.15011,0.20127,0.32454,0.36511,0.60852,0.14087,0.0979,0.16467,0.03961,0.06036,81.3,64.0,89.7,37.1,32.9,21.6,50.7,14.8,20.4,69.7,95.0,57.0,158.7
0,155.8,46.7,33,19.24,1.421,0.23547,0.15315,0.15902,0.18611,0.3248,0.3654,0.60899,0.13018,0.10371,0.15227,0.03999,0.0596,75.5,68.1,83.4,36.9,32.6,22.4,50.9,14.8,20.7,70.0,95.5,57.3,155.8
0,167.5,70.3,60,25.05,1.809,0.24627,0.17624,0.15906,0.21408,0.33281,0.37441,0.62402,0.1498,0.10374,0.17515,0.04486,0.06286,92.6,72.7,102.3,41.2,36.7,24.8,55.7,16.4,24.8,76.6,104.4,62.6,167.5
0,166.1,70.1,61,25.41,1.799,0.2359,0.17288,0.15694,0.20996,0.31867,0.3585,0.59751,0.14695,0.10235,0.17179,0.04389,0.06023,90.9,71.8,100.4,39.5,35.2,24.7,53.3,15.7,24.3,73.3,100.0,60.0,166.1
0,170.7,85.6,42,29.38,2.015,0.24114,0.18103,0.17361,0.21984,0.32144,0.36162,0.6027,0.15388,0.11323,0.17987,0.05001,0.06189,96.4,80.4,106.4,40.9,36.6,28.6,54.5,16.2,28.0,74.9,102.1,61.3,170.7
0,150.4,62.2,18,27.51,1.612,0.22827,0.17248,0.16648,0.209,0.3088,0.3474,0.579,0.14661,0.10857,0.171,0.04599,0.05824,82.6,69.3,90.9,34.8,31.0,25.2,47.0,13.8,23.2,64.7,88.2,52.9,150.4
0,169.7,66.0,19,22.91,1.764,0.22689,0.16385,0.15709,0.19914,0.30823,0.34676,0.57793,0.13927,0.10245,0.16293,0.04228,0.05779,88.1,73.4,97.3,38.8,34.5,24.4,52.7,15.5,23.9,72.5,98.9,59.3,169.7
0,179.5,63.4,65,19.68,1.779,0.22737,0.16131,0.15542,0.19626,0.31075,0.3496,0.58267,0.13711,0.10136,0.16058,0.04093,0.05777,90.4,75.7,100.0,40.5,36.0,23.6,55.4,16.2,24.1,76.2,103.9,62.3,179.5
0,159.4,65.8,44,25.88,1.707,0.23782,0.17544,0.16622,0.2129,0.32177,0.362,0.60333,0.14913,0.1084,0.17419,0.04573,0.06068,86.0,70.8,94.9,37.1,33.0,24.8,50.2,14.8,23.6,69.0,94.1,56.5,159.4
0,175.4,89.3,19,29.04,2.086,0.23289,0.18662,0.18454,0.22677,0.31003,0.34878,0.5813,0.15862,0.12035,0.18554,0.0544,0.0598,101.7,87.4,112.3,40.4,36.2,30.8,53.8,16.0,31.2,73.9,100.8,60.5,175.4
0,160.7,70.6,47,27.34,1.776,0.24719,0.1855,0.17089,0.22507,0.33296,0.37457,0.62429,0.15768,0.11145,0.18415,0.04916,0.06318,92.0,73.7,101.4,39.0,34.8,26.1,52.5,15.5,25.7,72.2,98.5,59.1,160.7
0,153.2,67.8,68,28.92,1.699,0.2386,0.1782,0.16196,0.21593,0.3212,0.36134,0.60224,0.15147,0.10563,0.17667,0.04568,0.061,86.2,68.1,94.9,36.7,32.8,24.9,49.4,14.6,23.2,68.0,92.7,55.6,153.2
0,160.4,59.7,27,23.2,1.631,0.23152,0.16642,0.15341,0.20209,0.31541,0.35484,0.5914,0.14145,0.10005,0.16535,0.04149,0.0589,84.7,67.9,93.5,37.5,33.3,23.1,51.1,15.0,22.2,70.2,95.8,57.5,160.4
0,169.6,63.9,36,22.21,1.735,0.2333,0.16409,0.15442,0.19945,0.31759,0.35729,0.59548,0.13947,0.10071,0.16318,0.04221,0.05938,90.1,73.7,99.5,40.8,36.2,24.2,55.5,16.3,24.4,76.3,104.0,62.4,169.6
0,156.8,52.2,59,21.22,1.507,0.22856,0.16481,0.159,0.20018,0.31348,0.35267,0.58778,0.14009,0.1037,0.16379,0.04216,0.05799,81.1,68.0,89.5,35.8,31.7,22.8,49.1,14.3,21.8,67.5,92.1,55.2,156.8
0,158.4,59.8,33,23.82,1.622,0.23255,0.1642,0.16584,0.19933,0.31654,0.35611,0.59352,0.13957,0.10816,0.16309,0.04387,0.05919,81.3,71.4,89.7,36.6,32.5,24.5,49.9,14.6,22.9,68.6,93.5,56.1,158.4
0,166.5,65.8,30,23.73,1.745,0.22567,0.16877,0.1628,0.20504,0.30624,0.34452,0.5742,0.14346,0.10617,0.16776,0.04458,0.05751,88.7,74.4,98.0,37.8,33.6,25.1,51.2,15.0,24.7,70.4,96.1,57.6,166.5
0,162.5,65.8,65,24.91,1.723,0.23705,0.16181,0.15672,0.19646,0.32117,0.36132,0.60219,0.13754,0.10221,0.16074,0.04175,0.06045,83.6,70.4,92.3,39.0,34.7,24.3,52.8,15.5,22.7,72.6,99.0,59.4,162.5
0,166.5,65.2,67,23.52,1.736,0.23617,0.17162,0.16261,0.20851,0.32069,0.36077,0.60129,0.14588,0.10605,0.1706,0.04431,0.06017,88.1,72.6,97.3,38.6,34.3,24.4,52.4,15.4,23.9,72.1,98.3,59.0,166.5
0,164.1,63.3,25,23.51,1.699,0.23774,0.17873,0.16837,0.2171,0.32313,0.36353,0.60588,0.15192,0.10981,0.17763,0.04751,0.06054,91.3,74.8,100.8,38.7,34.4,25.3,52.5,15.4,25.5,72.2,98.5,59.1,164.1
0,165.8,57.9,67,21.07,1.633,0.24336,0.17294,0.154,0.21019,0.33284,0.37445,0.62408,0.147,0.10043,0.17197,0.04203,0.06182,88.3,68.4,97.6,39.6,35.1,22.4,54.1,15.8,22.6,74.4,101.5,60.9,165.8
0,159.6,71.8,48,28.22,1.785,0.24104,0.16755,0.16355,0.20323,0.32407,0.36458,0.60763,0.14242,0.10666,0.16628,0.04475,0.06166,85.2,72.3,94.0,39.0,34.8,25.9,52.5,15.5,24.0,72.1,98.4,59.0,159.6
0,164.1,65.6,62,24.36,1.729,0.23335,0.16781,0.16555,0.20381,0.31642,0.35597,0.59328,0.14264,0.10797,0.16675,0.04528,0.05948,87.4,75.0,96.5,38.7,34.4,25.6,52.5,15.4,24.8,72.2,98.4,59.0,164.1
0,156.2,57.0,42,23.34,1.572,0.24065,0.16624,0.16933,0.2018,0.32828,0.36931,0.61552,0.14131,0.11043,0.16511,0.04469,0.0612,80.1,71.0,88.4,36.9,32.8,24.4,50.4,14.7,22.7,69.3,94.4,56.7,156.2
0,171.3,62.1,56,21.18,1.719,0.2301,0.16593,0.15783,0.20174,0.31399,0.35324,0.58874,0.14104,0.10294,0.16506,0.04257,0.05851,89.3,73.9,98.7,39.4,35.0,23.9,53.8,15.7,24.1,74.0,100.9,60.5,171.3
0,158.2,48.0,38,19.17,1.452,0.2379,0.16551,0.15038,0.20115,0.32795,0.36894,0.61491,0.14068,0.09807,0.16458,0.04027,0.06024,83.0,65.5,91.7,38.0,33.5,21.4,52.3,15.2,21.2,71.9,98.1,58.9,158.2
0,170.2,87.0,67,30.03,2.028,0.23785,0.18114,0.16317,0.21993,0.31655,0.35612,0.59353,0.15397,0.10641,0.17995,0.04751,0.06109,97.6,76.4,107.7,40.8,36.6,27.4,54.3,16.1,26.9,74.6,101.8,61.1,170.2
0,160.9,68.4,55,26.42,1.749,0.23735,0.1853,0.16981,0.22488,0.32046,0.36052,0.60086,0.15751,0.11075,0.18399,0.04948,0.06061,93.7,74.7,103.4,38.2,34.0,26.2,51.6,15.2,26.3,70.9,96.7,58.0,160.9
0,163.9,49.0,58,18.25,1.493,0.23353,0.16953,0.16395,0.20614,0.32217,0.36244,0.60407,0.1441,0.10692,0.16866,0.04402,0.05911,86.0,72.3,95.0,37.7,33.3,22.9,52.0,15.1,23.5,71.5,97.5,58.5,163.9
0,159.1,69.3,46,27.38,1.751,0.24254,0.17422,0.1844,0.21134,0.32689,0.36775,0.61291,0.14808,0.12026,0.17291,0.05139,0.06198,87.3,80.4,96.3,38.7,34.5,28.6,52.1,15.4,27.1,71.7,97.8,58.7,159.1
0,155.6,68.1,23,28.13,1.716,0.24128,0.17977,0.17299,0.21794,0.32509,0.36572,0.60954,0.1528,0.11282,0.17831,0.04864,0.06167,86.8,72.7,95.7,37.1,33.1,26.2,50.0,14.7,24.7,68.7,93.7,56.2,155.6
0,150.6,55.7,35,24.56,1.527,0.24004,0.1686,0.16271,0.20448,0.32715,0.36804,0.6134,0.14331,0.10612,0.1673,0.04355,0.06106,79.2,66.5,87.4,35.9,31.9,23.5,48.9,14.3,21.5,67.3,91.8,55.1,150.6
0,155.3,76.1,66,31.55,1.812,0.23812,0.17056,0.16525,0.20659,0.31802,0.35777,0.59629,0.14497,0.10777,0.16903,0.04559,0.06107,84.3,71.1,92.9,37.5,33.6,26.4,50.1,14.8,23.7,68.8,93.9,56.3,155.3
0,160.3,64.1,61,24.95,1.69,0.23186,0.17464,0.14955,0.21199,0.31439,0.35369,0.58948,0.14845,0.09753,0.17345,0.04208,0.0591,89.1,66.4,98.3,37.7,33.5,23.0,51.1,15.0,22.6,70.2,95.8,57.5,160.3
0,163.9,50.8,52,18.9,1.521,0.23511,0.16597,0.15454,0.20178,0.32375,0.36422,0.60703,0.14107,0.10079,0.1651,0.04155,0.05956,86.1,69.7,95.1,38.8,34.3,22.3,53.4,15.5,22.7,73.5,100.2,60.1,163.9
0,169.4,73.4,44,25.59,1.858,0.23418,0.16779,0.17814,0.20384,0.31575,0.35522,0.59203,0.14262,0.11618,0.16678,0.04936,0.05983,91.1,84.1,100.6,40.5,36.1,28.8,54.6,16.1,28.2,75.0,102.3,61.4,169.4
0,159.5,63.8,22,25.07,1.68,0.22967,0.17044,0.17095,0.20687,0.31143,0.35036,0.58393,0.14487,0.11149,0.16925,0.04702,0.05855,86.0,75.0,94.9,36.9,32.8,26.1,50.0,14.7,25.0,68.8,93.8,56.3,159.5
0,156.5,53.2,24,21.7,1.52,0.23416,0.17527,0.16889,0.21285,0.32079,0.36089,0.60148,0.14898,0.11015,0.17415,0.04618,0.05944,84.3,70.6,93.0,35.8,31.8,23.8,49.1,14.3,23.4,67.5,92.0,55.2,156.5
0,152.7,61.8,27,26.51,1.619,0.23678,0.17571,0.16688,0.21304,0.3208,0.3609,0.6015,0.14936,0.10883,0.1743,0.04642,0.06038,84.3,69.6,92.9,36.2,32.2,24.9,49.0,14.4,23.4,67.4,91.9,55.1,152.7
0,165.8,49.8,27,18.11,1.514,0.2335,0.15242,0.15386,0.18537,0.32206,0.36232,0.60387,0.12956,0.10035,0.15166,0.03887,0.05911,80.3,70.5,88.8,39.2,34.6,22.2,54.0,15.7,21.6,74.3,101.3,60.8,165.8
0,171.9,84.1,68,28.46,2.004,0.25453,0.18339,0.15908,0.22277,0.33999,0.38249,0.63748,0.15588,0.10375,0.18227,0.0456,0.06528,96.3,72.6,106.3,42.5,38.1,25.5,56.8,16.8,25.2,78.1,106.5,63.9,171.9
0,171.1,60.6,45,20.71,1.698,0.2227,0.16253,0.16094,0.19762,0.30432,0.34236,0.5706,0.13815,0.10496,0.16169,0.04313,0.05659,88.6,76.3,97.9,38.6,34.3,24.5,52.8,15.4,24.8,72.6,99.0,59.4,171.1
0,167.3,56.9,53,20.34,1.627,0.23036,0.1677,0.15143,0.20387,0.31554,0.35499,0.59165,0.14254,0.09876,0.1668,0.04144,0.05848,89.4,70.2,98.9,39.1,34.7,22.7,53.6,15.6,23.3,73.7,100.4,60.3,167.3
0,166.8,65.7,27,23.59,1.744,0.24244,0.1777,0.16089,0.2159,0.32909,0.37023,0.61705,0.15105,0.10493,0.17664,0.045,0.06177,91.5,72.0,101.0,39.7,35.3,24.2,53.9,15.8,24.4,74.1,101.1,60.7,166.8
0,174.0,78.4,67,25.88,1.947,0.2418,0.18221,0.16678,0.22145,0.32509,0.36572,0.60954,0.15488,0.10877,0.18119,0.04819,0.06185,98.6,78.5,109.0,41.7,37.2,26.8,56.0,16.5,27.5,77.0,105.0,63.0,174.0
0,164.8,67.1,52,24.73,1.753,0.2406,0.16455,0.16145,0.19985,0.32582,0.36655,0.61092,0.13987,0.1053,0.16351,0.04331,0.06136,85.3,72.8,94.2,39.7,35.4,24.9,53.8,15.8,23.6,74.0,100.9,60.5,164.8
0,166.9,59.0,52,21.19,1.654,0.24018,0.16395,0.156,0.19928,0.32824,0.36927,0.61545,0.13936,0.10174,0.16304,0.04117,0.06103,84.9,70.2,93.8,39.6,35.1,23.0,54.1,15.8,22.4,74.4,101.4,60.9,166.9
0,160.3,56.7,54,22.06,1.589,0.23057,0.17256,0.15998,0.2096,0.31511,0.3545,0.59083,0.14667,0.10434,0.17149,0.04396,0.05859,86.5,69.8,95.5,36.8,32.6,23.4,50.3,14.7,23.2,69.1,94.3,56.6,160.3
0,153.2,46.6,65,19.83,1.408,0.2234,0.15648,0.14849,0.19009,0.30793,0.34642,0.57736,0.13301,0.09684,0.15553,0.03825,0.05657,76.7,63.3,84.7,34.9,30.8,21.1,48.0,14.0,19.7,66.1,90.1,54.0,153.2
0,157.8,57.7,37,23.15,1.59,0.22759,0.15404,0.15545,0.18702,0.31042,0.34922,0.58204,0.13093,0.10138,0.15302,0.04042,0.05788,79.2,69.5,87.5,37.3,33.1,23.8,50.8,14.9,21.9,69.9,95.3,57.2,157.8
0,162.4,76.2,30,28.87,1.854,0.24142,0.17746,0.15902,0.21529,0.32356,0.36401,0.60668,0.15084,0.10371,0.17615,0.04528,0.06183,91.3,71.2,100.7,39.6,35.4,25.5,53.0,15.7,24.5,72.9,99.4,59.6,162.4
0,162.9,63.8,28,24.03,1.699,0.24018,0.16929,0.16396,0.20558,0.32614,0.36691,0.61151,0.14389,0.10693,0.16821,0.0442,0.06119,85.3,71.8,94.1,38.5,34.2,24.5,52.3,15.3,23.4,71.9,98.0,58.8,162.9
0,175.6,85.8,62,27.83,2.046,0.2305,0.1849,0.16221,0.22471,0.30791,0.3464,0.57733,0.15716,0.10579,0.18385,0.04806,0.05911,102.7,78.3,113.4,40.7,36.5,27.2,54.4,16.1,28.1,74.8,102.0,61.2,175.6
0,163.1,81.9,36,30.8,1.926,0.23668,0.18184,0.17047,0.22054,0.31546,0.35489,0.59149,0.15456,0.11118,0.18044,0.04892,0.06075,92.5,75.4,102.0,38.3,34.3,27.5,51.1,15.2,26.2,70.2,95.8,57.5,163.1
0,170.5,63.3,45,21.76,1.731,0.23875,0.16837,0.1614,0.20468,0.32532,0.36599,0.60998,0.14311,0.10526,0.16747,0.04391,0.06074,89.9,75.0,99.4,40.6,36.1,24.5,55.3,16.2,24.7,76.1,103.7,62.2,170.5
0,159.5,59.3,55,23.3,1.621,0.2273,0.16179,0.14691,0.19645,0.3097,0.34841,0.58068,0.13752,0.09581,0.16073,0.03936,0.05783,83.2,65.7,91.8,37.2,33.0,22.4,50.7,14.8,21.3,69.7,95.1,57.0,159.5
0,160.4,89.5,62,34.78,1.996,0.2414,0.19185,0.17286,0.23241,0.3188,0.35865,0.59775,0.16307,0.11274,0.19016,0.0518,0.06219,97.3,76.2,107.1,39.0,35.0,28.9,51.4,15.4,27.6,70.7,96.5,57.9,160.4
0,153.5,72.4,21,30.74,1.757,0.24527,0.18034,0.17714,0.21842,0.32858,0.36965,0.61608,0.15329,0.11552,0.17871,0.05004,0.06283,86.5,73.9,95.2,37.4,33.5,27.4,50.2,14.8,25.3,69.0,94.0,56.4,153.5
0,157.5,44.9,54,18.1,1.401,0.22317,0.15644,0.14206,0.19018,0.30862,0.3472,0.57866,0.13297,0.09265,0.1556,0.03644,0.05643,78.3,61.8,86.5,35.6,31.4,19.9,49.2,14.3,19.2,67.6,92.2,55.3,157.5
0,166.1,70.8,36,25.68,1.808,0.23382,0.16713,0.17669,0.20297,0.31562,0.35508,0.59179,0.14206,0.11523,0.16607,0.04816,0.05971,87.7,80.6,96.8,39.0,34.8,27.8,52.7,15.5,26.6,72.5,98.8,59.3,166.1
0,162.6,63.5,54,24.05,1.694,0.23454,0.16995,0.17155,0.20639,0.31851,0.35833,0.59721,0.14446,0.11188,0.16886,0.04672,0.05975,86.3,75.7,95.3,37.9,33.7,25.8,51.5,15.1,25.0,70.8,96.5,57.9,162.6
0,168.9,79.0,31,27.67,1.925,0.24066,0.17045,0.16635,0.20699,0.32263,0.36295,0.60492,0.14488,0.10849,0.16936,0.046,0.06163,90.4,76.7,99.7,40.6,36.3,26.9,54.4,16.1,25.7,74.8,102.1,61.2,168.9
0,163.7,56.8,48,21.19,1.607,0.24122,0.1732,0.15563,0.21047,0.33005,0.37131,0.61884,0.14722,0.1015,0.17221,0.04259,0.06127,87.7,68.5,96.9,38.9,34.5,22.6,53.2,15.5,22.7,73.2,99.8,59.9,163.7
0,160.1,53.4,45,20.85,1.542,0.22775,0.15645,0.15936,0.19009,0.31231,0.35135,0.58559,0.13298,0.10393,0.15553,0.04057,0.05779,78.2,69.3,86.4,36.3,32.1,22.9,49.7,14.5,21.4,68.4,93.2,55.9,160.1
0,177.1,67.2,53,21.44,1.819,0.23179,0.16438,0.14892,0.19994,0.31538,0.3548,0.59133,0.13972,0.09712,0.16358,0.04048,0.059,92.8,73.1,102.6,41.6,37.0,23.5,56.7,16.6,24.1,77.9,106.3,63.8,177.1
0,161.9,57.2,61,21.82,1.603,0.23649,0.1679,0.1452,0.20399,0.32323,0.36364,0.60606,0.14272,0.0947,0.1669,0.03946,0.06009,86.0,64.7,95.0,38.6,34.2,21.6,52.7,15.4,21.3,72.5,98.8,59.3,161.9
0,170.4,80.2,55,27.62,1.949,0.23004,0.17741,0.16658,0.21548,0.30822,0.34675,0.57792,0.15079,0.10864,0.1763,0.04747,0.05892,94.9,77.5,104.8,39.2,35.0,27.1,52.5,15.5,26.7,72.2,98.5,59.1,170.4
0,159.8,50.2,36,19.67,1.493,0.23694,0.16247,0.15749,0.19745,0.326,0.36675,0.61126,0.1381,0.10271,0.16155,0.04074,0.06004,79.9,67.4,88.3,37.1,32.8,22.0,51.1,14.9,21.1,70.2,95.7,57.4,159.8
0,167.3,60.6,59,21.63,1.678,0.22715,0.1686,0.15887,0.20492,0.31,0.34875,0.58125,0.14331,0.10361,0.16766,0.04348,0.05775,89.3,73.1,98.6,38.3,34.0,24.0,52.2,15.3,24.2,71.8,98.0,58.8,167.3
0,168.8,50.6,18,17.74,1.54,0.22305,0.15274,0.14557,0.18579,0.30768,0.34614,0.57691,0.12983,0.09494,0.15201,0.0373,0.05646,83.2,68.9,92.0,38.7,34.2,21.4,53.3,15.5,21.4,73.3,100.0,60.0,168.8
0,163.9,76.7,40,28.54,1.869,0.22825,0.17696,0.18006,0.21474,0.30598,0.34422,0.57371,0.15041,0.11743,0.17569,0.0507,0.05845,90.5,80.1,99.9,37.2,33.2,28.6,49.8,14.7,27.3,68.5,93.4,56.1,163.9
0,146.5,64.0,45,29.85,1.614,0.24134,0.17659,0.15787,0.21372,0.32519,0.36583,0.60972,0.15011,0.10296,0.17486,0.0441,0.06168,82.2,63.9,90.4,35.8,31.9,23.9,48.2,14.2,21.6,66.3,90.3,54.2,146.5
0,162.6,60.2,65,22.75,1.648,0.22863,0.16654,0.15033,0.2023,0.3116,0.35055,0.58424,0.14156,0.09804,0.16552,0.04104,0.05816,86.8,68.1,95.8,37.9,33.7,22.9,51.7,15.1,22.5,71.0,96.9,58.1,162.6
0,170.9,66.7,21,22.86,1.78,0.23188,0.16537,0.16508,0.201,0.31492,0.35429,0.59048,0.14056,0.10766,0.16446,0.04449,0.05907,88.7,77.0,98.1,39.6,35.2,25.5,53.8,15.8,25.1,74.0,100.9,60.5,170.9
0,166.1,71.6,58,25.97,1.818,0.2423,0.18137,0.16092,0.22025,0.3268,0.36765,0.61275,0.15417,0.10495,0.1802,0.04587,0.0619,93.3,72.0,103.0,39.7,35.4,24.9,53.5,15.8,24.8,73.6,100.3,60.2,166.1
0,165.5,84.7,35,30.9,1.973,0.23342,0.17844,0.1645,0.2165,0.31063,0.34946,0.58244,0.15167,0.10728,0.17713,0.04723,0.05995,93.6,75.0,103.2,39.0,34.9,27.3,51.9,15.4,26.1,71.3,97.2,58.3,165.5
0,150.8,58.6,66,25.78,1.567,0.2319,0.17525,0.16592,0.21247,0.31505,0.35443,0.59072,0.14896,0.10821,0.17384,0.04571,0.05907,82.4,67.8,90.8,34.7,30.9,24.2,47.2,13.8,22.6,64.8,88.4,53.0,150.8
0,157.6,53.0,64,21.36,1.524,0.24298,0.17421,0.15257,0.2116,0.33304,0.37467,0.62445,0.14808,0.0995,0.17313,0.04194,0.06167,85.4,65.0,94.3,37.9,33.6,21.8,52.0,15.2,21.6,71.4,97.4,58.5,157.6
0,165.3,49.9,68,18.26,1.514,0.24333,0.16883,0.15463,0.20531,0.33551,0.37745,0.62909,0.14351,0.10085,0.16798,0.04152,0.0616,86.6,69.0,95.8,39.7,35.1,21.8,54.8,15.9,22.4,75.4,102.8,61.7,165.3
0,165.3,54.4,56,19.89,1.58,0.22786,0.16741,0.15025,0.20351,0.31274,0.35183,0.58638,0.1423,0.09799,0.16651,0.04088,0.0578,87.9,68.6,97.1,38.1,33.7,22.1,52.3,15.2,22.6,71.9,98.0,58.8,165.3
0,170.8,71.0,42,24.35,1.835,0.23762,0.16897,0.15599,0.20534,0.32134,0.3615,0.6025,0.14362,0.10173,0.168,0.04333,0.06064,92.2,74.0,101.9,41.3,36.8,24.9,55.8,16.4,24.9,76.7,104.6,62.8,170.8
0,161.5,56.1,35,21.51,1.587,0.23208,0.16704,0.14297,0.20294,0.31752,0.35721,0.59535,0.14198,0.09324,0.16604,0.03891,0.05895,86.0,64.0,95.0,38.0,33.7,21.3,52.1,15.2,21.1,71.6,97.6,58.6,161.5
0,165.3,67.9,23,24.86,1.765,0.23247,0.17399,0.16727,0.21131,0.31464,0.35397,0.58995,0.14789,0.10909,0.17289,0.04628,0.0593,89.3,74.6,98.6,38.0,33.8,25.5,51.4,15.1,25.0,70.7,96.4,57.8,165.3
0,162.6,57.9,36,21.89,1.617,0.23219,0.16185,0.15277,0.19663,0.3172,0.35685,0.59476,0.13757,0.09963,0.16088,0.03991,0.05901,81.9,67.2,90.4,37.4,33.2,22.4,51.1,14.9,21.2,70.2,95.8,57.5,162.6
0,155.8,48.8,29,20.09,1.453,0.23629,0.16199,0.15212,0.1968,0.32519,0.36584,0.60973,0.13769,0.09921,0.16102,0.04021,0.05987,80.4,65.7,88.8,37.3,33.0,21.8,51.4,15.0,21.0,70.7,96.4,57.8,155.8
0,147.2,42.6,42,19.69,1.32,0.23218,0.16767,0.15526,0.20363,0.32081,0.36091,0.60152,0.14252,0.10126,0.1666,0.04044,0.05873,75.1,60.5,82.9,33.1,29.2,20.6,45.7,13.3,19.1,62.9,85.8,51.5,147.2
0,165.4,85.8,52,31.36,1.986,0.24767,0.18037,0.17079,0.21881,0.3292,0.37035,0.61724,0.15331,0.11139,0.17903,0.04967,0.06364,95.3,78.5,105.1,41.6,37.4,28.6,55.4,16.5,27.6,76.1,103.8,62.3,165.4
0,163.7,74.9,18,27.97,1.846,0.23912,0.17701,0.17076,0.21482,0.32109,0.36122,0.60204,0.15046,0.11136,0.17576,0.04778,0.0612,89.7,75.2,98.9,38.6,34.4,26.7,51.8,15.3,25.5,71.2,97.1,58.3,163.7
0,158.3,80.9,22,32.27,1.886,0.25369,0.18025,0.18084,0.2184,0.33764,0.37985,0.63308,0.15321,0.11794,0.17869,0.05077,0.06515,87.6,76.5,96.5,39.3,35.2,28.5,52.3,15.5,26.0,71.9,98.0,58.8,158.3
0,151.5,60.5,18,26.36,1.595,0.23492,0.17472,0.16039,0.21181,0.31857,0.35839,0.59732,0.14851,0.1046,0.1733,0.0443,0.05988,83.0,66.3,91.5,35.5,31.6,23.8,48.2,14.2,22.2,66.2,90.3,54.2,151.5
0,166.8,62.2,25,22.35,1.697,0.23591,0.15902,0.16654,0.19324,0.32137,0.36154,0.60256,0.13516,0.10861,0.1581,0.04381,0.06003,84.3,76.8,93.1,39.8,35.4,25.5,54.2,15.9,24.4,74.6,101.7,61.0,166.8
0,160.7,77.8,56,30.11,1.863,0.24327,0.18337,0.15778,0.22235,0.32524,0.36589,0.60982,0.15586,0.1029,0.18192,0.046,0.06237,93.6,70.0,103.2,39.5,35.4,25.5,52.9,15.7,24.7,72.7,99.1,59.5,160.7
0,166.3,66.1,64,23.91,1.748,0.24151,0.1678,0.16088,0.20385,0.3276,0.36855,0.61426,0.14263,0.10492,0.16679,0.04385,0.06156,88.0,73.4,97.2,40.3,35.9,24.8,54.7,16.1,24.2,75.2,102.5,61.5,166.3
0,175.2,76.6,60,24.97,1.931,0.23852,0.17646,0.17428,0.21451,0.32139,0.36156,0.6026,0.14999,0.11366,0.17551,0.04899,0.06096,95.6,82.1,105.6,41.1,36.7,27.6,55.4,16.3,27.9,76.2,103.9,62.3,175.2
0,147.9,52.2,35,23.87,1.465,0.22597,0.16687,0.16055,0.20238,0.30885,0.34746,0.5791,0.14184,0.10471,0.16558,0.04334,0.05742,79.0,66.1,87.1,34.0,30.2,23.4,46.5,13.6,21.6,64.0,87.2,52.3,147.9
0,157.7,39.8,63,16.0,1.321,0.22339,0.15572,0.13925,0.18942,0.31067,0.3495,0.5825,0.13236,0.09082,0.15498,0.03595,0.05635,79.4,61.7,87.8,36.2,31.9,19.3,50.4,14.6,19.3,69.3,94.5,56.7,157.7
0,161.1,82.0,26,31.59,1.915,0.23537,0.17315,0.17003,0.20992,0.31337,0.35254,0.58757,0.14718,0.11089,0.17175,0.04713,0.06044,87.1,74.4,96.0,37.7,33.8,27.4,50.2,14.9,25.0,69.0,94.1,56.5,161.1
0,172.4,77.7,22,26.14,1.929,0.24125,0.17954,0.16215,0.21816,0.32434,0.36488,0.60813,0.15261,0.10575,0.1785,0.04634,0.06171,96.4,75.7,106.5,41.2,36.8,25.9,55.4,16.4,26.2,76.2,103.9,62.4,172.4
0,151.4,58.3,21,25.43,1.565,0.23837,0.17636,0.17227,0.21386,0.32404,0.36454,0.60757,0.14991,0.11235,0.17497,0.04695,0.0607,81.5,69.2,89.8,35.0,31.2,24.6,47.6,14.0,22.8,65.5,89.3,53.6,151.4
0,175.7,73.4,61,23.8,1.893,0.23683,0.16401,0.15592,0.19941,0.32015,0.36017,0.60028,0.13941,0.10169,0.16315,0.04265,0.06045,92.4,76.4,102.2,42.5,37.8,25.3,57.4,16.9,25.3,79.0,107.7,64.6,175.7
0,163.4,66.0,46,24.72,1.731,0.233,0.16624,0.16526,0.20187,0.31571,0.35518,0.59196,0.14131,0.10778,0.16517,0.04461,0.05941,85.5,73.9,94.4,38.2,34.0,25.4,51.7,15.2,24.2,71.1,96.9,58.2,163.4
0,161.8,56.9,18,21.72,1.6,0.22985,0.16714,0.16331,0.20306,0.31423,0.35351,0.58919,0.14207,0.1065,0.16614,0.04342,0.0584,83.5,71.0,92.3,36.6,32.4,23.6,50.0,14.6,22.8,68.7,93.7,56.2,161.8
0,161.2,69.4,47,26.7,1.762,0.2443,0.16647,0.18297,0.20202,0.32956,0.37076,0.61793,0.1415,0.11933,0.16529,0.04929,0.06241,84.1,80.4,92.8,39.3,35.0,28.3,53.0,15.6,26.2,72.9,99.4,59.6,161.2
0,159.5,49.0,62,19.26,1.474,0.23246,0.17003,0.15599,0.20667,0.32023,0.36026,0.60044,0.14453,0.10173,0.16909,0.04251,0.05887,85.5,68.2,94.4,37.2,32.9,22.2,51.2,14.9,22.5,70.5,96.1,57.6,159.5
0,169.6,71.4,18,24.82,1.834,0.23979,0.18116,0.16148,0.22011,0.32398,0.36448,0.60746,0.15399,0.10531,0.18009,0.04618,0.06121,95.4,74.0,105.4,40.2,35.8,25.1,54.3,16.0,25.6,74.7,101.8,61.1,169.6
0,155.2,63.8,20,26.46,1.658,0.23943,0.17249,0.15453,0.20919,0.32406,0.36457,0.60762,0.14661,0.10078,0.17115,0.04278,0.06108,84.9,66.1,93.6,37.5,33.4,23.5,50.8,14.9,22.2,69.8,95.2,57.1,155.2
0,164.8,63.2,39,23.25,1.701,0.24249,0.16951,0.16197,0.20592,0.32974,0.37095,0.61826,0.14408,0.10563,0.16848,0.04385,0.06174,86.7,72.0,95.7,39.5,35.1,24.2,53.7,15.7,23.6,73.8,100.6,60.4,164.8
0,159.9,65.5,25,25.61,1.705,0.2284,0.16697,0.16101,0.20265,0.3092,0.34785,0.57975,0.14193,0.10501,0.1658,0.04403,0.05826,85.5,71.7,94.3,37.2,33.1,25.0,50.4,14.8,23.7,69.3,94.5,56.7,159.9
0,157.3,50.3,35,20.32,1.482,0.22543,0.16329,0.13892,0.19838,0.30989,0.34863,0.58105,0.13879,0.0906,0.16231,0.03724,0.05715,82.6,61.1,91.2,36.3,32.1,20.3,49.9,14.5,19.8,68.6,93.5,56.1,157.3
0,180.1,66.2,42,20.41,1.819,0.22853,0.17438,0.15387,0.21217,0.31159,0.35054,0.58424,0.14823,0.10035,0.17359,0.04338,0.05813,99.1,76.0,109.6,41.3,36.7,23.9,56.3,16.5,25.9,77.5,105.6,63.4,180.1
0,165.3,68.4,65,25.03,1.773,0.2208,0.16172,0.16025,0.19641,0.29868,0.33602,0.56003,0.13746,0.10451,0.1607,0.04365,0.05634,87.4,75.3,96.5,38.0,33.8,25.8,51.4,15.1,24.8,70.6,96.3,57.8,165.3
0,166.7,75.0,69,26.99,1.863,0.24105,0.16847,0.1647,0.20457,0.32411,0.36463,0.60771,0.1432,0.10741,0.16737,0.04503,0.06166,88.1,74.9,97.3,40.1,35.8,26.2,54.0,15.9,24.8,74.2,101.2,60.7,166.7
0,170.2,50.7,37,17.48,1.548,0.22765,0.16399,0.15477,0.19949,0.31413,0.35339,0.58899,0.13939,0.10094,0.16322,0.04192,0.05762,90.0,73.9,99.6,39.8,35.2,22.8,54.9,16.0,24.2,75.5,102.9,61.8,170.2
0,152.8,61.4,48,26.28,1.614,0.24067,0.16265,0.15535,0.19722,0.32625,0.36703,0.61171,0.13825,0.10132,0.16136,0.04072,0.06136,77.8,64.6,85.7,36.6,32.6,23.1,49.7,14.6,20.5,68.3,93.1,55.9,152.8
0,174.4,66.7,47,21.93,1.798,0.242,0.16322,0.16564,0.19847,0.32912,0.37025,0.61709,0.13874,0.10802,0.16239,0.04419,0.06162,89.2,78.7,98.6,42.1,37.4,25.5,57.2,16.8,25.4,78.7,107.3,64.4,174.4
0,145.4,49.2,33,23.27,1.41,0.23691,0.16457,0.16478,0.19958,0.32463,0.3652,0.60867,0.13988,0.10746,0.16329,0.04335,0.06014,75.3,65.5,83.0,34.5,30.6,23.2,47.3,13.8,20.9,65.0,88.6,53.2,145.4
0,157.3,47.4,19,19.15,1.438,0.2376,0.15517,0.16099,0.18858,0.32766,0.36861,0.61436,0.13189,0.105,0.15429,0.04052,0.06015,76.2,68.7,84.2,37.1,32.8,22.5,51.2,14.9,20.9,70.4,96.0,57.6,157.3
0,159.4,52.8,34,20.81,1.53,0.22425,0.17033,0.14763,0.20694,0.30764,0.3461,0.57683,0.14478,0.09628,0.16932,0.04014,0.0569,85.0,64.1,93.9,35.6,31.6,21.2,48.9,14.3,21.1,67.2,91.7,55.0,159.4
0,166.5,78.5,27,28.34,1.905,0.23636,0.17973,0.17164,0.21818,0.31664,0.35622,0.5937,0.15277,0.11194,0.17851,0.04936,0.06054,94.4,78.4,104.2,39.5,35.3,27.8,52.9,15.7,27.3,72.8,99.3,59.6,166.5
0,164.0,65.0,24,24.18,1.721,0.24701,0.17137,0.16311,0.20813,0.33513,0.37702,0.62837,0.14567,0.10638,0.17029,0.04406,0.06295,85.9,71.1,94.9,39.4,35.1,24.2,53.5,15.7,23.3,73.5,100.3,60.2,164.0
0,161.4,58.7,59,22.53,1.622,0.23041,0.17446,0.15197,0.21191,0.31437,0.35366,0.58944,0.14829,0.09911,0.17338,0.0421,0.05859,87.9,66.6,97.1,37.0,32.8,22.4,50.4,14.8,22.3,69.3,94.6,56.7,161.4
0,162.4,62.2,68,23.58,1.675,0.23848,0.17801,0.16108,0.21619,0.3243,0.36484,0.60806,0.15131,0.10505,0.17689,0.04518,0.06072,89.8,70.7,99.1,38.3,34.0,24.0,52.1,15.3,24.0,71.6,97.6,58.6,162.4
0,155.8,63.5,69,26.13,1.658,0.24259,0.17352,0.16175,0.21048,0.32853,0.36959,0.61599,0.1475,0.10549,0.17221,0.04418,0.06187,83.6,67.8,92.2,37.2,33.1,24.0,50.4,14.8,22.4,69.3,94.5,56.7,155.8
0,152.3,60.1,26,25.92,1.595,0.24026,0.16994,0.17208,0.20607,0.32607,0.36683,0.61138,0.14445,0.11223,0.1686,0.04633,0.06123,80.5,70.9,88.8,36.2,32.2,25.3,49.2,14.4,23.1,67.6,92.2,55.3,152.3
0,167.4,66.6,34,23.74,1.76,0.24499,0.18665,0.17136,0.22677,0.33233,0.37388,0.62313,0.15865,0.11175,0.18554,0.04929,0.06244,95.2,76.0,105.2,39.8,35.4,25.6,54.0,15.9,26.5,74.2,101.2,60.7,167.4
0,167.2,81.0,26,28.96,1.939,0.24284,0.18128,0.16388,0.22006,0.32464,0.36522,0.6087,0.15409,0.10688,0.18005,0.04724,0.06226,95.0,74.7,104.8,40.5,36.2,26.6,54.2,16.0,26.1,74.5,101.5,60.9,167.2
0,173.3,85.1,26,28.36,2.024,0.2405,0.17838,0.1663,0.21672,0.32112,0.36126,0.60211,0.15163,0.10846,0.17732,0.04775,0.06169,97.1,78.7,107.3,41.7,37.3,27.6,55.6,16.5,27.4,76.5,104.3,62.6,173.3
0,157.1,63.7,54,25.8,1.667,0.22707,0.17633,0.16071,0.21393,0.30761,0.34606,0.57677,0.14988,0.10481,0.17503,0.04531,0.0579,87.9,69.7,96.9,36.0,32.1,24.5,48.8,14.3,23.8,67.1,91.5,54.9,157.1
0,167.2,67.9,41,24.27,1.775,0.23771,0.17116,0.1626,0.20794,0.322,0.36225,0.60375,0.14549,0.10605,0.17013,0.04502,0.06062,90.3,74.6,99.7,39.9,35.5,25.3,54.1,15.9,25.0,74.3,101.3,60.8,167.2
0,160.6,69.3,56,26.89,1.758,0.236,0.16859,0.17187,0.20457,0.31829,0.35808,0.5968,0.1433,0.11209,0.16738,0.04713,0.06029,86.0,76.2,94.9,38.3,34.2,26.9,51.7,15.2,25.3,71.1,96.9,58.1,160.6
0,170.6,73.8,28,25.37,1.87,0.23277,0.17449,0.17229,0.21201,0.31388,0.35311,0.58852,0.14832,0.11236,0.17346,0.04808,0.05947,92.6,79.5,102.3,39.3,35.1,27.1,53.0,15.6,26.9,72.9,99.4,59.6,170.6
0,169.4,82.7,25,28.8,1.973,0.24276,0.18013,0.16944,0.21872,0.32433,0.36487,0.60812,0.15311,0.11051,0.17896,0.04929,0.06225,97.2,79.5,107.3,41.7,37.3,28.2,55.7,16.5,28.0,76.6,104.5,62.7,169.4
0,163.9,75.3,42,28.02,1.852,0.24119,0.16489,0.16779,0.20011,0.32377,0.36425,0.60708,0.14016,0.10943,0.16373,0.04512,0.06173,84.8,75.1,93.6,39.5,35.3,26.6,53.0,15.7,24.4,72.9,99.4,59.6,163.9
0,160.2,51.9,63,20.22,1.52,0.22843,0.16355,0.14631,0.19875,0.31378,0.353,0.58833,0.13902,0.09542,0.16261,0.03841,0.05792,81.6,63.5,90.2,36.3,32.1,20.9,49.8,14.5,20.2,68.5,93.5,56.1,160.2
0,169.0,57.1,19,19.99,1.638,0.23022,0.17158,0.16542,0.20862,0.31548,0.35491,0.59152,0.14584,0.10789,0.17069,0.04551,0.05843,90.9,76.2,100.5,38.8,34.4,24.4,53.2,15.5,25.4,73.2,99.8,59.9,169.0
0,166.9,59.5,27,21.34,1.66,0.22849,0.1613,0.15394,0.19605,0.31214,0.35116,0.58526,0.1371,0.10039,0.1604,0.04092,0.05807,85.7,71.1,94.7,38.7,34.3,23.3,52.8,15.4,22.9,72.6,99.0,59.4,166.9
0,157.8,70.7,41,28.39,1.761,0.2377,0.18484,0.18149,0.22413,0.3197,0.35967,0.59944,0.15711,0.11836,0.18338,0.05224,0.06079,90.7,77.4,100.0,37.1,33.1,27.9,49.9,14.7,27.0,68.7,93.6,56.2,157.8
0,153.5,43.3,65,18.39,1.359,0.23235,0.16679,0.15334,0.20272,0.32146,0.36165,0.60274,0.14178,0.1,0.16586,0.04094,0.05874,80.5,64.4,89.0,35.7,31.5,21.1,49.4,14.3,20.8,67.9,92.6,55.6,153.5
0,160.5,66.3,33,25.72,1.719,0.2219,0.16371,0.17082,0.1987,0.30023,0.33776,0.56293,0.13916,0.11141,0.16257,0.04692,0.05662,86.3,78.3,95.2,37.2,33.2,27.3,50.4,14.8,26.0,69.3,94.4,56.7,160.5
0,172.8,76.4,36,25.58,1.915,0.23946,0.16747,0.16815,0.20353,0.32239,0.36269,0.60449,0.14235,0.10966,0.16652,0.04649,0.06122,92.3,80.6,102.0,42.0,37.5,27.4,56.5,16.7,27.0,77.7,106.0,63.6,172.8
0,170.3,85.0,48,29.3,2.005,0.25013,0.18013,0.16593,0.21874,0.33356,0.37525,0.62542,0.15311,0.10822,0.17897,0.04717,0.06419,94.4,75.6,104.2,41.7,37.4,26.9,55.6,16.5,26.0,76.5,104.3,62.6,170.3
0,154.9,59.5,28,24.8,1.601,0.24359,0.18697,0.16241,0.22684,0.33118,0.37257,0.62096,0.15892,0.10592,0.1856,0.04662,0.06203,89.0,67.2,98.2,36.9,32.8,23.6,50.2,14.7,23.4,69.0,94.1,56.5,154.9
0,154.6,45.7,23,19.14,1.401,0.23387,0.1718,0.15385,0.20877,0.32281,0.36316,0.60527,0.14603,0.10033,0.17081,0.04179,0.05918,82.8,64.4,91.4,35.9,31.7,21.2,49.5,14.4,21.2,68.1,92.8,55.7,154.6
0,171.2,59.9,23,20.43,1.687,0.24118,0.16783,0.1542,0.20408,0.32983,0.37106,0.61844,0.14266,0.10057,0.16698,0.04151,0.06127,89.2,71.3,98.6,40.8,36.2,22.8,55.8,16.3,23.2,76.7,104.6,62.8,171.2
0,154.8,47.1,49,19.67,1.423,0.2282,0.15734,0.15046,0.19116,0.31452,0.35383,0.58972,0.13374,0.09813,0.15641,0.03877,0.05778,77.4,64.4,85.5,35.7,31.6,21.3,49.3,14.3,20.1,67.7,92.4,55.4,154.8
0,166.0,60.4,56,21.95,1.669,0.23027,0.16672,0.15041,0.2026,0.31413,0.3534,0.589,0.14171,0.09809,0.16576,0.04069,0.05855,87.3,68.5,96.4,38.4,34.1,22.6,52.3,15.3,22.4,72.0,98.1,58.9,166.0
0,158.3,58.4,65,23.31,1.603,0.2448,0.17208,0.16395,0.20893,0.33369,0.3754,0.62566,0.14627,0.10692,0.17094,0.04446,0.06227,84.0,69.6,92.7,38.0,33.8,23.8,51.9,15.2,22.9,71.3,97.2,58.3,158.3
0,173.5,59.4,30,19.72,1.692,0.23668,0.1594,0.15958,0.19388,0.32409,0.3646,0.60767,0.13549,0.10407,0.15863,0.0415,0.06009,86.3,75.2,95.5,40.8,36.2,23.7,55.9,16.3,23.7,76.8,104.8,62.9,173.5
0,157.3,76.4,20,30.88,1.826,0.23638,0.17883,0.16625,0.21671,0.31593,0.35542,0.59237,0.15201,0.10843,0.17731,0.04704,0.06061,88.3,71.4,97.2,37.1,33.2,26.3,49.6,14.7,24.4,68.2,93.1,55.8,157.3
0,170.3,55.7,58,19.2,1.622,0.23048,0.16938,0.16741,0.20599,0.31644,0.35599,0.59332,0.14397,0.10918,0.16854,0.04577,0.05845,90.9,78.1,100.5,39.4,34.8,24.7,54.0,15.7,25.8,74.3,101.3,60.8,170.3
0,163.8,81.1,52,30.23,1.92,0.24043,0.17165,0.17644,0.20822,0.32084,0.36095,0.60158,0.1459,0.11507,0.17037,0.04832,0.06168,86.8,77.6,95.7,38.7,34.6,28.1,51.6,15.3,25.7,71.0,96.8,58.1,163.8
0,164.2,79.3,55,29.41,1.902,0.25319,0.18466,0.16887,0.22405,0.33855,0.38086,0.63477,0.15696,0.11013,0.18332,0.04868,0.06491,93.7,74.5,103.3,40.9,36.6,26.8,54.7,16.2,26.0,75.2,102.5,61.5,164.2
0,149.1,62.3,34,28.01,1.606,0.23903,0.18192,0.15788,0.22037,0.32314,0.36354,0.6059,0.15463,0.10297,0.1803,0.04454,0.06101,84.4,63.7,92.9,35.3,31.4,23.3,47.7,14.0,21.7,65.6,89.5,53.7,149.1
0,147.5,46.5,20,21.37,1.381,0.23358,0.16102,0.15689,0.19544,0.32133,0.36149,0.60249,0.13686,0.10232,0.1599,0.04058,0.05919,74.5,63.2,82.3,34.4,30.5,21.8,47.4,13.8,19.8,65.1,88.8,53.3,147.5
0,161.0,66.1,51,25.49,1.719,0.23854,0.1789,0.16224,0.21715,0.32288,0.36324,0.6054,0.15207,0.10581,0.17767,0.04624,0.06085,91.0,71.7,100.4,38.6,34.4,24.9,52.3,15.4,24.8,71.9,98.0,58.8,161.0
0,164.2,52.2,29,19.35,1.542,0.22941,0.16114,0.1618,0.19591,0.31547,0.3549,0.5915,0.13697,0.10552,0.16029,0.042,0.05815,82.3,71.8,90.9,37.3,33.0,23.1,51.3,14.9,22.6,70.5,96.1,57.7,164.2
0,154.8,67.3,41,28.07,1.702,0.23859,0.17333,0.16443,0.21011,0.32161,0.36181,0.60302,0.14733,0.10724,0.17191,0.04593,0.06096,85.7,70.7,94.5,37.6,33.5,25.6,50.6,14.9,23.9,69.6,94.9,57.0,154.8
0,155.1,57.1,23,23.75,1.569,0.22877,0.16413,0.15144,0.19919,0.31187,0.35085,0.58475,0.13951,0.09877,0.16298,0.0405,0.05819,81.1,65.0,89.4,36.0,31.9,22.5,49.0,14.4,21.1,67.4,91.9,55.2,155.1
0,166.3,62.0,59,22.43,1.693,0.23822,0.16237,0.16758,0.1973,0.32449,0.36505,0.60842,0.13801,0.10929,0.16143,0.0451,0.06061,86.7,77.8,95.8,40.5,36.0,25.9,55.2,16.2,25.4,75.9,103.4,62.1,166.3
0,166.3,54.0,28,19.53,1.58,0.23583,0.16332,0.16149,0.19857,0.32389,0.36438,0.6073,0.13882,0.10532,0.16246,0.04217,0.0598,83.8,72.0,92.6,38.5,34.1,23.1,52.9,15.4,22.8,72.7,99.2,59.5,166.3
0,161.6,41.8,65,16.0,1.369,0.23258,0.15935,0.14636,0.19385,0.32311,0.3635,0.60583,0.13545,0.09546,0.15861,0.03804,0.0587,81.8,65.3,90.4,38.0,33.5,20.2,52.8,15.3,20.5,72.6,98.9,59.4,161.6
0,167.8,56.8,44,20.15,1.626,0.22321,0.16966,0.15904,0.20627,0.30586,0.3441,0.57349,0.14421,0.10372,0.16877,0.04323,0.05666,88.9,72.5,98.3,37.2,33.0,23.3,51.0,14.9,23.8,70.1,95.7,57.4,167.8
0,154.5,69.4,65,29.05,1.725,0.23193,0.17459,0.17259,0.21159,0.31189,0.35088,0.58479,0.14841,0.11256,0.17312,0.04794,0.05932,84.9,73.0,93.5,35.9,32.1,26.6,48.3,14.3,24.5,66.4,90.5,54.3,154.5
0,160.1,57.5,41,22.46,1.6,0.24313,0.1669,0.1572,0.2027,0.33195,0.37344,0.6224,0.14186,0.10252,0.16585,0.04095,0.0618,80.4,65.9,88.8,37.3,33.1,22.2,50.9,14.9,20.8,70.0,95.5,57.3,160.1
0,173.7,70.5,35,23.36,1.844,0.22814,0.17304,0.16522,0.21036,0.30904,0.34767,0.57945,0.14708,0.10775,0.17212,0.04595,0.05818,93.8,77.9,103.7,39.4,35.0,25.8,53.3,15.7,26.2,73.3,100.0,60.0,173.7
0,163.0,71.4,44,26.88,1.798,0.23366,0.17071,0.15977,0.20719,0.3148,0.35415,0.59025,0.1451,0.1042,0.16952,0.04486,0.05972,89.9,73.2,99.2,39.2,34.9,25.7,52.8,15.6,24.9,72.6,99.0,59.4,163.0
0,163.4,87.2,58,32.69,1.99,0.24715,0.18374,0.18366,0.22278,0.32768,0.36864,0.6144,0.15618,0.11978,0.18228,0.05275,0.06357,92.7,80.5,102.1,39.7,35.6,29.8,52.6,15.7,28.0,72.3,98.6,59.2,163.4
0,178.2,95.6,38,30.12,2.176,0.23531,0.18935,0.16876,0.23015,0.31184,0.35082,0.58469,0.16095,0.11006,0.1883,0.05102,0.06053,106.6,82.6,117.8,42.2,37.9,29.3,55.9,16.7,30.2,76.8,104.8,62.9,178.2
0,153.0,47.7,68,20.38,1.424,0.2317,0.15482,0.15127,0.18804,0.31893,0.3588,0.598,0.13159,0.09865,0.15385,0.03823,0.0587,74.6,63.4,82.4,35.6,31.4,21.3,48.9,14.2,19.4,67.3,91.8,55.1,153.0
0,167.9,48.7,51,17.28,1.508,0.23297,0.14817,0.16086,0.18023,0.32188,0.36212,0.60353,0.12594,0.10491,0.14746,0.0397,0.05893,79.0,74.5,87.3,39.5,34.9,23.1,54.6,15.9,22.3,75.1,102.4,61.4,167.9
0,173.8,108.5,50,35.91,2.289,0.23535,0.18452,0.19344,0.22401,0.30744,0.34587,0.57645,0.15684,0.12616,0.18328,0.05708,0.06089,100.5,91.6,110.9,40.8,36.8,34.4,53.3,16.0,32.7,73.3,99.9,59.9,173.8
0,160.3,90.9,65,35.37,2.011,0.23714,0.1895,0.15737,0.22954,0.3127,0.35179,0.58632,0.16108,0.10264,0.18781,0.04648,0.06112,95.2,68.7,104.8,37.9,34.1,26.1,50.0,14.9,24.6,68.7,93.7,56.2,160.3
0,168.3,70.4,35,24.83,1.814,0.23286,0.16421,0.17073,0.19949,0.31478,0.35413,0.59021,0.13958,0.11135,0.16322,0.04614,0.05943,87.7,79.3,96.9,39.6,35.3,27.0,53.5,15.7,25.9,73.6,100.3,60.2,168.3
0,155.8,47.0,20,19.38,1.427,0.23042,0.15591,0.1526,0.18945,0.31771,0.35743,0.59571,0.13252,0.09952,0.15501,0.03894,0.05834,76.9,65.5,85.0,36.2,32.0,21.6,49.9,14.5,20.2,68.6,93.5,56.1,155.8
0,157.8,70.6,41,28.33,1.759,0.23796,0.17998,0.16445,0.21825,0.32011,0.36012,0.60021,0.15298,0.10725,0.17857,0.04673,0.06086,89.1,70.8,98.2,37.5,33.5,25.5,50.4,14.9,24.4,69.4,94.6,56.8,157.8
0,165.1,64.4,18,23.61,1.718,0.23136,0.16537,0.15032,0.20089,0.31425,0.35353,0.58921,0.14057,0.09804,0.16437,0.04144,0.05894,88.9,70.3,98.2,39.6,35.2,23.7,53.8,15.8,23.5,73.9,100.8,60.5,165.1
0,167.9,66.5,23,23.59,1.762,0.23295,0.16761,0.15313,0.20366,0.31607,0.35558,0.59263,0.14247,0.09987,0.16663,0.0423,0.05937,90.4,71.8,99.8,40.0,35.6,24.1,54.3,15.9,24.0,74.6,101.7,61.0,167.9
0,170.1,81.0,36,28.0,1.957,0.24845,0.18469,0.16974,0.22431,0.33259,0.37416,0.6236,0.15699,0.1107,0.18353,0.04891,0.06366,96.3,77.0,106.3,41.2,36.9,27.0,55.2,16.3,26.8,75.9,103.5,62.1,170.1
0,173.2,76.3,39,25.45,1.916,0.23216,0.17144,0.15975,0.20836,0.31263,0.35171,0.58619,0.14572,0.10418,0.17047,0.04429,0.05935,92.8,75.2,102.5,40.0,35.7,25.5,53.9,15.9,25.2,74.1,101.0,60.6,173.2
0,162.0,51.6,68,19.66,1.524,0.23158,0.15991,0.14591,0.19437,0.3184,0.3582,0.597,0.13592,0.09516,0.15903,0.03815,0.0587,82.0,65.1,90.7,37.8,33.5,21.1,52.0,15.1,20.6,71.5,97.5,58.5,162.0
0,170.6,66.2,60,22.76,1.772,0.22813,0.16826,0.15101,0.20451,0.30994,0.34869,0.58114,0.14302,0.09849,0.16733,0.042,0.05811,92.5,72.2,102.3,39.9,35.5,23.9,54.3,15.9,24.3,74.6,101.7,61.0,170.6
0,160.2,69.0,25,26.91,1.753,0.24397,0.16593,0.16904,0.20134,0.32908,0.37021,0.61702,0.14104,0.11024,0.16473,0.04548,0.06232,83.6,74.0,92.2,39.1,34.9,26.2,52.8,15.5,24.1,72.5,98.9,59.3,160.2
0,168.6,74.6,22,26.23,1.869,0.24204,0.16454,0.16991,0.19986,0.32586,0.36659,0.61099,0.13986,0.11081,0.16352,0.04531,0.06188,85.9,77.1,94.9,40.2,35.9,26.6,54.2,16.0,24.9,74.5,101.5,60.9,168.6
0,163.9,67.5,69,25.14,1.754,0.24256,0.17554,0.175,0.21315,0.32822,0.36924,0.61541,0.1492,0.11413,0.17439,0.04774,0.06188,86.9,75.4,96.0,38.2,34.1,26.0,51.7,15.2,24.9,71.2,97.0,58.2,163.9
0,165.5,77.2,26,28.18,1.884,0.24962,0.18567,0.17422,0.22537,0.33469,0.37653,0.62755,0.15782,0.11362,0.18439,0.05006,0.06392,93.9,76.6,103.6,40.2,35.9,27.1,53.9,15.9,26.6,74.1,101.0,60.6,165.5
0,165.4,61.8,64,22.61,1.686,0.23444,0.1667,0.15032,0.20254,0.3193,0.35921,0.59869,0.1417,0.09803,0.16572,0.04097,0.05966,87.8,68.8,97.0,39.3,34.9,23.0,53.5,15.7,22.7,73.6,100.3,60.2,165.4
0,151.6,57.0,38,24.79,1.549,0.22945,0.17195,0.16439,0.20855,0.3124,0.35145,0.58575,0.14615,0.10721,0.17063,0.04517,0.05839,82.5,68.6,91.0,35.0,31.1,24.2,47.7,14.0,22.8,65.6,89.5,53.7,151.6
0,154.9,38.4,45,16.0,1.285,0.22327,0.14427,0.13953,0.17548,0.31076,0.3496,0.58267,0.12263,0.091,0.14357,0.0337,0.05631,71.8,60.4,79.4,35.4,31.1,19.1,49.2,14.2,17.6,67.7,92.3,55.4,154.9
0,163.2,59.3,63,22.28,1.64,0.23005,0.16635,0.16197,0.2021,0.31387,0.3531,0.5885,0.1414,0.10563,0.16535,0.04396,0.0585,86.4,73.1,95.4,38.0,33.7,24.4,51.9,15.2,24.0,71.3,97.3,58.4,163.2
0,151.0,62.5,21,27.38,1.619,0.24157,0.17525,0.15824,0.21238,0.32681,0.36766,0.61277,0.14896,0.1032,0.17376,0.04394,0.06164,83.4,65.5,91.9,36.6,32.6,23.7,49.5,14.6,22.0,68.1,92.8,55.7,151.0
0,168.2,63.6,41,22.5,1.724,0.23479,0.16018,0.15565,0.19467,0.31953,0.35947,0.59912,0.13615,0.10151,0.15927,0.04104,0.05976,85.1,71.9,94.0,39.7,35.3,23.8,54.0,15.8,22.9,74.3,101.3,60.8,168.2
0,168.4,63.0,25,22.21,1.717,0.24573,0.17712,0.16306,0.21527,0.33466,0.37649,0.62748,0.15055,0.10634,0.17613,0.04509,0.06253,90.9,72.8,100.5,40.1,35.7,24.0,54.7,16.0,24.4,75.2,102.5,61.5,168.4
0,164.7,54.7,69,20.14,1.582,0.22641,0.16028,0.15768,0.19483,0.31059,0.34942,0.58236,0.13624,0.10284,0.15941,0.04178,0.05744,84.6,72.4,93.5,38.0,33.7,23.5,52.2,15.2,23.2,71.8,97.9,58.7,164.7
0,154.9,68.4,34,28.52,1.716,0.2391,0.19052,0.16996,0.23093,0.32192,0.36217,0.60361,0.16194,0.11084,0.18894,0.05026,0.06112,92.8,72.0,102.2,37.1,33.1,26.1,49.9,14.7,25.8,68.6,93.5,56.1,154.9
0,171.9,78.0,51,26.4,1.93,0.23679,0.15759,0.16278,0.19148,0.31818,0.35795,0.59659,0.13395,0.10616,0.15667,0.04365,0.06058,87.8,78.9,97.0,42.0,37.5,27.1,56.4,16.7,25.6,77.6,105.8,63.5,171.9
0,176.4,86.1,37,27.67,2.053,0.23897,0.18465,0.18437,0.22443,0.31927,0.35917,0.59862,0.15695,0.12024,0.18363,0.05416,0.06128,101.8,88.4,112.5,41.9,37.5,30.6,56.0,16.6,31.4,77.0,105.0,63.0,176.4
0,163.5,47.9,33,17.93,1.475,0.22759,0.15566,0.13878,0.18928,0.31428,0.35357,0.58928,0.13231,0.09051,0.15487,0.03582,0.05758,81.6,63.3,90.2,38.0,33.5,20.0,52.4,15.2,19.8,72.1,98.3,59.0,163.5
0,166.0,64.5,27,23.4,1.724,0.2329,0.16333,0.15795,0.19843,0.31642,0.35598,0.59329,0.13883,0.10301,0.16235,0.04156,0.05932,83.8,70.4,92.5,38.0,33.8,23.7,51.7,15.2,22.4,71.0,96.9,58.1,166.0
0,163.9,61.6,51,22.93,1.674,0.23042,0.16454,0.15342,0.19988,0.31372,0.35294,0.58823,0.13986,0.10006,0.16354,0.0411,0.05864,85.1,69.0,94.0,37.9,33.7,23.2,51.6,15.1,22.4,71.0,96.8,58.1,163.9
0,166.1,63.3,60,22.93,1.708,0.22875,0.16604,0.14678,0.20174,0.31118,0.35007,0.58345,0.14113,0.09572,0.16506,0.04016,0.05823,88.5,68.0,97.8,38.8,34.5,22.7,52.8,15.5,22.5,72.6,99.0,59.4,166.1
0,161.7,56.6,27,21.66,1.595,0.22182,0.16559,0.14927,0.20118,0.30333,0.34125,0.56875,0.14075,0.09735,0.1646,0.0409,0.05635,86.9,68.1,95.9,37.0,32.8,22.7,50.6,14.8,22.6,69.6,95.0,57.0,161.7
0,162.3,59.7,47,22.67,1.64,0.23739,0.1734,0.16242,0.21063,0.32364,0.36409,0.60682,0.14739,0.10593,0.17233,0.04553,0.06038,89.7,73.1,99.1,39.1,34.7,24.6,53.3,15.6,24.8,73.3,99.9,60.0,162.3
0,168.7,79.0,47,27.78,1.924,0.23559,0.18367,0.16624,0.22304,0.31577,0.35524,0.59206,0.15612,0.10842,0.18249,0.04836,0.06033,97.0,76.3,107.1,39.6,35.4,26.8,53.1,15.7,26.9,73.0,99.5,59.7,168.7
0,178.5,55.3,68,17.37,1.656,0.23755,0.15798,0.1527,0.19225,0.32709,0.36798,0.61329,0.13429,0.09959,0.1573,0.03934,0.06018,88.0,74.0,97.4,42.1,37.2,22.3,58.0,16.9,23.1,79.8,108.8,65.3,178.5
0,153.0,76.1,42,32.53,1.799,0.239,0.1846,0.16181,0.22347,0.31879,0.35864,0.59774,0.15691,0.10553,0.18284,0.04685,0.06133,89.4,68.1,98.4,36.8,33.0,25.7,49.1,14.6,23.9,67.6,92.1,55.3,153.0
0,161.8,68.3,63,26.11,1.753,0.24033,0.17659,0.1629,0.21434,0.32464,0.36522,0.60871,0.1501,0.10624,0.17537,0.04539,0.06136,88.5,71.0,97.7,38.4,34.2,24.8,51.8,15.3,24.0,71.2,97.1,58.3,161.8
0,154.5,57.0,60,23.87,1.563,0.23761,0.1619,0.15565,0.19647,0.3239,0.36439,0.60731,0.13761,0.10151,0.16075,0.04129,0.06044,79.9,66.8,88.2,37.3,33.2,23.2,50.9,14.9,21.5,70.0,95.4,57.3,154.5
0,173.3,84.3,58,28.05,2.014,0.21859,0.16778,0.16748,0.20384,0.29212,0.32863,0.54772,0.14261,0.10923,0.16678,0.04752,0.05605,95.6,82.9,105.5,39.6,35.5,29.0,53.0,15.7,28.5,72.8,99.3,59.6,173.3
0,158.5,47.2,24,18.79,1.442,0.23198,0.1586,0.14394,0.19278,0.3201,0.36011,0.60018,0.13481,0.09387,0.15773,0.03692,0.05871,78.6,62.1,86.9,36.6,32.3,20.1,50.5,14.7,19.3,69.5,94.7,56.8,158.5
